feature,method,f1_full,roc_auc_full,pr_auc_full,f1_without,roc_auc_without,pr_auc_without,delta_f1,delta_roc_auc,delta_pr_auc,rank,corpus,dataset,detector
iat_min_res,lofo,0.9917538213998391,0.9988320822875381,0.9910135815797572,0.7554948466410034,0.9961397430257115,0.967613086399544,0.23625897475883573,0.0026923392618265485,0.023400495180213143,1,hcrl,RPM,isolation_forest
time_since_last_seen_res,lofo,0.9917538213998391,0.9988320822875381,0.9910135815797572,0.9919533293099979,0.9990316587888799,0.9945376712339382,-0.00019950791015876934,-0.00019957650134183602,-0.0035240896541810507,2,hcrl,RPM,isolation_forest
byte_entropy_res,lofo,0.9917538213998391,0.9988320822875381,0.9910135815797572,0.986,0.9990641045466451,0.9930843821145922,0.005753821399839154,-0.00023202225910701202,-0.0020708005348349934,3,hcrl,RPM,isolation_forest
byte_mean_res,lofo,0.9917538213998391,0.9988320822875381,0.9910135815797572,0.9892688797512786,0.9991839217093474,0.9924647287464533,0.0024849416485605014,-0.00035183942180938566,-0.0014511471666961429,4,hcrl,RPM,isolation_forest
dlc_std_res,lofo,0.9917538213998391,0.9988320822875381,0.9910135815797572,0.9923510466988728,0.99921192979442,0.9935544348860879,-0.0005972252990336102,-0.00037984750688191404,-0.0025408533063306926,5,hcrl,RPM,isolation_forest
dlc_mode_res,lofo,0.9917538213998391,0.9988320822875381,0.9910135815797572,0.9923510466988728,0.99921192979442,0.9935544348860879,-0.0005972252990336102,-0.00037984750688191404,-0.0025408533063306926,6,hcrl,RPM,isolation_forest
byte_max_change_res,lofo,0.9917538213998391,0.9988320822875381,0.9910135815797572,0.9944517300514476,0.9992197362113465,0.9942626111000127,-0.0026979086516084605,-0.000387653923808462,-0.0032490295202555197,7,hcrl,RPM,isolation_forest
window_fill_res,lofo,0.9917538213998391,0.9988320822875381,0.9910135815797572,0.9911540008041817,0.9993692242367241,0.9938962797973527,0.000599820595657441,-0.0005371419491860818,-0.0028826982175955695,8,hcrl,RPM,isolation_forest
byte_var_res,lofo,0.9917538213998391,0.9988320822875381,0.9910135815797572,0.9919549477071601,0.9995061442547676,0.9958606747068031,-0.0002011263073209424,-0.0006740619672295223,-0.004847093127045898,9,hcrl,RPM,isolation_forest
byte_nunique_res,lofo,0.9917538213998391,0.9988320822875381,0.9910135815797572,0.9876790543924672,0.9997003977083296,0.9972568868977495,0.004074767007371971,-0.0008683154207915766,-0.0062433053179923315,10,hcrl,RPM,isolation_forest
iat_max_res,lofo,0.9917538213998391,0.9988320822875381,0.9910135815797572,0.9953572870407751,0.9998386133972323,0.9990656834783566,-0.0036034656409359433,-0.0010065311096942864,-0.008052101898599395,11,hcrl,RPM,isolation_forest
iat_median_res,lofo,0.9917538213998391,0.9988320822875381,0.9910135815797572,0.9953572870407751,0.9998820507627862,0.9994031350571255,-0.0036034656409359433,-0.0010499684752481864,-0.008389553477368361,12,hcrl,RPM,isolation_forest
iat_std_res,lofo,0.9917538213998391,0.9988320822875381,0.9910135815797572,0.9906560835928865,0.9999474713439176,0.9997766756291565,0.0010977378069526589,-0.0011153890563795343,-0.008763094049399345,13,hcrl,RPM,isolation_forest
iat_mean_res,lofo,0.9917538213998391,0.9988320822875381,0.9910135815797572,0.9919517102615694,0.9999659130591465,0.9998650936342495,-0.00019788886173022213,-0.0011338307716084461,-0.008851512054492305,14,hcrl,RPM,isolation_forest
iat_min_res,lofo,0.9456729456729457,0.9994354201275767,0.9955142447665495,0.9454046639231825,0.9955886552810106,0.9560553332486885,0.0002682817497632328,0.0038467648465660975,0.03945891151786096,1,hcrl,gear,isolation_forest
iat_median_res,lofo,0.9456729456729457,0.9994354201275767,0.9955142447665495,0.923499689743817,0.9974532657970432,0.9704384342886446,0.022173255929128666,0.001982154330533503,0.02507581047790486,2,hcrl,gear,isolation_forest
iat_std_res,lofo,0.9456729456729457,0.9994354201275767,0.9955142447665495,0.94578037853159,0.9982769652626625,0.981899882199665,-0.00010743285864434071,0.0011584548649141713,0.01361436256688453,3,hcrl,gear,isolation_forest
iat_mean_res,lofo,0.9456729456729457,0.9994354201275767,0.9955142447665495,0.9589700842826712,0.9985948411916421,0.9868329028393925,-0.013297138609725478,0.0008405789359345883,0.008681341927156971,4,hcrl,gear,isolation_forest
iat_max_res,lofo,0.9456729456729457,0.9994354201275767,0.9955142447665495,0.952633504023409,0.9986244996459412,0.9880172733056162,-0.006960558350463275,0.0008109204816354465,0.0074969714609333105,5,hcrl,gear,isolation_forest
time_since_last_seen_res,lofo,0.9456729456729457,0.9994354201275767,0.9955142447665495,0.9434884984604238,0.9992332921038948,0.9940896126308127,0.0021844472125218672,0.0002021280236819134,0.0014246321357367364,6,hcrl,gear,isolation_forest
dlc_mode_res,lofo,0.9456729456729457,0.9994354201275767,0.9955142447665495,0.9474354310658422,0.9992864634734855,0.9934093904816741,-0.0017624853928964734,0.0001489566540912035,0.0021048542848753904,7,hcrl,gear,isolation_forest
dlc_std_res,lofo,0.9456729456729457,0.9994354201275767,0.9955142447665495,0.9474354310658422,0.9992864634734855,0.9934093904816741,-0.0017624853928964734,0.0001489566540912035,0.0021048542848753904,8,hcrl,gear,isolation_forest
window_fill_res,lofo,0.9456729456729457,0.9994354201275767,0.9955142447665495,0.9262091038406829,0.9994673727780256,0.996539611524309,0.019463841832262796,-3.1952650448863196e-05,-0.0010253667577595493,9,hcrl,gear,isolation_forest
byte_nunique_res,lofo,0.9456729456729457,0.9994354201275767,0.9955142447665495,0.9296805282884169,0.9996032390187912,0.9979029119057403,0.015992417384528834,-0.00016781889121453286,-0.0023886671391908365,10,hcrl,gear,isolation_forest
byte_max_change_res,lofo,0.9456729456729457,0.9994354201275767,0.9955142447665495,0.9247292739215338,0.9996636147871509,0.9986068345483718,0.020943671751411874,-0.00022819465957424345,-0.0030925897818223635,11,hcrl,gear,isolation_forest
byte_entropy_res,lofo,0.9456729456729457,0.9994354201275767,0.9955142447665495,0.9331780723754927,0.9996662826985108,0.9983836370569866,0.012494873297453024,-0.00023086257093407614,-0.002869392290437145,12,hcrl,gear,isolation_forest
byte_mean_res,lofo,0.9456729456729457,0.9994354201275767,0.9955142447665495,0.9132988515823617,0.9997669678046526,0.9989930433414635,0.032374094090584005,-0.00033154767707588295,-0.003478798574914066,13,hcrl,gear,isolation_forest
byte_var_res,lofo,0.9456729456729457,0.9994354201275767,0.9955142447665495,0.9191812246338451,0.9998125299173299,0.9991761908251731,0.02649172103910058,-0.0003771097897532494,-0.0036619460586235775,14,hcrl,gear,isolation_forest
iat_median_res,lofo,0.41572588631412155,0.9665201242405748,0.5195795699045147,0.43157624067883776,0.9455251956631227,0.3867834356217937,-0.015850354364716213,0.02099492857745211,0.13279613428272102,1,road,correlated_signal_attack_1,isolation_forest
iat_mean_res,lofo,0.41572588631412155,0.9665201242405748,0.5195795699045147,0.39768522910539794,0.9458744367011949,0.4097326481843222,0.01804065720872361,0.020645687539379898,0.1098469217201925,2,road,correlated_signal_attack_1,isolation_forest
time_since_last_seen_res,lofo,0.41572588631412155,0.9665201242405748,0.5195795699045147,0.35923992125310283,0.9532390264717095,0.43017118688823786,0.05648596506101872,0.013281097768865213,0.08940838301627685,3,road,correlated_signal_attack_1,isolation_forest
iat_min_res,lofo,0.41572588631412155,0.9665201242405748,0.5195795699045147,0.41083941784681727,0.95652677390542,0.45657413766100874,0.0048864684673042835,0.009993350335154805,0.06300543224350597,4,road,correlated_signal_attack_1,isolation_forest
byte_max_change_res,lofo,0.41572588631412155,0.9665201242405748,0.5195795699045147,0.38186700650857947,0.9576411957589716,0.47719809104445565,0.033858879805542086,0.00887892848160321,0.04238147886005905,5,road,correlated_signal_attack_1,isolation_forest
window_fill_res,lofo,0.41572588631412155,0.9665201242405748,0.5195795699045147,0.3932921116732247,0.958554878378077,0.47471365497716606,0.022433774640896853,0.007965245862497805,0.04486591492734865,6,road,correlated_signal_attack_1,isolation_forest
iat_max_res,lofo,0.41572588631412155,0.9665201242405748,0.5195795699045147,0.4278358399184297,0.9625035023618256,0.4884985805039075,-0.012109953604308166,0.0040166218787491825,0.031080989400607217,7,road,correlated_signal_attack_1,isolation_forest
dlc_mode_res,lofo,0.41572588631412155,0.9665201242405748,0.5195795699045147,0.45229491397443505,0.9648519558753545,0.512259775086324,-0.0365690276603135,0.0016681683652202128,0.0073197948181906725,8,road,correlated_signal_attack_1,isolation_forest
dlc_std_res,lofo,0.41572588631412155,0.9665201242405748,0.5195795699045147,0.45229491397443505,0.9648519558753545,0.512259775086324,-0.0365690276603135,0.0016681683652202128,0.0073197948181906725,9,road,correlated_signal_attack_1,isolation_forest
byte_entropy_res,lofo,0.41572588631412155,0.9665201242405748,0.5195795699045147,0.4793378995433791,0.9654362478550699,0.5038533970909097,-0.06361201322925752,0.0010838763855048894,0.015726172813605,10,road,correlated_signal_attack_1,isolation_forest
byte_nunique_res,lofo,0.41572588631412155,0.9665201242405748,0.5195795699045147,0.457516339869281,0.9724818970969153,0.5505088084587747,-0.041790453555159424,-0.005961772856340586,-0.030929238554259997,11,road,correlated_signal_attack_1,isolation_forest
iat_std_res,lofo,0.41572588631412155,0.9665201242405748,0.5195795699045147,0.43193164856657573,0.9733012750123664,0.5797591728846255,-0.01620576225245418,-0.006781150771791644,-0.060179602980110825,12,road,correlated_signal_attack_1,isolation_forest
byte_mean_res,lofo,0.41572588631412155,0.9665201242405748,0.5195795699045147,0.4443738753043294,0.9783061650430384,0.6395316662826134,-0.028647988990207873,-0.011786040802463593,-0.11995209637809867,13,road,correlated_signal_attack_1,isolation_forest
byte_var_res,lofo,0.41572588631412155,0.9665201242405748,0.5195795699045147,0.4789503707929264,0.9816660178032968,0.6761789390839898,-0.06322448447880485,-0.015145893562722001,-0.15659936917947515,14,road,correlated_signal_attack_1,isolation_forest
iat_median_res,lofo,0.711040676175383,0.9864015668447096,0.6273951537411343,0.5005917159763313,0.9649304725325836,0.4000696660018111,0.21044896019905168,0.021471094312126016,0.2273254877393232,1,road,reverse_light_off_attack_1,isolation_forest
iat_min_res,lofo,0.711040676175383,0.9864015668447096,0.6273951537411343,0.534665455646382,0.9697910128464218,0.4545948556083459,0.176375220529001,0.016610553998287814,0.1728002981327884,2,road,reverse_light_off_attack_1,isolation_forest
iat_max_res,lofo,0.711040676175383,0.9864015668447096,0.6273951537411343,0.6375291375291375,0.9783829749365862,0.530815403322099,0.07351153864624549,0.008018591908123374,0.09657975041903533,3,road,reverse_light_off_attack_1,isolation_forest
iat_std_res,lofo,0.711040676175383,0.9864015668447096,0.6273951537411343,0.7307692307692307,0.9789367408365677,0.538065061258879,-0.019728554593847702,0.0074648260081419116,0.08933009248225532,4,road,reverse_light_off_attack_1,isolation_forest
iat_mean_res,lofo,0.711040676175383,0.9864015668447096,0.6273951537411343,0.6819571865443426,0.9816955754567164,0.5977486329955559,0.02908348963104046,0.004705991387993214,0.029646520745578386,5,road,reverse_light_off_attack_1,isolation_forest
byte_entropy_res,lofo,0.711040676175383,0.9864015668447096,0.6273951537411343,0.6545189504373178,0.9834600159103066,0.5961154077767165,0.05652172573806524,0.002941550934402959,0.03127974596441785,6,road,reverse_light_off_attack_1,isolation_forest
window_fill_res,lofo,0.711040676175383,0.9864015668447096,0.6273951537411343,0.671181339352897,0.9836589498118264,0.5975055575436717,0.03985933682248599,0.0027426170328831434,0.029889596197462565,7,road,reverse_light_off_attack_1,isolation_forest
byte_nunique_res,lofo,0.711040676175383,0.9864015668447096,0.6273951537411343,0.6825678761735601,0.9845564790004547,0.6088522487140604,0.02847280000182295,0.0018450878442548557,0.018542905027073897,8,road,reverse_light_off_attack_1,isolation_forest
dlc_mode_res,lofo,0.711040676175383,0.9864015668447096,0.6273951537411343,0.6547475235564146,0.9879563350962135,0.6734447515869367,0.05629315261896839,-0.001554768251503913,-0.046049597845802426,9,road,reverse_light_off_attack_1,isolation_forest
dlc_std_res,lofo,0.711040676175383,0.9864015668447096,0.6273951537411343,0.6547475235564146,0.9879563350962135,0.6734447515869367,0.05629315261896839,-0.001554768251503913,-0.046049597845802426,10,road,reverse_light_off_attack_1,isolation_forest
time_since_last_seen_res,lofo,0.711040676175383,0.9864015668447096,0.6273951537411343,0.6918335901386748,0.9889634775529318,0.6586490586279361,0.019207086036708176,-0.0025619107082222037,-0.0312539048868018,11,road,reverse_light_off_attack_1,isolation_forest
byte_var_res,lofo,0.711040676175383,0.9864015668447096,0.6273951537411343,0.6525708793849111,0.9900472474211284,0.7104588684785944,0.05846979679047193,-0.003645680576418786,-0.0830637147374601,12,road,reverse_light_off_attack_1,isolation_forest
byte_max_change_res,lofo,0.711040676175383,0.9864015668447096,0.6273951537411343,0.5560335996721983,0.9901882771019012,0.7385070627393393,0.15500707650318468,-0.0037867102571915723,-0.111111908998205,13,road,reverse_light_off_attack_1,isolation_forest
byte_mean_res,lofo,0.711040676175383,0.9864015668447096,0.6273951537411343,0.6114221724524076,0.992835791339511,0.7819802833823372,0.09961850372297543,-0.006434224494801466,-0.15458512964120286,14,road,reverse_light_off_attack_1,isolation_forest
