dataset,feature,family,n_cal,n_test,cal_mean,test_mean,cal_std,test_std,cal_median,test_median,cal_q5,test_q5,cal_q25,test_q25,cal_q50,test_q50,cal_q75,test_q75,cal_q95,test_q95,smd,ks,wasserstein,normalized_wasserstein,abs_smd
DoS,g_active_id_ratio,id_population,17314,17858,0.9553179507912671,0.984386082801359,0.07565642204875163,0.03829287802225411,1.0,1.0,0.8333333333333334,0.875,0.9166666666666666,1.0,1.0,1.0,1.0,1.0,1.0,1.0,0.4847976069552977,0.1944462645924681,0.02906813201009169,0.4847976069472098,0.4847976069552977
DoS,g_n_unique_ids,id_population,17314,17858,22.927630818990412,23.625265987232613,1.8157541291700392,0.9190290725340985,24.0,24.0,20.0,21.0,22.0,24.0,24.0,24.0,24.0,24.0,24.0,24.0,0.4847976069552953,0.1944462645924681,0.6976351682422006,0.4847976069549584,0.4847976069552953
DoS,g_iat_std_across_ids,cross_id,17314,17858,0.04610726920110977,0.0525635724554858,0.025435868065757965,0.01964597880439722,0.05028754800983979,0.05823938669962284,0.004001264043501778,0.015712086840931616,0.02530948842646016,0.038208577324089776,0.05028754800983979,0.05823938669962284,0.06632930677524125,0.06977032868827313,0.08020713042289297,0.07716659482625002,0.2840924664502318,0.17370040859732158,0.008099183967539052,0.3563830661007992,0.2840924664502318
DoS,g_dlc_mean,bus,17314,17858,7.954819799006582,7.947863702542277,0.0285135790168442,0.02635943801887851,7.94,7.94,7.91,7.91,7.94,7.94,7.94,7.94,7.97,7.97,8.0,8.0,-0.2533391823519548,0.10749555685876,0.00695609646430626,0.2533391823427517,0.2533391823519548
DoS,g_iat_cv,bus,17314,17858,1.4972100653222302,1.5986282064138915,0.4321440595178474,0.3713709113584668,1.3024037591996933,1.6723805431688499,1.1834125475920427,1.044050373424163,1.2399774964785748,1.4795407935635696,1.3024037591996933,1.6723805431688499,1.778833623055611,1.8566909647425078,2.2765605446567196,2.0282222608261993,0.2517172701391929,0.451244187570206,0.2483091420500398,0.6162970324095706,0.2517172701391929
DoS,g_iat_min,bus,17314,17858,0.00019929333841386206,0.0001892933373969778,3.7455230559207596e-05,4.370309365894993e-05,0.00022292137145996094,0.0002219676971435547,0.00013709068298339844,0.00013589859008789062,0.0001480579376220703,0.0001380443572998047,0.00022292137145996094,0.0002219676971435547,0.0002269744873046875,0.0002269744873046875,0.0002319812774658203,0.00023508071899414062,-0.24570491743512077,0.14648838636962938,1.1010814429908189e-05,0.2705410908811778,0.24570491743512077
DoS,g_dlc_std,bus,17314,17858,0.4498543941362646,0.5085274941728808,0.25663555133052196,0.22540506409484717,0.5969924622639721,0.5969924622639721,0.0,0.0,0.42320207938997656,0.4232020793899766,0.5969924622639721,0.5969924622639721,0.5969924622639721,0.5969924622639721,0.729314746868593,0.729314746868593,0.24292702494597712,0.1287904607747593,0.058673100036616306,0.24292702494497181,0.24292702494597712
DoS,g_iat_std,bus,17314,17858,0.000943160332702285,0.001046016008406711,0.0005133078973802025,0.00046129021387130196,0.0007153214062017066,0.0009408697451905143,0.0006406269712176308,0.0005620764401230674,0.0006713111753917715,0.0008134633359170153,0.0007153214062017066,0.0009408697451905143,0.0010518771821846783,0.0011646584757852108,0.0021803830756846818,0.0018943380499768536,0.21077300048387107,0.40564760804153227,0.00017873410494740222,0.3662639251879752,0.21077300048387107
DoS,g_burstiness,bus,17314,17858,0.17373001161208979,0.20569347659978043,0.16141636569113826,0.18543918905999202,0.13134342576717628,0.25160391720870945,0.08400354301075408,0.02155143593778766,0.10713472199881126,0.19339978175914757,0.13134342576717628,0.25160391720870945,0.28027385887475653,0.29988991734733955,0.3896043326043031,0.3395469601688745,0.18386373358648023,0.451244187570206,0.08130130408859206,0.4676702391573953,0.18386373358648023
DoS,g_iat_median,bus,17314,17858,0.0003172398384660913,0.00024580826670155036,0.000606339895994179,1.1954227701082962e-05,0.0002429485321044922,0.0002429485321044922,0.0002410411834716797,0.00024056434631347656,0.00024199485778808594,0.00024199485778808594,0.0002429485321044922,0.0002429485321044922,0.0002465248107910156,0.00024700164794921875,0.0002480745315551758,0.0002570152282714844,-0.16657302445633007,0.14440334194442672,7.371382879488193e-05,0.17189507489014474,0.16657302445633007
DoS,g_bus_bytes_per_sec_proxy,bus,17314,17858,14297.788527797966,13747.302362384708,3715.838610069326,4075.726102932218,14633.037394651083,14593.16665498142,6429.543750131738,7608.5324683254175,14464.323180697796,12320.34344234994,14633.037394651083,14593.16665498142,14952.913411434492,14810.777505723247,18209.601460971084,15497.325894064774,-0.14115261927185563,0.13128974429765664,996.9807121785022,0.25564028258888233,0.14115261927185563
DoS,g_frame_rate,bus,17314,17858,1787.7428226909879,1721.5143893171446,459.82887961914855,510.3360016652865,1834.2343264131994,1829.34587575203,802.9924920272366,952.3504401139562,1801.7392025395634,1543.2988055249882,1834.2343264131994,1829.34587575203,1874.517699486868,1856.3077319977403,2265.2881837080477,1929.1700103833034,-0.1363456209881869,0.12874718689025624,122.00351686965107,0.2511707498263893,0.1363456209881869
DoS,g_payload_std_across_ids,cross_id,17314,17858,29.925525195841885,29.802323418446527,1.089112442042034,0.7340796619445239,29.510232279297014,29.51701118665556,28.9866236347067,29.092738625437697,29.288251713678974,29.33308638072167,29.510232279297014,29.51701118665556,30.820631517101358,29.924087287180733,31.830773536023084,31.444688322740085,-0.13265772022739156,0.12859874905743462,0.25832815817935917,0.2781552771321374,0.13265772022739156
DoS,g_n_frames,bus,17314,17858,198.85064109968812,200.0,12.310664524473253,0.0,200.0,200.0,200.0,200.0,200.0,200.0,200.0,200.0,200.0,200.0,200.0,200.0,0.13203502878532367,0.011493589003118863,1.1493589003118863,0.13203502878530907,0.13203502878532367
DoS,g_id_entropy,id_population,17314,17858,2.722581763393527,2.771817556369499,0.4510891464260181,0.44420542934761914,3.037049248790669,3.037049248790669,2.0190054227651206,1.9662034356697728,2.096340864467769,2.165510254585688,3.037049248790669,3.037049248790669,3.0467636960553257,3.050001845143544,3.059825358692153,3.059825358692153,0.10998466656845882,0.1121620340345415,0.05914285927593133,0.13211542384477365,0.10998466656845882
DoS,g_iat_max,bus,17314,17858,0.0051288501734654815,0.005428165694689721,0.0030510125120841746,0.0025073211227682685,0.003991127014160156,0.005038022994995117,0.0029129981994628906,0.002927064895629883,0.003056049346923828,0.0037500858306884766,0.003991127014160156,0.005038022994995117,0.005620002746582031,0.005939006805419922,0.011035919189453125,0.01102900505065918,0.10718817091534455,0.29943030610238225,0.0007332079793300337,0.2625698188163758,0.10718817091534455
DoS,g_new_id_count,id_population,17314,17858,0.339031997227677,0.29504983760779485,0.4733943868447052,0.4560779305916082,0.0,0.0,0.0,0.0,0.0,0.0,0.0,0.0,1.0,1.0,1.0,1.0,-0.09462256776111766,0.04398215961988228,0.04398215961988228,0.09462256776091434,0.09462256776111766
DoS,g_freq_l1_to_calib,cross_id,17314,17858,0.1903524042745525,0.1693283732707733,0.23556829906109827,0.23164261308840375,0.028787108698163325,0.028613838512186664,0.010801085826498786,0.010801085826498786,0.016436409841746553,0.016263139655769893,0.028787108698163325,0.028613838512186664,0.525,0.5124393554349082,0.5473761118170267,0.5658992722652187,-0.08999485391844914,0.08198578306060411,0.02544052791513444,0.1088999817831983,0.08999485391844914
DoS,g_id_dist_cosine_to_calib,cross_id,17314,17858,0.7382807825164096,0.7696344482003279,0.3705788080736241,0.36155807523441125,0.9977077755536806,0.997771657644579,0.18423299259978534,0.1701214527023044,0.20389815065913397,0.20843581327148947,0.9977077755536806,0.997771657644579,0.9989879031639802,0.9990113491843554,0.9996469874762941,0.9996469874762941,0.08564323633139813,0.08188786376858509,0.035419053215992806,0.09674793294613797,0.08564323633139813
DoS,g_dominant_id_frac,id_population,17314,17858,0.20916761402019546,0.19125573972449322,0.22059333186236194,0.2154952601513805,0.055,0.055,0.055,0.055,0.055,0.055,0.055,0.055,0.525,0.51,0.545,0.565,-0.08214225628260823,0.062183000199240945,0.02141252598487855,0.09819593237776678,0.08214225628260823
DoS,g_top3_id_frac,id_population,17314,17858,0.30835856539295975,0.29221441370814205,0.20210422399828512,0.19914161090943452,0.165,0.165,0.165,0.165,0.165,0.165,0.165,0.165,0.595,0.58,0.62,0.64,-0.0804679338010082,0.07364042413685057,0.021010677624898208,0.10472435153196454,0.0804679338010082
DoS,g_n_ids_above_5pct,id_population,17314,17858,10.998036271225597,11.544069884645538,6.949371470324952,6.620090962885537,16.0,16.0,1.0,1.0,1.0,2.0,16.0,16.0,16.0,16.0,16.0,16.0,0.08045608591446372,0.0641961478791146,0.5473218556157333,0.08064590376125838,0.08045608591446372
DoS,g_payload_bus_mean,bus,17314,17858,41.290036343660894,42.01629739355844,12.17281791618053,12.129220303673735,49.21477083333333,49.337260416666666,22.311791666666664,21.027086458333336,24.333807291666666,24.528895833333333,49.21477083333333,49.337260416666666,49.801375,49.83061979166666,50.57603125000001,50.366051041666665,0.05976946251428055,0.07927323496789122,1.372649406689204,0.11296560275389543,0.05976946251428055
DoS,g_id_entropy_norm,id_population,17314,17858,0.8690277583949013,0.8756140871766561,0.1354883125338674,0.1341734822079562,0.9556317831338185,0.9556317831338185,0.6550434642619691,0.6347320347724296,0.680731279389732,0.6904532636770486,0.9556317831338185,0.9556317831338185,0.9597074209437221,0.9597074209437221,0.9812574814108945,0.9628226129766738,0.0488482285602839,0.06633003551835057,0.015398220290885225,0.11420258676864613,0.0488482285602839
DoS,g_id_concentration,id_population,17314,17858,0.13091448487643972,0.12438591282334394,0.13533088842849963,0.13417348220795622,0.04436821686618153,0.04436821686618153,0.018742518589105472,0.03717738702332618,0.04029257905627792,0.04029257905627792,0.04436821686618153,0.04436821686618153,0.319268720610268,0.3095467363229514,0.34494117715236533,0.36526796522757043,-0.04844828181535449,0.06638779224700941,0.01535773266099456,0.11396914270807389,0.04844828181535449
DoS,g_id_count_cv,cross_id,17314,17858,1.0318126505726806,0.9944734998947894,0.8900892963600443,0.8805036609668916,0.46173585516919957,0.46173585516919957,0.3098221852536305,0.42237424158817266,0.4349712633664344,0.4377213725122592,0.46173585516919957,0.46173585516919957,2.2700220260865023,2.248177039055998,2.43041148752644,2.535004930644798,-0.04217638316543417,0.08172371408741397,0.10296944079620354,0.11630898160513649,0.04217638316543417
DoS,g_iat_mean,bus,17314,17858,0.0006475308091855544,0.0006425260066291842,0.0004621408682805188,0.00027118314272766035,0.0005445098876953125,0.0005457621812820434,0.0004407485723495483,0.0005170769691467285,0.0005337211489677429,0.000539419949054718,0.0005445098876953125,0.0005457621812820434,0.0005542886257171631,0.0006471642851829529,0.0012461299896240233,0.0010522028803825376,-0.013209135632040915,0.12917405238892998,8.827828372971867e-05,0.23299217240604583,0.013209135632040915
DoS,g_duration_s,bus,17314,17858,0.12818725056497882,0.12785727977218653,0.09234514972515004,0.05397733742602277,0.10845208168029785,0.10878205299377441,0.0856013298034668,0.10315316915512085,0.10602903366088867,0.10720205307006836,0.10845208168029785,0.10878205299377441,0.10978871583938599,0.12894457578659058,0.24688099622726253,0.2089566946029663,-0.004362697448573738,0.13096462094088862,0.017924411808590827,0.23698699209634308,0.004362697448573738
Fuzzy,g_payload_std_across_ids,cross_id,19843,19399,31.292861080356467,33.512233375883966,1.7676404171332432,0.5106584132027607,31.799949382913887,33.559949391867676,27.187764907958595,32.53323661020848,30.547932281291935,33.334223275861376,31.799949382913887,33.559949391867676,32.57254053572642,33.72328941544913,33.14735185985076,34.273419180580014,1.7058663245979535,0.8052402581461441,2.219485850120367,1.7059536055617903,1.7058663245979535
Fuzzy,g_payload_bus_mean,bus,19843,19399,51.63101492998237,54.018296813116734,2.46585447454102,0.8558018139928482,52.088433712121216,54.03221666666666,46.73067537878788,52.80633958333333,51.16265625,53.63636458333333,52.088433712121216,54.03221666666666,53.10146079545454,54.412075,54.255872499999995,55.290259999999996,1.2934652440076666,0.6930013550336324,2.402517206373182,1.3017199713727807,1.2934652440076666
Fuzzy,g_n_unique_ids,id_population,19843,19399,23.905004283626468,24.928862312490335,1.7610213238189538,0.72627012553789,25.0,25.0,21.0,24.0,23.0,25.0,25.0,25.0,25.0,25.0,25.0,26.0,0.7601185587617711,0.27307792897270533,1.0238580288638668,0.7601185587612069,0.7601185587617711
Fuzzy,g_active_id_ratio,id_population,19843,19399,0.956200171345059,0.9971544924996135,0.07044085295275815,0.029050805021515615,1.0,1.0,0.84,0.96,0.92,1.0,1.0,1.0,1.0,1.0,1.0,1.04,0.7601185587617689,0.27307792897270533,0.04095432115455467,0.7601185587476633,0.7601185587617689
Fuzzy,g_id_entropy,id_population,19843,19399,3.0607399837230544,3.0897945634829305,0.06727183897533903,0.018394498305723265,3.089469847683048,3.089469847683048,2.9425086043423136,3.054428706004278,3.046000629855005,3.089469847683048,3.089469847683048,3.089469847683048,3.089469847683048,3.0959461458594855,3.1019247976688193,3.1229798183914643,0.5891680093882129,0.2996858526712387,0.02905457975987646,0.5891680093762747,0.5891680093882129
Fuzzy,g_id_concentration,id_population,19843,19399,0.03447533659433614,0.03908301046961499,0.011709787137578618,0.005704225516587315,0.03906686987420349,0.04020222718297972,0.013627478466842313,0.028054036126054727,0.029015595565457353,0.037495451783918776,0.03906686987420349,0.04020222718297972,0.04020222718297972,0.04020222718297972,0.0482918121584972,0.050482094897535745,0.5002769004618004,0.2148355310357501,0.005040682027286129,0.5472906392268921,0.5002769004618004
Fuzzy,g_new_id_count,id_population,19843,19399,0.0,0.16794680138151452,0.0,0.49851978654825,0.0,0.0,0.0,0.0,0.0,0.0,0.0,0.0,0.0,0.0,0.0,2.0,0.47643574172944136,0.11356255477086452,0.16794680138151452,0.47643574172808983,0.47643574172944136
Fuzzy,g_id_entropy_norm,id_population,19843,19399,0.9654742678001608,0.9609169895303853,0.013566124511494772,0.005704225516587315,0.9609288222465995,0.9597977728170203,0.951697201707752,0.9495179051024643,0.9597977728170203,0.9597977728170203,0.9609288222465995,0.9597977728170203,0.9709767010634333,0.9625045482160812,0.9863725215331577,0.9719459638739453,-0.43793882944947937,0.2147851354302468,0.00508579142723116,0.48872713325919176,0.43793882944947937
Fuzzy,g_id_count_cv,cross_id,19843,19399,0.40778095240819445,0.4378898127577964,0.09204072686139925,0.03551389996137652,0.43445367987026245,0.44158804326119383,0.26095976698529216,0.37649030781168374,0.38052595176314585,0.4286607049334736,0.43445367987026245,0.44158804326119383,0.44158804326119383,0.44158804326119383,0.5247046692389425,0.5108815909113775,0.4316104208508152,0.21836988689476738,0.036982027753326416,0.5301372545145813,0.4316104208508152
Fuzzy,g_iat_std_across_ids,cross_id,19843,19399,0.0643719459823225,0.09397339409364278,0.0274651958309087,0.10055899666154183,0.0697015802010479,0.06506164135886636,0.003929236072479242,0.028299908246055893,0.04981591662207974,0.04147532547192369,0.0697015802010479,0.06506164135886636,0.08892943038332835,0.08259903350800361,0.09617927968582209,0.3974959157621886,0.4015911526008355,0.15988400068949937,0.036106839373815064,0.48984722592546737,0.4015911526008355
Fuzzy,g_top3_id_frac,id_population,19843,19399,0.180188742640561,0.17142842414557452,0.030227920675567975,0.014760640264813243,0.165,0.165,0.165,0.16,0.165,0.165,0.165,0.165,0.185,0.175,0.245,0.2,-0.3682881254977544,0.1225951156134395,0.008760318494986504,0.3682881254822722,0.3682881254977544
Fuzzy,g_dominant_id_frac,id_population,19843,19399,0.06278037462394352,0.05829862364039386,0.016493573086017205,0.006671450520632085,0.055,0.055,0.055,0.055,0.055,0.055,0.055,0.055,0.065,0.06,0.1,0.07,-0.3562412159944393,0.11128801111406117,0.004481750983549681,0.356241215966124,0.3562412159944393
Fuzzy,g_iat_median,bus,19843,19399,0.0007815282563375488,0.00034769321017685893,0.0016816042913107639,0.0006746176889693016,0.00024199485778808594,0.00024318695068359375,0.00024080276489257812,0.00024008750915527344,0.0002410411834716797,0.00024199485778808594,0.00024199485778808594,0.00024318695068359375,0.0002435445785522461,0.00024449825286865234,0.005489575862884521,0.00041294097900390625,-0.3386184907505344,0.38034242550087577,0.0004353951306899977,0.33983617327378307,0.3386184907505344
Fuzzy,g_iat_mean,bus,19843,19399,0.0013638650865531467,0.0008644562092901069,0.0020314990044364395,0.0010055397608384504,0.0005293655395507813,0.0005178499221801758,0.0005057457685470581,0.00050506591796875,0.0005098003149032593,0.000507199764251709,0.0005293655395507813,0.0005178499221801758,0.0007329374551773072,0.0006438875198364257,0.007122025012969965,0.0027575701475143362,-0.31158033970173804,0.19030208051810765,0.0005003682886857929,0.3121789146437467,0.31158033970173804
Fuzzy,g_duration_s,bus,19843,19399,0.27072449435283236,0.1720227560767673,0.40468687168450285,0.20020622712805008,0.10494208335876465,0.1028451919555664,0.10085701942443848,0.10073494911193848,0.10138547420501709,0.1010599136352539,0.10494208335876465,0.1028451919555664,0.14575886726379395,0.12808549404144287,1.418041205406188,0.5476325988769529,-0.30915778209492556,0.16468062111691417,0.09971871376646863,0.3123431959736774,0.30915778209492556
Fuzzy,g_id_dist_cosine_to_calib,cross_id,19843,19399,0.9867873343310132,0.9921116392343098,0.023093445013352438,0.012315638270361485,0.9962761000862561,0.996572850951824,0.9411032469539304,0.9726567087207715,0.9872150409488849,0.9921689282778972,0.9962761000862561,0.996572850951824,0.9972081813852871,0.9972570149001871,0.9978700335005933,0.9978700335005933,0.28769895808242973,0.10067493923386006,0.005326811384553777,0.287834395848754,0.28769895808242973
Fuzzy,g_freq_l1_to_calib,cross_id,19843,19399,0.05996865081735622,0.04994434415995765,0.04342337046111774,0.02818672676801192,0.039869223403719206,0.038314518973945486,0.028969661845487087,0.02846570579045508,0.034218364158645376,0.03359093887013055,0.039869223403719206,0.038314518973945486,0.07007723126543364,0.057039132187673244,0.15059038451847,0.10542634682255712,-0.27383906838149136,0.09804477130629308,0.01003148767945932,0.27403523599520363,0.27383906838149136
Fuzzy,g_iat_std,bus,19843,19399,0.0016631015211346048,0.0013010091886438556,0.0019746574207568546,0.00142882276548301,0.0007440293730082428,0.0007328176607740291,0.0005819005773966392,0.0004919206901114228,0.0006822312869315867,0.0006016192318850907,0.0007440293730082428,0.0007328176607740291,0.0012772286455116737,0.001129125522662886,0.0064140478902699844,0.004580974252606885,-0.21009302078931513,0.15574531581757461,0.0003853691420945211,0.2235986787616297,0.21009302078931513
Fuzzy,g_n_ids_above_5pct,id_population,19843,19399,14.598548606561508,15.176658590649003,3.2615084957067384,2.8771956879571023,17.0,17.0,9.0,9.0,12.0,13.0,17.0,17.0,17.0,17.0,17.0,17.0,0.18798116757075717,0.0780784553351781,0.5781099840874946,0.18798116757069575,0.18798116757075717
Fuzzy,g_frame_rate,bus,19843,19399,1542.2470174385444,1649.8051059319303,619.9389235719011,527.2862785439482,1891.526870413764,1934.947042405022,140.3163487975465,363.3823151728512,1363.09914095619,1553.649783414424,1891.526870413764,1934.947042405022,1961.8854224205002,1969.128933933509,1972.4593635172664,1975.4812183293768,0.18690143450352092,0.17334866526346465,108.69505063383221,0.188877109768879,0.18690143450352092
Fuzzy,g_bus_bytes_per_sec_proxy,bus,19843,19399,12071.043223022138,12910.914058421507,4851.7237817568475,4121.422588259864,14796.51188501435,15127.071391627644,1099.8505398145057,2836.5853935308955,10650.729054523528,12125.865602567148,14796.51188501435,15127.071391627644,15356.541069834911,15410.780292239338,15436.736562860984,15464.024535231532,0.18657958511016529,0.17505332993697942,847.4217946477811,0.18825705119705755,0.18657958511016529
Fuzzy,g_iat_max,bus,19843,19399,0.00965103655880824,0.007996375674199514,0.012417196906472742,0.009443181858044492,0.003699064254760742,0.003744840621948242,0.0027408599853515625,0.0023241043090820312,0.0030350685119628906,0.002892017364501953,0.003699064254760742,0.003744840621948242,0.008544921875,0.008127927780151367,0.03812289237976074,0.03250002861022949,-0.15000266922931788,0.17308495796336515,0.0019344872068380126,0.1753702207434373,0.15000266922931788
Fuzzy,g_dlc_std,bus,19843,19399,0.8652417593277459,0.8766730826902633,0.08290667327632223,0.07064390879719645,0.8751571287488894,0.8751571287488898,0.6904889571890344,0.7468433570702763,0.8674099376880597,0.8751571287488896,0.8751571287488894,0.8751571287488898,0.896869555732605,0.8968695557326053,0.9848730882707697,0.9848730882707684,0.14842071015709507,0.3998830273287349,0.015227846060137258,0.1977135677737862,0.14842071015709507
Fuzzy,g_iat_min,bus,19843,19399,0.0001834534784121024,0.00018756712482813627,2.7829979070148696e-05,3.15583528305207e-05,0.0001838207244873047,0.0001838207244873047,0.0001399517059326172,0.00013899803161621094,0.00017905235290527344,0.0001728534698486328,0.0001838207244873047,0.0001838207244873047,0.00018596649169921875,0.0002238750457763672,0.0002269744873046875,0.00022792816162109375,0.13826163034986416,0.2089562143189001,1.0541950461403476e-05,0.354320002611591,0.13826163034986416
Fuzzy,g_n_frames,bus,19843,19399,198.99712745048632,200.0,11.505779732575483,0.0,200.0,200.0,200.0,200.0,200.0,200.0,200.0,200.0,200.0,200.0,200.0,200.0,0.12326639252778938,0.010028725495136824,1.0028725495136825,0.12326639252777423,0.12326639252778938
Fuzzy,g_iat_cv,bus,19843,19399,1.4044918024693263,1.4431153608726517,0.3042256044209619,0.3742386735019888,1.3792879054941218,1.4051476546562325,0.9451818473025878,0.9565873796834131,1.1855390995772157,1.1712573671726352,1.3792879054941218,1.4051476546562325,1.5385038139799392,1.5580917148655864,1.952961011200822,2.196695004127857,0.11325441497504589,0.11569397792153946,0.07365661813936927,0.21598054506733205,0.11325441497504589
Fuzzy,g_burstiness,bus,19843,19399,0.1555569834602285,0.1640289170808766,0.10286186553657672,0.11540364908569778,0.15941315657734323,0.16845104717936535,-0.028104374244676062,-0.022186945838929464,0.08489487208910168,0.07887563883750162,0.15941315657734323,0.16845104717936535,0.2121350118491072,0.2181679037114332,0.3227142309169787,0.37435394906682323,0.07750177060474846,0.11569397792153946,0.023587156034188515,0.21577675628949483,0.07750177060474846
Fuzzy,g_dlc_mean,bus,19843,19399,7.78651915134319,7.7874490953141935,0.03471466851949367,0.02784520372955498,7.79,7.79,7.745,7.76,7.775,7.775,7.79,7.79,7.79,7.79,7.835,7.835,0.029552100206032193,0.058006271962884326,0.005327371928127846,0.16929517686952827,0.029552100206032193
RPM,g_active_id_ratio,id_population,18413,18771,0.9431198971740978,0.9805351339832721,0.07831100624160359,0.04086706363208025,1.0,1.0,0.8333333333333334,0.875,0.875,1.0,1.0,1.0,1.0,1.0,1.0,1.0,0.59901843779467,0.2417179867294263,0.03741523680917406,0.5990184377850767,0.59901843779467
RPM,g_n_unique_ids,id_population,18413,18771,22.63487753217835,23.53284321559853,1.8794641497984859,0.980809527169926,24.0,24.0,20.0,21.0,21.0,24.0,24.0,24.0,24.0,24.0,24.0,24.0,0.5990184377946677,0.2417179867294263,0.8979656834201775,0.5990184377942674,0.5990184377946677
RPM,g_iat_max,bus,18413,18771,0.005029025849802428,0.004198544598636766,0.00173857574423353,0.0018011168060583802,0.005588054656982422,0.003525972366333008,0.002198934555053711,0.0012021064758300781,0.004068136215209961,0.0030679702758789062,0.005588054656982422,0.003525972366333008,0.0057849884033203125,0.0055828094482421875,0.007838010787963867,0.007756948471069336,-0.46916597505622737,0.37489860086766724,0.0008927263290910779,0.504330251672616,0.46916597505622737
RPM,g_iat_cv,bus,18413,18771,1.4936099941385523,1.3628465866826458,0.3951377771677171,0.2372394830720673,1.4626360229265425,1.3955312847322467,0.8153355971292668,0.7621287560870074,1.1668333312106718,1.2989538836889807,1.4626360229265425,1.3955312847322467,1.8752097219846908,1.4656190786086962,2.0552278296942608,1.719024790053473,-0.4012427226241204,0.301592675480422,0.20301520766197617,0.6229447231528465,0.4012427226241204
RPM,g_iat_std_across_ids,cross_id,18413,18771,0.027064612688423317,0.03104425749480045,0.013232029989593856,0.0076055115108951375,0.030838912033940333,0.03231392153939178,0.004004550528196211,0.011883191166552285,0.013650348339420663,0.029704350224599933,0.030838912033940333,0.03231392153939178,0.037939090933793225,0.03557557337940234,0.04255632081381926,0.03968629375211507,0.36876203424204507,0.2231640239609347,0.005872271119818112,0.5441366626725708,0.36876203424204507
RPM,g_iat_std,bus,18413,18771,0.0007723085519250187,0.0006987800736137765,0.0002511427698800251,0.0001744639794720555,0.0007623723636724445,0.0007299885206550356,0.00031563691393635536,0.0002818078398674897,0.00055110936427315,0.000665355102355348,0.0007623723636724445,0.0007299885206550356,0.0010214957027244896,0.0007763211020278577,0.0011227535550171058,0.0009756594584610947,-0.34004836109800374,0.2960756958596784,0.00011531727504020888,0.533309693101103,0.34004836109800374
RPM,g_dlc_std,bus,18413,18771,0.48150800461004684,0.5417045444480056,0.22196205221137563,0.14410874239618027,0.5969924622639721,0.5969924622639721,0.0,0.4232020793899766,0.4232020793899766,0.4232020793899766,0.5969924622639721,0.5969924622639721,0.5969924622639721,0.5969924622639721,0.729314746868593,0.729314746868593,0.32168481811252975,0.13110976344810943,0.06019653983795883,0.3216848181108108,0.32168481811252975
RPM,g_burstiness,bus,18413,18771,0.17644875818161165,0.1437544773371837,0.13796262566856027,0.099096591684546,0.18786299862809588,0.16511290569689968,-0.10128441293557731,-0.13498934338054486,0.07699513854644034,0.13003989416600537,0.18786299862809588,0.16511290569689968,0.3043992161316492,0.1888455008387519,0.34538494684172105,0.2644428280399762,-0.27219812129510956,0.301592675480422,0.06387476336369116,0.5317930272989884,0.27219812129510956
RPM,g_payload_std_across_ids,cross_id,18413,18771,32.01492344359419,31.717709556414338,1.3138937896467242,0.987055062405029,32.08368711265097,31.46595102340873,30.57589494073549,30.58678786134906,30.986322885430113,30.91886732658788,32.08368711265097,31.46595102340873,32.87736156329339,32.251538550475786,34.04334073289844,33.86146039767204,-0.2557728243750394,0.19439708870766859,0.41696882947459774,0.35883012130736386,0.2557728243750394
RPM,g_dlc_mean,bus,18413,18771,7.952667680443164,7.947099248841297,0.025281774582475058,0.01989979438831746,7.94,7.94,7.91,7.91,7.94,7.94,7.94,7.94,7.97,7.97,8.0,7.97,-0.24476091083890084,0.11373073775973708,0.005568431601867403,0.2447609108281436,0.24476091083890084
RPM,g_iat_median,bus,18413,18771,0.00024359032518994587,0.00024303632440211885,3.1225383712990574e-06,1.4865249053899194e-06,0.00024390220642089844,0.00024199485778808594,0.0002410411834716797,0.0002410411834716797,0.00024199485778808594,0.00024199485778808594,0.00024390220642089844,0.00024199485778808594,0.0002448558807373047,0.000244140625,0.00024700164794921875,0.0002459287643432617,-0.22654774874119507,0.228143455415671,7.260057114669763e-07,0.29688566489668866,0.22654774874119507
RPM,g_id_entropy,id_population,18413,18771,2.7826576055301837,2.8239904888363108,0.24395823071848052,0.23544058124515596,2.6702349197647477,3.0365940751615077,2.493627575425863,2.526284734659426,2.551645672227787,2.5806810586842124,2.6702349197647477,3.0365940751615077,3.040287397878888,3.044256521620455,3.056587209603934,3.0572091179733305,0.17240910848526725,0.13693210970609493,0.041332934016853416,0.1724093200108299,0.17240910848526725
RPM,g_iat_min,bus,18413,18771,0.0001932486105941518,0.00019888143471857094,3.563755645805307e-05,3.402273915060628e-05,0.00021004676818847656,0.00021505355834960938,0.00013494491577148438,0.00013685226440429688,0.0001468658447265625,0.00018715858459472656,0.00021004676818847656,0.00021505355834960938,0.0002238750457763672,0.0002231597900390625,0.0002269744873046875,0.0002269744873046875,0.16167922401101914,0.14110871831441762,5.803307047050595e-06,0.16657259882585906,0.16167922401101914
RPM,g_n_frames,bus,18413,18771,198.91924184000433,200.0,11.940709382214914,0.0,200.0,200.0,200.0,200.0,200.0,200.0,200.0,200.0,200.0,200.0,200.0,200.0,0.12800100886700866,0.010807581599956552,1.0807581599956553,0.12800100886699203,0.12800100886700866
RPM,g_payload_bus_mean,bus,18413,18771,56.256602363765076,55.50496164406975,6.515358977388127,6.719581165924959,59.25260416666666,50.1143125,48.55106666666667,48.396875,49.44102083333333,49.171197916666664,59.25260416666666,50.1143125,62.697895833333334,62.483635416666665,63.972333333333324,63.897166666666664,-0.11357078221619189,0.1150784952747056,0.7627641157074765,0.1152514958242833,0.11357078221619189
RPM,g_freq_l1_to_calib,cross_id,18413,18771,0.19477765008898465,0.1788046338877987,0.14434552955836777,0.14482459085839364,0.2840471406071797,0.052923749524792243,0.03571254005322327,0.035924075381523916,0.04141286047900939,0.03984576114701567,0.2840471406071797,0.052923749524792243,0.33599522076793564,0.33274018356595886,0.3526508988214845,0.3459952207679357,-0.1104747216526214,0.08881544261513113,0.01601520091689147,0.11076648525284725,0.1104747216526214
RPM,g_top3_id_frac,id_population,18413,18771,0.3105105198074026,0.29557508923339193,0.13821465280252196,0.1364299877261997,0.395,0.175,0.165,0.165,0.165,0.165,0.395,0.175,0.445,0.44,0.465,0.455,-0.10875956093555703,0.09348043415726737,0.014935430574010686,0.10875956093476534,0.10875956093555703
RPM,g_dominant_id_frac,id_population,18413,18771,0.21051936507606928,0.19661126205316712,0.14954188779191377,0.14829423342995376,0.305,0.06,0.055,0.055,0.055,0.055,0.305,0.06,0.355,0.355,0.375,0.365,-0.09339351409767108,0.09273245023341015,0.013908103022902154,0.09339351409704391,0.09339351409767108
RPM,g_id_dist_cosine_to_calib,cross_id,18413,18771,0.7267634946255441,0.7489817306576798,0.2525554553668081,0.25253340603979774,0.5548227275116596,0.9867140113344889,0.4537046671319689,0.4630866128218648,0.4778011318890597,0.4806073685244361,0.5548227275116596,0.9867140113344889,0.9886574986459332,0.9891458284878675,0.9914217556701505,0.9912724552246799,0.08797753309819645,0.08767710242914584,0.02223189451302436,0.0880316165747142,0.08797753309819645
RPM,g_n_ids_above_5pct,id_population,18413,18771,8.489599739314615,9.003569335677374,7.276458079805368,7.354936153407344,5.0,16.0,1.0,1.0,1.0,1.0,5.0,16.0,16.0,16.0,16.0,16.0,0.07025471327289128,0.04494599134289745,0.51396959636276,0.07025471327288174,0.07025471327289128
RPM,g_frame_rate,bus,18413,18771,1995.2734292288776,2013.789534259979,262.512506272978,281.4048531554537,1883.1877983845495,1878.246605428614,1679.6149250679505,1769.1183506574787,1828.9610549543015,1832.2613343753223,1883.1877983845495,1878.246605428614,2148.1904134409488,2157.006212650268,2555.906448163378,2684.0394888318638,0.06804322574035569,0.07747216453801575,29.179680682288943,0.10722987347292909,0.06804322574035569
RPM,g_iat_mean,bus,18413,18771,0.0005088422631437444,0.0005051335247061743,5.968006387546296e-05,6.161966684072783e-05,0.0005324804782867432,0.0005323660373687745,0.00039124488830566406,0.0003724974393844604,0.0004661250114440918,0.0004641199111938477,0.0005324804782867432,0.0005323660373687745,0.0005455493927001953,0.000545005202293396,0.0005939891338348389,0.0005653846263885498,-0.06114217024820059,0.06803402257213914,6.265033133287944e-06,0.10328517973944702,0.06114217024820059
RPM,g_bus_bytes_per_sec_proxy,bus,18413,18771,15954.387588664667,16085.925196980565,2161.128937462794,2262.1682181586357,15032.194093246006,14977.332934570697,13497.97699310352,14176.651141610935,14592.111609402145,14615.35790820301,15032.194093246006,14977.332934570697,17161.64550497672,17254.842242256585,20485.472091475847,21463.366284944863,0.05945940333675275,0.07963202648975143,232.664455930699,0.1051721245690129,0.05945940333675275
RPM,g_id_count_cv,cross_id,18413,18771,0.9755263737775359,0.9651565479099466,0.556418324672473,0.5489978537597839,1.2417729259778536,0.463033476056045,0.2529822127881721,0.42379240195748674,0.4418144406344727,0.4485532297862897,1.2417729259778536,0.463033476056045,1.5257784896682742,1.549838701098769,1.6257921144370304,1.628004913802137,-0.018761426573644758,0.07488669190443342,0.05729723113048267,0.10366401600682457,0.018761426573644758
RPM,g_id_entropy_norm,id_population,18413,18771,0.8928423434976588,0.8939762332758732,0.06939807253873767,0.06846051875086817,0.8669496044891375,0.9554885591189151,0.8082554277044169,0.8077574238055237,0.8248796493003155,0.8216637213989434,0.8669496044891375,0.9554885591189151,0.9586885114912462,0.9578996090469487,0.987533206964085,0.9619752468568524,0.016449661156879538,0.05894099779520856,0.0067842750703213,0.09842140589359102,0.016449661156879538
RPM,g_id_concentration,id_population,18413,18771,0.10710334704706505,0.10602376672412687,0.06908992037576159,0.06846051875086819,0.13275797098609055,0.04451144088108494,0.012466793035915025,0.03802475314314757,0.04131148850875377,0.04210039095305129,0.13275797098609055,0.04451144088108494,0.17512035069968446,0.1783362786010566,0.19173636445552195,0.19224257619447627,-0.015697063970619103,0.05899530725048471,0.006741968143762236,0.09802800494820983,0.015697063970619103
RPM,g_duration_s,bus,18413,18771,0.10059565892595305,0.10051750704931099,0.012753734154960039,0.01227988400571046,0.10517597198486328,0.10594987869262695,0.07548837661743164,0.0741419792175293,0.09231901168823242,0.09225749969482422,0.10517597198486328,0.10594987869262695,0.10878396034240723,0.10860896110534668,0.11606278419494627,0.11248540878295898,-0.006242635753262686,0.08627029629275429,0.0012884128324930073,0.10291617243279173,0.006242635753262686
RPM,g_new_id_count,id_population,18413,18771,0.0,0.0,0.0,0.0,0.0,0.0,0.0,0.0,0.0,0.0,0.0,0.0,0.0,0.0,0.0,0.0,0.0,0.0,0.0,0.0,0.0
gear,g_active_id_ratio,id_population,18825,18493,0.947808764940239,0.9785549487193353,0.07772484599982893,0.03587860617711927,1.0,1.0,0.8333333333333334,0.9166666666666666,0.875,0.9583333333333334,1.0,1.0,1.0,1.0,1.0,1.0,0.5079264875587554,0.21323769971754147,0.0307461837790962,0.5079264875503624,0.5079264875587554
gear,g_n_unique_ids,id_population,18825,18493,22.747410358565737,23.485318769264047,1.8653963039958943,0.8610865482508623,24.0,24.0,20.0,22.0,21.0,23.0,24.0,24.0,24.0,24.0,24.0,24.0,0.5079264875587542,0.21323769971754147,0.7379084106983088,0.5079264875584037,0.5079264875587542
gear,g_iat_std,bus,18825,18493,0.0007599949849624008,0.0006545325992276058,0.00024309574647443462,0.00017789739575877178,0.0007531786201493104,0.0006909419456686732,0.00041002236029649616,0.0002611645502127457,0.0005969181938051432,0.0006403671359107026,0.0007531786201493104,0.0006909419456686732,0.0008637171129939026,0.0007324994360939011,0.001219967308449453,0.0009026438096398315,-0.4951148611622219,0.3373030777447178,0.00011710083665711008,0.5497539602135613,0.4951148611622219
gear,g_iat_mean,bus,18825,18493,0.0005286044984250648,0.0004976533704404027,7.62272903279203e-05,6.405749928312266e-05,0.0005391097068786621,0.0005307245254516602,0.00040110182762146,0.00036534595489501955,0.0004995894432067871,0.0004543805122375488,0.0005391097068786621,0.0005307245254516602,0.0005475795269012452,0.0005443358421325684,0.0006340723037719727,0.0005489964485168457,-0.43961027229093497,0.1582152911093957,3.102658925345481e-05,0.4406820702302361,0.43961027229093497
gear,g_dlc_std,bus,18825,18493,0.47904339874786295,0.5559629324773655,0.22080691414642217,0.1250600312550422,0.5969924622639721,0.5969924622639721,0.0,0.4232020793899766,0.4232020793899766,0.5969924622639721,0.5969924622639721,0.5969924622639721,0.5969924622639721,0.5969924622639721,0.729314746868593,0.729314746868593,0.42867009830182085,0.1471148230309175,0.07691953372950264,0.42867009829943237,0.42867009830182085
gear,g_iat_cv,bus,18825,18493,1.415200270516915,1.2933962230007177,0.3109843356314753,0.26301604307879795,1.4699972499861362,1.3044164135578704,0.9808465606879841,0.7127348663152091,1.1867327544906405,1.2362154766225404,1.4699972499861362,1.3044164135578704,1.6356619221310393,1.420876093547992,1.8962730933771494,1.6798176870459804,-0.4229298334163202,0.3151587955932359,0.14545475785016967,0.5050501831541299,0.4229298334163202
gear,g_frame_rate,bus,18825,18493,1928.526629051088,2048.3795169086206,271.77370213278,304.5346299787103,1856.2375510113309,1883.4682661106522,1574.1860402125521,1816.8123730502512,1823.5466883394943,1835.0327821638296,1856.2375510113309,1883.4682661106522,1999.517279378297,2201.374354159359,2488.6816524292976,2738.3262830165777,0.4152627948059346,0.15843853770735122,119.85807816042018,0.41528077801619645,0.4152627948059346
gear,g_bus_bytes_per_sec_proxy,bus,18825,18493,15417.036755913485,16358.7843242284,2168.383595412063,2446.863601892771,14807.089808857725,15025.51361545559,12656.318648159324,14491.383549587978,14556.93506311851,14632.021581532676,14807.089808857725,15025.51361545559,15999.214210956703,17583.91390202463,19927.026297360484,21891.802867112114,0.40736187375469973,0.15856289903742343,941.7709190020513,0.40737197431666045,0.40736187375469973
gear,g_duration_s,bus,18825,18493,0.10447013014024631,0.09903289760834451,0.01577342526622419,0.012769502310070782,0.10713696479797363,0.10565614700317383,0.0766932487487793,0.07267212867736816,0.09903693199157715,0.09039807319641113,0.10713696479797363,0.10565614700317383,0.10907602310180664,0.1084449291229248,0.12281279563903809,0.10953249931335449,-0.37889380029551917,0.14967359746830727,0.005846781531316656,0.40743324122078556,0.37889380029551917
gear,g_payload_std_across_ids,cross_id,18825,18493,29.375870466837622,29.03660760686508,0.9345706226814088,0.8698765590377981,29.276099056425984,28.93818886118742,28.140295108377337,27.93859166630939,28.77816610173249,28.28896393118453,29.276099056425984,28.93818886118742,29.814130269743405,29.546837833658135,31.41270296487501,30.718227340393618,-0.3757882503141233,0.19121049140376795,0.3440103333386239,0.38104684157180985,0.3757882503141233
gear,g_burstiness,bus,18825,18493,0.1573015833515466,0.11494156254219848,0.11536207179821696,0.11484949631632095,0.1902832386780497,0.13210226097493805,-0.009615512639060709,-0.16772144866086217,0.08539434604881038,0.10563262548766826,0.1902832386780497,0.13210226097493805,0.24117807783650297,0.1738537726861447,0.30945797593375846,0.2536814229534447,-0.3680085771283942,0.3151587955932359,0.05233553797408884,0.45467227104562286,0.3680085771283942
gear,g_dlc_mean,bus,18825,18493,7.953155378486054,7.9453225544800725,0.025251992340942175,0.018469448735271083,7.94,7.94,7.91,7.91,7.94,7.94,7.94,7.94,7.97,7.94,8.0,7.97,-0.35407071870648227,0.1288412506537595,0.007832824005982196,0.35407071869051815,0.35407071870648227
gear,g_iat_std_across_ids,cross_id,18825,18493,0.027418567979513156,0.030277050075056735,0.012357362352495582,0.005670568505008781,0.03178185185230623,0.0308537831524808,0.0039981002781537284,0.020205637034293546,0.02011146235158093,0.029688099218596126,0.03178185185230623,0.0308537831524808,0.03632376066451879,0.03410273076237396,0.04216778915809467,0.03734541192557949,0.2973235377683616,0.22127865904395538,0.005752086783611286,0.598300333782861,0.2973235377683616
gear,g_iat_max,bus,18825,18493,0.004706256088824228,0.00416607023387759,0.002073164104525579,0.0017626390473241195,0.004914999008178711,0.003959178924560547,0.002017974853515625,0.001157999038696289,0.002991914749145508,0.0032510757446289062,0.004914999008178711,0.003959178924560547,0.005836009979248047,0.005485057830810547,0.008426904678344727,0.0062770843505859375,-0.28073621229527745,0.3049666213747724,0.0006852634645130994,0.3561334818194586,0.28073621229527745
gear,g_iat_min,bus,18825,18493,0.00015318576716490158,0.00014830282817038774,2.907531412299611e-05,2.347312349906097e-05,0.00013899803161621094,0.0001380443572998047,0.00013685226440429688,0.00013494491577148438,0.00013709068298339844,0.00013709068298339844,0.00013899803161621094,0.0001380443572998047,0.0001468658447265625,0.00014591217041015625,0.00022602081298828125,0.00021696090698242188,-0.18479804647886283,0.1177153323654498,4.908674269559503e-06,0.18577200790436366,0.18479804647886283
gear,g_id_concentration,id_population,18825,18493,0.10005345738983963,0.11080857215729342,0.06919601612099954,0.06946283670727109,0.04436821686618153,0.10153288236566382,0.010001070214163188,0.03818612299804014,0.041081481500575445,0.04131148850875377,0.04436821686618153,0.10153288236566382,0.17274112925897667,0.17994093609031647,0.19121451208982163,0.1962517305839524,0.15513030196787025,0.11069581405088569,0.010755114767453786,0.1551303019656326,0.15513030196787025
gear,g_id_entropy_norm,id_population,18825,18493,0.8998934217602268,0.8891914278427068,0.06950236746229518,0.06946283670727109,0.9556317831338185,0.8984671176343362,0.8087288164424716,0.8037482694160476,0.8272525602603349,0.8200590639096835,0.9556317831338185,0.8984671176343362,0.9589185184994246,0.9586885114912462,0.9899989297858368,0.9618138770019599,-0.15402407456555145,0.11064269320095205,0.010783544923954023,0.15519776410123867,0.15402407456555145
gear,g_id_count_cv,cross_id,18825,18493,0.9210735738854949,1.0017998800542283,0.5565430213311462,0.554313201854776,0.46173585516919957,0.9993497884976504,0.2280350849970241,0.4349712633664344,0.4418144406344727,0.4485532297862897,0.46173585516919957,0.9993497884976504,1.5067514723737732,1.5564061164885108,1.622716856490736,1.6486206353721498,0.14534039932667386,0.11754069107229759,0.08072630616873337,0.14534039932641227,0.14534039932667386
gear,g_n_frames,bus,18825,18493,198.94289508632139,200.0,11.81037223277757,0.0,200.0,200.0,200.0,200.0,200.0,200.0,200.0,200.0,200.0,200.0,200.0,200.0,0.12658128603487273,0.010571049136786189,1.0571049136786188,0.1265812860348581,0.12658128603487273
gear,g_id_dist_cosine_to_calib,cross_id,18825,18493,0.7565846131053474,0.738475245789786,0.24619350428354536,0.25013540337732726,0.9601246946102932,0.6960055611020894,0.4673871778062771,0.46508233621510137,0.49155038182021915,0.486662510098596,0.9601246946102932,0.6960055611020894,0.9903970626381111,0.990437073478941,0.992764280483717,0.9929491616422553,-0.0729709509951562,0.07260043479356787,0.0183128846182698,0.07379101559810074,0.0729709509951562
gear,g_dominant_id_frac,id_population,18825,18493,0.19568206070654728,0.2063615962796734,0.147670169046295,0.1495573024230932,0.065,0.23,0.055,0.055,0.055,0.055,0.065,0.23,0.355,0.355,0.375,0.375,0.07185957794286638,0.06348718861284086,0.011313661101690143,0.0761264294859807,0.07185957794286638
gear,g_n_ids_above_5pct,id_population,18825,18493,9.100557768924302,8.600497485535067,7.279798457614052,7.344812641273179,16.0,6.0,1.0,1.0,1.0,1.0,16.0,6.0,16.0,16.0,16.0,16.0,-0.0683854550108454,0.058355446793729615,0.5000602833892357,0.06838545501083612,0.0683854550108454
gear,g_iat_median,bus,18825,18493,0.0002445406109529979,0.00024427518910097724,6.0694096491896215e-06,1.6512873079544403e-06,0.00024402141571044922,0.00024390220642089844,0.00024199485778808594,0.00024199485778808594,0.0002429485321044922,0.0002429485321044922,0.00024402141571044922,0.00024390220642089844,0.0002460479736328125,0.0002454519271850586,0.000247955322265625,0.00024700164794921875,-0.05967589265383457,0.07973056672892054,3.450135180685234e-07,0.07757079864573574,0.05967589265383457
gear,g_top3_id_frac,id_population,18825,18493,0.2965440597539864,0.3045538852538799,0.13615611978723555,0.1376363244825822,0.195,0.325,0.165,0.165,0.165,0.165,0.195,0.325,0.44,0.44,0.46,0.46,0.05850934614222932,0.05032513002120109,0.009346837767339852,0.06827581528059841,0.05850934614222932
gear,g_payload_bus_mean,bus,18825,18493,50.42530053006434,50.25314413674543,3.3708100102922556,3.2290507841313145,50.47116666666667,50.558458333333334,46.15780416666667,45.88828333333333,47.09989583333334,46.939437500000004,50.47116666666667,50.558458333333334,53.52664583333333,53.25035416666667,55.01,54.5110875,-0.05215767423067371,0.06389526807781754,0.2853418080821755,0.0864490988886353,0.05215767423067371
gear,g_freq_l1_to_calib,cross_id,18825,18493,0.17774327733317413,0.18522884327431885,0.1432275749677172,0.14629217263022418,0.11796148738379814,0.2062350597609562,0.032602921646746344,0.032602921646746344,0.037602921646746335,0.037602921646746335,0.11796148738379814,0.2062350597609562,0.32968127490039834,0.3312350597609561,0.34859893758300137,0.34968127490039835,0.051707330365068964,0.06979819721456648,0.008841807013733655,0.06107570755167745,0.051707330365068964
gear,g_id_entropy,id_population,18825,18493,2.8085779806401385,2.8073807956140073,0.2376401637626166,0.23861061796277688,2.9157308813649485,2.8396634026878433,2.5015513684441895,2.519471217455155,2.571215666902095,2.5702741289978523,2.9157308813649485,2.8396634026878433,3.044256521620455,3.0467636960553257,3.0566962758878864,3.0566962758878864,-0.005027529976217416,0.06289421021370634,0.016576120389744736,0.06961074548166594,0.005027529976217416
gear,g_new_id_count,id_population,18825,18493,0.0,0.0,0.0,0.0,0.0,0.0,0.0,0.0,0.0,0.0,0.0,0.0,0.0,0.0,0.0,0.0,0.0,0.0,0.0,0.0,0.0
