feature,source_mean,target_mean,source_std,target_std,source_median,target_median,smd,abs_smd
byte_mean,50.32072676685932,66.60559012999197,32.118401531972516,32.39985152174816,55.17916666666667,75.61666666666666,0.5048093413766084,0.5048093413766084
byte_max_change,94.2881879997537,127.98183963737274,100.45049947094834,103.48154928678471,52.0,160.0,0.3304034930134095,0.3304034930134095
byte_var,4893.568311219078,6111.954370843421,3723.11111371288,3741.3336188768544,4543.681597222223,5793.4375,0.32644958137088875,0.32644958137088875
byte_entropy,2.47582926183226,2.8308249744844622,1.352005931205073,0.909468311660139,2.8515404645455713,3.2495989539977046,0.3081069800633621,0.3081069800633621
byte_nunique,22.121605633307237,17.491824379188195,22.274664713446946,10.064550423498499,11.0,17.0,-0.2678690615552264,0.2678690615552264
iat_max,0.014452479597062095,0.01676690982345438,0.026205825942884252,0.03233035437670925,0.01106882095336914,0.011394023895263672,0.0786476058663639,0.0786476058663639
time_since_last_seen,0.013089236267920796,0.015044035696778896,0.022519609227943663,0.02999390740812049,0.010018110275268555,0.010035991668701172,0.07370654801102446,0.07370654801102446
iat_mean,0.013123780668997755,0.015147034105654609,0.023262765516478,0.03158993637442812,0.009998379082515323,0.010001585401337722,0.07293477362622437,0.07293477362622437
iat_median,0.013109844521027158,0.015113146261515309,0.02319358244606802,0.031557111407648254,0.010004043579101562,0.010003089904785156,0.07233990149226906,0.07233990149226906
iat_min,0.012067762522453705,0.013813477574456258,0.02314834809360543,0.031346146103750375,0.00912022590637207,0.009073972702026367,0.06335653399740326,0.06335653399740326
dlc_mode,7.783479649193796,7.754236153866745,0.8850678777306283,0.8573106123939505,8.0,8.0,-0.03356306956058377,0.03356306956058377
iat_std,0.0006799462640063711,0.0006630271618146614,0.0015077253649162532,0.0010776192771807705,0.00047041184147701546,0.00053024673037574,-0.0129110216405059,0.0129110216405059
dlc_std,0.0,0.0,0.0,0.0,0.0,0.0,0.0,0.0
window_fill,1.0,1.0,0.0,0.0,1.0,1.0,0.0,0.0
