capture,attack_type,detector,delta_f1,delta_roc_auc,delta_pr_auc,delta_recall,raw_f1,residual_f1,raw_roc_auc,residual_roc_auc,residual_fpr,raw_fpr
correlated_signal_attack_1,correlated_signal_attack,autoencoder,0.4905977679253936,0.16752554392329444,0.17181756031589568,0.999377141077546,0.0,0.4905977679253936,0.7739739579286984,0.9414995018519928,0.1837184931884617,0.0098450168220175
correlated_signal_attack_1,correlated_signal_attack,elliptic_envelope,0.501211221380011,0.17020266756140856,0.24335028207266907,0.998754282155092,0.0,0.501211221380011,0.7711709811295664,0.941373648690975,0.175914180133473,0.0178423694225359
correlated_signal_attack_1,correlated_signal_attack,hbos,0.4618488363714965,0.5394532311394904,0.3245935556102479,0.9981314232326378,0.0,0.4618488363714965,0.3934024670895357,0.932855698229026,0.2058077326126523,0.0137333848105454
correlated_signal_attack_1,correlated_signal_attack,isolation_forest,0.5332223147377185,0.1553750026559364,0.32308077374389066,0.9971971348489568,0.0,0.5332223147377185,0.8033469812529632,0.9587219839088996,0.154348905190006,0.014422811758866
correlated_signal_attack_1,correlated_signal_attack,lof,0.3726412355571039,0.4560109793699926,0.3197278165976023,0.999377141077546,0.0,0.3726412355571039,0.4853589935223668,0.9413699728923594,0.2979151729082786,0.0147813137719927
correlated_signal_attack_1,correlated_signal_attack,one_class_svm,0.3390528483184625,0.16412382848304552,0.2339067587309289,1.0,0.0,0.3390528483184625,0.7810214085897332,0.9451452370727788,0.3452374386410016,0.0153328553306491
fuzzing_attack_1,fuzzing_attack,autoencoder,0.1348737915436803,-0.13067776463901715,-0.12349343402630153,0.2156685725749825,0.1109567472446049,0.2458305387882852,0.5893287040382093,0.4586509393991921,0.3557940547318728,0.0084458213469056
fuzzing_attack_1,fuzzing_attack,elliptic_envelope,0.01914849802666349,-0.11785408780644807,-0.1462564988926494,0.13792757548400042,0.2294375747905863,0.2485860728172498,0.603667278425182,0.4858131906187339,0.3632809618647193,0.0416021243637973
fuzzing_attack_1,fuzzing_attack,hbos,0.09641345543473649,-0.11445013361587625,-0.08517930351048814,0.12237937606580399,0.1064233444755623,0.2028367999102988,0.6018701920040049,0.4874200583881287,0.2234638931917091,0.0188463524378549
fuzzing_attack_1,fuzzing_attack,isolation_forest,0.09718173282189518,-0.08648018009772918,-0.09184511805636136,0.11535760858661862,0.1083771081006358,0.205558840922531,0.5884999195669888,0.5020197394692596,0.1918934867596075,0.0108431068820535
fuzzing_attack_1,fuzzing_attack,lof,0.2202853488521781,-0.020763773909934502,0.016869978710589095,0.2824756745912328,0.02937874251497,0.2496640913671481,0.4787004351684513,0.4579366612585168,0.40104742937228,0.0207272995500479
fuzzing_attack_1,fuzzing_attack,one_class_svm,0.07711003229613919,-0.1433499576355065,-0.15138881050957653,0.2026281472564951,0.1768754901106561,0.2539855224067953,0.6103096999829072,0.4669597423474007,0.4018219370067124,0.0181824887511986
max_engine_coolant_temp_attack,max_engine_coolant_temp_attack,autoencoder,-0.33011728175679467,0.005280283459676016,0.6124213318571285,0.2647058823529411,0.5415162454873645,0.2113989637305699,0.994719716540324,1.0,0.0547876169906407,0.0071994240460763
max_engine_coolant_temp_attack,max_engine_coolant_temp_attack,elliptic_envelope,-0.3329094161316005,0.007548807860077167,0.6999083356557014,0.16666666666666663,0.5501618122977346,0.2172523961661341,0.9924511921399228,1.0,0.0529157667386609,0.0087832973362131
max_engine_coolant_temp_attack,max_engine_coolant_temp_attack,hbos,0.2639068564036222,0.1943886841993816,0.9782541718320471,1.0,0.0,0.2639068564036222,0.8056113158006184,1.0,0.0409647228221742,0.0121670266378689
max_engine_coolant_temp_attack,max_engine_coolant_temp_attack,isolation_forest,0.2659713168187744,0.023335309645816427,0.8682243848486901,1.0,0.0,0.2659713168187744,0.9766646903541836,1.0,0.0405327573794096,0.0095752339812814
max_engine_coolant_temp_attack,max_engine_coolant_temp_attack,lof,0.1783216783216783,0.23021852369457496,0.984332575550826,1.0,0.0,0.1783216783216783,0.769781476305425,1.0,0.0676745860331173,0.0118790496760259
max_engine_coolant_temp_attack,max_engine_coolant_temp_attack,one_class_svm,0.1447518914502895,0.005659311960925395,0.10530546176212832,0.9705882352941178,0.025531914893617,0.1702838063439065,0.9853054108612488,0.9909647228221742,0.0715622750179985,0.0093592512598992
max_speedometer_attack_1,max_speedometer_attack,autoencoder,0.17813432887621483,0.0803684623512313,0.05844197887236044,0.9991863303498779,0.0004864108956040615,0.1786207397718189,0.7803763433688581,0.8607448057200894,0.6707713306529383,0.17101612687862558
max_speedometer_attack_1,max_speedometer_attack,elliptic_envelope,0.14084183354186236,-0.08534128065685376,-0.1468001401310543,0.9688771358828315,0.04261838440111421,0.18346021794297657,0.9354545561764211,0.8501132755195674,0.6492292627924573,0.03131908075308221
max_speedometer_attack_1,max_speedometer_attack,hbos,0.2603399883493089,0.20583234658147864,0.7127390507614165,1.0,0.0,0.2603399883493089,0.7827782248804831,0.9886105714619617,0.41443259202112664,0.02913816892423186
max_speedometer_attack_1,max_speedometer_attack,isolation_forest,0.252659711157938,0.23640199428556508,0.7938088687152349,1.0,0.0,0.252659711157938,0.758709722594819,0.995111716880384,0.43146447487500555,0.03977567764046111
max_speedometer_attack_1,max_speedometer_attack,lof,0.17917084282460138,0.475379056908794,0.1373429310245431,1.0,0.0,0.17917084282460138,0.37886651374140556,0.8542455706501996,0.6682640238565049,0.00031155883269290684
max_speedometer_attack_1,max_speedometer_attack,one_class_svm,-0.28117558541476906,0.01724784277588931,0.027395465143303876,0.0006102522375915909,0.45604752622296485,0.1748719408081958,0.8378995542242442,0.8551473970001335,0.6882779698233016,0.1738349925077519
reverse_light_off_attack_1,reverse_light_off_attack,autoencoder,0.5429023329379201,0.09425708526838439,0.5204883032473431,1.0,0.0,0.5429023329379201,0.898301960791656,0.9925590460600404,0.0874035989717223,0.0345909572055043
reverse_light_off_attack_1,reverse_light_off_attack,elliptic_envelope,0.591937917654667,0.09438798239887902,0.4776044394212081,1.0,0.0,0.591937917654667,0.896323167338297,0.990711149737176,0.0715635868743384,0.0173143807651595
reverse_light_off_attack_1,reverse_light_off_attack,hbos,0.5566632756866734,0.2667447276871605,0.6849288207291974,0.9963583394027676,0.0,0.5566632756866734,0.7246441189521755,0.991388846639336,0.0821866021472856,0.0117949493422047
reverse_light_off_attack_1,reverse_light_off_attack,isolation_forest,0.711040676175383,0.20374738604983522,0.5293554395844886,0.9803350327749454,0.0,0.711040676175383,0.7826541807948744,0.9864015668447096,0.0403372145773476,0.0130802963859065
reverse_light_off_attack_1,reverse_light_off_attack,lof,0.48979432770478926,0.3023092770436392,0.6267738265071442,0.9963583394027677,0.0059630292188431,0.4957573569236324,0.689802339826132,0.9921116168697712,0.1055874792076213,0.0113034931196128
reverse_light_off_attack_1,reverse_light_off_attack,one_class_svm,0.5024702653247941,0.18081637847454235,0.6124098626992132,1.0,0.0,0.5024702653247941,0.808978326144546,0.9897947046190884,0.1027899591713292,0.0088462120066535
reverse_light_on_attack_1,reverse_light_on_attack,autoencoder,-0.17348304984319152,0.007345162294598473,0.12769535580415303,0.05529454282616564,0.8874554405024614,0.7139723906592699,0.9890000992575532,0.9963452615521516,0.0704570012076527,0.0162079705078497
reverse_light_on_attack_1,reverse_light_on_attack,elliptic_envelope,0.7695730774579335,0.14612748184368918,0.6406324674726063,1.0,0.0,0.7695730774579335,0.8502168034423192,0.9963442852860084,0.0526600139833471,0.0151592194749888
reverse_light_on_attack_1,reverse_light_on_attack,hbos,0.7571487207552332,0.1724849793414044,0.4818669788792705,1.0,0.0,0.7571487207552332,0.8142013691569868,0.9866863484983912,0.0564100934341829,0.0145871734570647
reverse_light_on_attack_1,reverse_light_on_attack,isolation_forest,0.7767017543859649,0.1936604446660274,0.6532405404993259,1.0,0.0,0.7767017543859649,0.7990938688166146,0.992754313482642,0.0505625119176253,0.0132523994152418
reverse_light_on_attack_1,reverse_light_on_attack,lof,0.7858562908264698,0.43633558296446373,0.7847663808394951,1.0,0.0,0.7858562908264698,0.5600096785876879,0.9963452615521516,0.0479247441683086,0.0388355685501811
reverse_light_on_attack_1,reverse_light_on_attack,one_class_svm,0.6624371558534834,0.2707618156170468,0.7347260165141702,1.0,0.0,0.6624371558534834,0.7219128173200916,0.9926746329371384,0.0896205428081103,0.0140786881077988
