source,target,subset,model,centroid_distance,mean_abs_smd,median_abs_smd,max_abs_smd,mmd_rbf,source_centroid_norm,intra_normal_distance,normal_to_source_centroid,attack_to_target_normal_centroid,attack_normal_distance_ratio
sonata,chevrolet_spark,zero_shot,transformer,7.339287533590442,0.6158645601495716,0.46119732168137345,2.387571162097449,0.25445330929902366,1.4936390832090474e-16,7.31197853379784,10.402178734097896,7.431728900292663,1.0163772863857992
sonata,gem_can,zero_shot,transformer,9.913025161634563,0.8365370422140093,0.6349840543467431,3.8891012046327145,0.3766066125212054,1.4936390832090474e-16,7.178671043541637,12.306733876023376,10.503630470171814,1.4631720002856947
sonata,sonata:val,in_domain,transformer,7.550953033672695,0.6246365286542535,0.4539118088934653,2.424963920840334,0.26625281769804976,1.4936390832090474e-16,7.2004925668576725,10.464575820412673,7.173019585549879,0.9961845691731915
sonata+kia_soul,chevrolet_spark,zero_shot,transformer,7.350291423239766,0.6710653225365534,0.5583655545761435,2.058049378935293,0.29481890952308054,7.845331916147552e-15,6.402311445522064,9.808339222835064,6.510564582198767,1.0169084458945554
sonata+kia_soul,gem_can,zero_shot,transformer,9.709986877026326,0.8410195703542009,0.6444753812954642,3.4816453999635484,0.3988536906108042,7.845331916147552e-15,6.40208525415595,11.682436610995358,9.195339575316423,1.4363038307475233
sonata+kia_soul,sonata:val,in_domain,transformer,7.257134168983512,0.6584066163245806,0.5038502839571164,1.9675889631191634,0.2885196057726711,7.845331916147552e-15,6.38592007452148,9.702852835218865,6.159939112857206,0.9646126229224364
sonata+kia_soul,kia_soul:val,in_domain,transformer,7.388892349210893,0.659270788135093,0.5178453019375324,1.9845656150402549,0.2955277941432005,7.845331916147552e-15,6.382801335987061,9.78571933511584,6.290691854211317,0.9855691134774289
hcrl+road+sonata+kia_soul+gem_can,chevrolet_spark,zero_shot,transformer,5.962090619345261,0.5446699513669864,0.4841810870075751,1.7908734915807438,0.2639645243427149,1.7534092515409433e-14,5.75652952024874,8.301071825754114,5.936818251040646,1.0313189970029226
hcrl+road+sonata+kia_soul+gem_can,hcrl:val,in_domain,transformer,5.920215596906925,0.538692959521631,0.4476622327902301,1.7350866729463306,0.2515313554059252,1.7534092515409433e-14,5.982834996577783,8.42277531334325,5.568185285110197,0.9306934401993757
hcrl+road+sonata+kia_soul+gem_can,road:val,in_domain,transformer,6.980442334513989,0.6541807263892928,0.5912288989153431,2.079989001787715,0.30816528788207187,1.7534092515409433e-14,5.548260115123003,8.889408419886259,5.516727846480073,0.9943167284898952
hcrl+road+sonata+kia_soul+gem_can,sonata:val,in_domain,transformer,5.900955887148075,0.5398235025924226,0.4157569426335016,1.649379156396551,0.2508625360851142,1.7534092515409433e-14,5.927739383069867,8.369860899861633,5.431197814770898,0.9162342444208774
hcrl+road+sonata+kia_soul+gem_can,kia_soul:val,in_domain,transformer,6.516847865691873,0.5999307301811698,0.5683672234273605,1.7072290383484736,0.27879100681983804,1.7534092515409433e-14,5.837293066903543,8.724922586903915,5.5170906048812824,0.945145385309202
hcrl+road+sonata+kia_soul+gem_can,gem_can:val,in_domain,transformer,8.893148117085081,0.7813448273692668,0.6435836635291091,2.773557476897059,0.3637566056207455,1.7534092515409433e-14,6.1308989181658164,10.826852386402415,8.548085938221082,1.3942630684862793
