experiment,dataset,representation,detector,seed,precision,recall,f1,roc_auc,pr_auc,fpr,threshold,n_train_normals,train_seconds,score_seconds,runtime_seconds,peak_rss_mb,model_bytes,tp,fp,fn,tn,precision_point,precision_ci_low,precision_ci_high,precision_mean,precision_std,recall_point,recall_ci_low,recall_ci_high,recall_mean,recall_std,f1_point,f1_ci_low,f1_ci_high,f1_mean,f1_std,roc_auc_point,roc_auc_ci_low,roc_auc_ci_high,roc_auc_mean,roc_auc_std,pr_auc_point,pr_auc_ci_low,pr_auc_ci_high,pr_auc_mean,pr_auc_std,fpr_point,fpr_ci_low,fpr_ci_high,fpr_mean,fpr_std
baseline,DoS,residual,isolation_forest,0,0.05576923076923077,0.00994172094617758,0.016875181844631947,0.8936678423734599,0.6304890448608542,0.05498936051069549,0.5009767672276519,8064,0.27250150000008944,0.15932119999979477,0.4318226999998842,334.25390625,1757055,58,982,5776,16876,0.05576923076923077,0.0,0.12464370895964978,0.056540948892945746,0.03067605180855805,0.00994172094617758,0.0,0.024124307299531255,0.010293071020954926,0.005973223970647018,0.016875181844631947,0.0,0.03984493875730668,0.017404277563767896,0.009985348945196777,0.8936678423734599,0.8824891147793712,0.9030654381041537,0.89371884612599,0.005243291539787202,0.6304890448608542,0.6068606603635961,0.6568165593747386,0.631428713835826,0.013065346119317407,0.05498936051069549,0.04991773475285571,0.06148163161463027,0.05506661848431715,0.003070137614870962
baseline,DoS,residual,one_class_svm,0,0.04978540772532189,0.00994172094617758,0.016573796256608087,0.7908864364911582,0.39549217166646206,0.061989024526822714,0.021122892372118975,8064,0.040016799999648356,0.34073469999975714,0.3807514999994055,331.58984375,32122,58,1107,5776,16751,0.04978540772532189,0.0,0.1095407310081223,0.05084119362929521,0.027862827004009137,0.00994172094617758,0.0,0.024124307299531255,0.010293071020954926,0.005973223970647018,0.016573796256608087,0.0,0.039528532653789326,0.01710493708947382,0.009812410790667643,0.7908864364911582,0.7819981076772025,0.7987816166271008,0.7912157767999498,0.004312146186248161,0.39549217166646206,0.37102360273771434,0.42376302904977337,0.3961011096517595,0.01415015532955071,0.061989024526822714,0.05597788003400576,0.0682118441212656,0.06176742940521266,0.003099186264709561
baseline,DoS,residual,lof,0,0.0,0.0,0.0,0.8497458505262231,0.46891951653735775,0.017807145257027663,28.953906337907537,8064,0.29006410000010874,1.1890075000001161,1.4790716000002249,336.10546875,2514956,0,318,5834,17540,0.0,0.0,0.0,0.0,0.0,0.0,0.0,0.0,0.0,0.0,0.0,0.0,0.0,0.0,0.0,0.8497458505262231,0.8409577487805412,0.8591704690392108,0.8502233880186151,0.004414786266009038,0.46891951653735775,0.440323391385886,0.4989725361738587,0.4697816972026006,0.01529141775688276,0.017807145257027663,0.015002270465735467,0.020108762524702433,0.017583650726283952,0.0013524908083635905
baseline,DoS,residual,hbos,0,0.2529207451847174,0.13729859444634898,0.17798022441950898,0.7559967227846632,0.5119731662585943,0.13248964049725614,13.45311044436789,8064,0.0025935000003300956,0.0060364999999364954,0.008630000000266591,335.12109375,3711,801,2366,5033,15492,0.2529207451847174,0.19264807825561195,0.3263500994698617,0.2543571452281431,0.034661133754042,0.13729859444634898,0.0995642249186105,0.1831760581329795,0.138181797798631,0.021834491148579094,0.17798022441950898,0.1320755842053608,0.23441053919509752,0.17899405625650883,0.026704748563361237,0.7559967227846632,0.7229850165799392,0.7860073067846283,0.7567480351538345,0.016253524109416922,0.5119731662585943,0.4930368386173823,0.5355440982911801,0.5136517530402128,0.011157426536690194,0.13248964049725614,0.1154136355357643,0.1524181114022396,0.13210825805865362,0.009372020142892767
baseline,DoS,residual,elliptic_envelope,0,0.020131898646303367,0.00994172094617758,0.013310384394721745,0.6776019159719346,0.31011474281208323,0.15808041214021726,2954.0221174616518,8064,0.22990630000003875,0.0035625000000436557,0.2334688000000824,335.58203125,66831,58,2823,5776,15035,0.020131898646303367,0.0,0.04736191829310861,0.020860491475815746,0.011938671994590916,0.00994172094617758,0.0,0.024124307299531255,0.010293071020954926,0.005973223970647018,0.013310384394721745,0.0,0.031707295781115245,0.01377424434666,0.007944581342007751,0.6776019159719346,0.6432732146001658,0.7116382373713276,0.6783965018081634,0.016792495665377688,0.31011474281208323,0.2948444111891051,0.32819336924959436,0.3115469646003087,0.008870871775085252,0.15808041214021726,0.1416815655578356,0.17985719523447588,0.15746381971867157,0.009937980195778727
baseline,DoS,residual,autoencoder,0,0.05466540999057493,0.00994172094617758,0.016823785351704135,0.6209129688891833,0.27744553181910675,0.05616530406540486,0.3923990753764999,8064,0.6009499000001597,0.007512000000133412,0.6084619000002931,336.8828125,18610,58,1003,5776,16855,0.05466540999057493,0.0,0.12031810520846169,0.0559100999123791,0.030477859486046775,0.00994172094617758,0.0,0.024124307299531255,0.010293071020954926,0.005973223970647018,0.016823785351704135,0.0,0.04020100314136859,0.01736783504700209,0.00996134437233358,0.6209129688891833,0.6057973991146856,0.6361071814238091,0.6215455794059236,0.00784706026769182,0.27744553181910675,0.25834382925753135,0.29816950515785684,0.27808765126012275,0.010578607659315235,0.05616530406540486,0.05067364456734786,0.061165125032039504,0.05574033057133393,0.0027543683777589306
baseline,Fuzzy,residual,isolation_forest,0,0.31183854294856017,0.9776234567901234,0.47284941220376936,0.972770726377012,0.7592283393158402,0.1441311407804526,0.39518344917040255,7884,0.22817680000025575,0.1372153000002072,0.36539210000046296,340.50390625,1247359,1267,2796,29,16603,0.31183854294856017,0.27996590303676083,0.3514742868790783,0.3137165984179299,0.019295829557531365,0.9776234567901234,0.9657755659217473,0.9871142109851787,0.9773307075002934,0.005749808752201254,0.47284941220376936,0.4357618162152451,0.5164998790114999,0.47462110659811485,0.021860207013670974,0.972770726377012,0.9670119244478006,0.9789961240723329,0.9731464420972383,0.003274772850667657,0.7592283393158402,0.726246713991281,0.801619782406149,0.7625387893774003,0.020132591137077393,0.1441311407804526,0.11973331851653977,0.16828324192076033,0.1429294997670182,0.013040410050369626
baseline,Fuzzy,residual,one_class_svm,0,0.4170096021947874,0.7037037037037037,0.5236864771748493,0.8015631692227995,0.6184330131237864,0.06572503737306047,-0.37873292195404834,7884,0.043359700000110024,0.27482599999984814,0.31818569999995816,339.3125,30010,912,1275,384,18124,0.4170096021947874,0.373863765194603,0.47448914329786396,0.41858554956053096,0.02431667868321734,0.7037037037037037,0.6712405285579196,0.7408050065300582,0.7041140548009491,0.01823117686082573,0.5236864771748493,0.4870086080640193,0.5622908680669223,0.5244858075662461,0.018851508471034503,0.8015631692227995,0.7745690141070061,0.8304348612137383,0.8020982280203299,0.014196312716388115,0.6184330131237864,0.5885080884203481,0.6504199025292964,0.6193817265381055,0.015767449301285524,0.06572503737306047,0.05528921309670331,0.07540720871743643,0.06523435441324804,0.0049435707429194235
baseline,Fuzzy,residual,lof,0,0.6040992448759439,0.43209876543209874,0.5038236617183987,0.8385513619449647,0.5548798633585252,0.018918500953657404,116.66059972340209,7884,0.19466700000020865,0.9121347999998761,1.1068018000000848,345.1328125,2514956,560,367,736,19032,0.6040992448759439,0.5398967238324432,0.6591657358869548,0.6013553521776397,0.029974399587151118,0.43209876543209874,0.3895539667759606,0.4709427964640822,0.4304976675605242,0.02095543016450538,0.5038236617183987,0.45795520945106083,0.5389582029891368,0.5014480309990605,0.021026505273992503,0.8385513619449647,0.817013668026078,0.8563040910366132,0.8382367774832409,0.009898332983742413,0.5548798633585252,0.5128756715564681,0.5923553943308211,0.5536006976764087,0.020648103461712978,0.018918500953657404,0.016371140099693704,0.021754960307950696,0.018968260745227096,0.0013624441068197889
baseline,Fuzzy,residual,hbos,0,0.2861325525685387,0.8294753086419753,0.4254898080348308,0.911919420881438,0.5566752385166889,0.1382545492035672,4.6157794304751985,7884,0.0022190999998201733,0.0038091999999778636,0.006028299999798037,344.23046875,3711,1075,2682,221,16717,0.2861325525685387,0.25440693953739074,0.3271413875323151,0.28783197711712005,0.017798928262102866,0.8294753086419753,0.7884193276691505,0.8635627171864426,0.8295489725833503,0.018857488863997227,0.4254898080348308,0.3919151559700441,0.4677320990525884,0.4269352205307468,0.018677021612901565,0.911919420881438,0.8986207536841694,0.9247212074319459,0.912317665208781,0.006780055124193841,0.5566752385166889,0.5222026880630549,0.6003010749737137,0.5593833183936908,0.019354061745350894,0.1382545492035672,0.11218078685097077,0.16210386726651604,0.13719225920907618,0.012472584536647327
baseline,Fuzzy,residual,elliptic_envelope,0,0.2551841912661625,0.8070987654320988,0.3877664504170529,0.9346157988925227,0.6917365713089767,0.1573792463529048,527.7012985218732,7884,0.23246489999974074,0.003586599999835016,0.23605149999957575,344.875,66831,1046,3053,250,16346,0.2551841912661625,0.228184698269759,0.2879671090102329,0.2561297495882654,0.015414407188851027,0.8070987654320988,0.7737897761187493,0.8429752606156206,0.8065876283922044,0.01737787940979756,0.3877664504170529,0.35618493820451275,0.42383854725404024,0.3884732458583761,0.01741129821165199,0.9346157988925227,0.9232045497411167,0.9454153065202436,0.9347888516638159,0.005578097722251584,0.6917365713089767,0.6641244409169902,0.7233128160948086,0.6923082265622054,0.015326158457024569,0.1573792463529048,0.1318301572286018,0.18366014372696648,0.1565325230825813,0.013651085521908187
baseline,Fuzzy,residual,autoencoder,0,0.23078382994875687,0.9382716049382716,0.37044935262757045,0.9375635612501345,0.6294382038226399,0.2089282952729522,0.0026637919067160846,7884,0.6788966999997683,0.007280999999693449,0.6861776999994618,343.19921875,18610,1216,4053,80,15346,0.23078382994875687,0.20905040859404617,0.256740427227252,0.23139074857498662,0.012433632073803796,0.9382716049382716,0.9214610873275288,0.9536034245903248,0.937914029664106,0.008212395794166067,0.37044935262757045,0.34205278844620085,0.40315827853968256,0.37101624678958245,0.015817007559851652,0.9375635612501345,0.9263646588395722,0.9477002708039574,0.9377289791318058,0.005240072355748125,0.6294382038226399,0.6001608266690005,0.6616534168594682,0.6307414662173492,0.015377887732322258,0.2089282952729522,0.1797286058775305,0.2398838837963894,0.20792732885261642,0.015246613230734767
baseline,RPM,residual,isolation_forest,0,0.9842315369261477,0.9993919740575598,0.9917538213998391,0.9988320822875381,0.9910135815797572,0.004208619679292526,0.6268439411854895,7304,0.28445719999990615,0.19513430000006338,0.47959149999996953,345.125,1958047,4931,79,3,18692,0.9842315369261477,0.9797808871967678,0.9887685049024124,0.9842902311687135,0.002326150527958372,0.9993919740575598,0.9984742817089013,1.0,0.9993872969275003,0.00036689072909439774,0.9917538213998391,0.989492053663344,0.99412341306988,0.9917798911108022,0.001192384832796522,0.9988320822875381,0.9983163750078026,0.9992687513165854,0.9988164534866631,0.0002454612236822471,0.9910135815797572,0.9857366973205076,0.9951615057220611,0.9909322767409033,0.0025476015943198898,0.004208619679292526,0.0028930341851069667,0.0053705944230686585,0.004190214393218764,0.000653746619517141
baseline,RPM,residual,one_class_svm,0,0.8064727034978751,1.0,0.8928700687658343,0.9998668158329338,0.998987649321725,0.06307602152256139,10.90415049254523,7304,0.04434910000054515,0.354053500000191,0.39840260000073613,345.4765625,31994,4934,1184,0,17587,0.8064727034978751,0.7908118822189754,0.8200858901927173,0.8062284607406162,0.007853099229125983,1.0,1.0,1.0,1.0,0.0,0.8928700687658343,0.8831881107241859,0.9011507583836947,0.8926994098109344,0.004818636617454337,0.9998668158329338,0.9997568942297467,0.999973030590828,0.9998657206101162,5.79943301968882e-05,0.998987649321725,0.9981035661431817,0.9997853905711187,0.9989811839578279,0.00043259261797662976,0.06307602152256139,0.06108581877387919,0.0648665792818111,0.0630132567307273,0.000997909072803995
baseline,RPM,residual,lof,0,0.8268811798223563,1.0,0.9052380515549032,0.9998522071439966,0.9994785045282168,0.05503169783176176,13.101643044004707,7304,0.2767975999995542,1.009950000000572,1.2867476000001261,350.71875,2514956,4934,1033,0,17738,0.8268811798223563,0.8090064488882805,0.8432903246688276,0.8267568810653149,0.00893430401805565,1.0,1.0,1.0,1.0,0.0,0.9052380515549032,0.894420745385532,0.9149837256017438,0.905137348127657,0.005359580213965906,0.9998522071439966,0.9997033640740891,0.9999540600457721,0.9998499892267958,6.462559337821681e-05,0.9994785045282168,0.9988996889461805,0.9998339975886782,0.99946778659741,0.00023426930517795626,0.05503169783176176,0.05205143566194838,0.057965028934751285,0.05492657233713039,0.00155699925269265
baseline,RPM,residual,hbos,0,0.9543520309477757,1.0,0.9766429136975456,0.9999988662879984,0.9999957230013246,0.01257258537105109,23.13903550651263,7304,0.0024587000007159077,0.006776599999284372,0.00923530000000028,346.73046875,3711,4934,236,0,18535,0.9543520309477757,0.9477056821769881,0.9615199869870458,0.9544721845485494,0.0036247318536991053,1.0,1.0,1.0,1.0,0.0,0.9766429136975456,0.9731508110787604,0.9803825536137372,0.9767023062227673,0.0018978014308573786,0.9999988662879984,0.9999970183269297,0.999999967527869,0.9999988814068017,7.743101391312765e-07,0.9999957230013246,0.9999888732065837,0.9999998741767695,0.999995758337364,2.9499523316849177e-06,0.01257258537105109,0.010424040768473,0.014622750393718752,0.012520299994657378,0.0010735227969622403
baseline,RPM,residual,elliptic_envelope,0,0.948481353325644,1.0,0.973559589581689,1.0,1.0,0.014277342709498694,1713.5647506460496,7304,0.24686229999952047,0.006872500000099535,0.25373479999962,348.4375,66831,4934,268,0,18503,0.948481353325644,0.9369052190995681,0.9600479186211935,0.9487559645602023,0.005869124987994147,1.0,1.0,1.0,1.0,0.0,0.973559589581689,0.9674249513371745,0.9796167833317633,0.9736949144022706,0.003093682769620053,1.0,0.9999999999999999,1.0,1.0,4.370952418903846e-17,1.0,1.0,1.0,1.0,1.6653345369377347e-17,0.014277342709498694,0.010733632813918556,0.018053992344521496,0.014193590731566601,0.0018245726815745182
baseline,RPM,residual,autoencoder,0,0.8117801908522541,1.0,0.8961133309117326,1.0,1.0,0.060945074849501894,3.2974848146679783,7304,0.6637016000004223,0.008653400000184774,0.6723550000006071,348.81640625,18610,4934,1144,0,17627,0.8117801908522541,0.7966918465462727,0.825845239890973,0.8115160579493105,0.007579312584673952,1.0,1.0,1.0,1.0,0.0,0.8961133309117326,0.8868430581252176,0.9046169103188851,0.8959330325938819,0.004623248819002103,1.0,0.9999999999999999,1.0,1.0,4.191000011072726e-17,1.0,0.9999999999999999,1.0,1.0,2.0014830212433607e-17,0.060945074849501894,0.05914280996397415,0.06254933264545175,0.060894011555906374,0.0009054366064048449
baseline,gear,residual,isolation_forest,0,0.898961937716263,0.9975043194471108,0.9456729456729457,0.9994354201275767,0.9955142447665495,0.03157951657383875,0.5317229291254862,7311,0.25113930000043183,0.15546679999988555,0.4066061000003174,352.140625,1762511,5196,584,13,17909,0.898961937716263,0.8860736943383746,0.9119507744773075,0.8992712394107193,0.0064923433306556845,0.9975043194471108,0.9950057351552606,0.9992441445742271,0.9973834818374686,0.0011320521016747762,0.9456729456729457,0.9380728498779934,0.952609640797853,0.9457772578756146,0.0036403314055411065,0.9994354201275767,0.9991187924093134,0.9996824138347773,0.999439084233522,0.0001406427994780999,0.9955142447665495,0.9915756993453576,0.9985661903060337,0.9956616262164252,0.001798707528025679,0.03157951657383875,0.026724684039171134,0.035388836433882256,0.03138303491738299,0.0023107752023491493
baseline,gear,residual,one_class_svm,0,0.9135391090845317,1.0,0.9548162404912474,0.9994592548531878,0.9961751768980684,0.026658735737846752,2.9924935906811436,7311,0.04299040000023524,0.3114243999998507,0.35441480000008596,348.046875,32650,5209,493,0,18000,0.9135391090845317,0.9027624643644254,0.9243965000940629,0.9133794071356369,0.0056490177996231265,1.0,1.0,1.0,1.0,0.0,0.9548162404912474,0.9488966501803734,0.9607131379090035,0.9547198898109603,0.0030868494821908064,0.9994592548531878,0.9990410445926489,0.9998098903199272,0.9994643711954609,0.0002036655195179902,0.9961751768980684,0.993257151113559,0.9986385488104546,0.9962056131458862,0.001434964746276544,0.026658735737846752,0.023447656258805495,0.029714574047628024,0.026615212108451743,0.0016227072512627404
baseline,gear,residual,lof,0,0.9818353831598865,0.9961604914570935,0.9889460644177624,0.99993919861154,0.9997954987656613,0.00519115340939815,81.16897931314436,7311,0.28465520000008837,1.1028569000000061,1.3875121000000945,353.3359375,2514956,5189,96,20,18397,0.9818353831598865,0.976773817959933,0.9862176435065723,0.9818289680742822,0.002598878679714915,0.9961604914570935,0.9923198050062392,0.9990409519540062,0.996033923572573,0.0018377816617619227,0.9889460644177624,0.9855301745245586,0.9918548102162642,0.9888782162817168,0.0017064887584473626,0.99993919861154,0.9998750892218201,0.9999846707146159,0.9999368487365592,3.0234880957316694e-05,0.9997954987656613,0.9995667413825112,0.9999481432648387,0.9997857402839485,0.00010542196231776293,0.00519115340939815,0.004097538684467049,0.0063973265239860135,0.005161266096175316,0.0006291773269662288
baseline,gear,residual,hbos,0,0.8495994768677456,0.997696294874256,0.9177114603567014,0.9976905438124143,0.9842178401042508,0.049748553506732275,14.61986215257763,7311,0.0028311999994912185,0.007245800000418967,0.010076999999910186,351.34765625,3711,5197,920,12,17573,0.8495994768677456,0.8340240293284452,0.8644472267136489,0.8496237322591551,0.007569794750187195,0.997696294874256,0.9955415985597055,0.9994132471248448,0.9976168654162406,0.0010350876343205625,0.9177114603567014,0.9085120326939313,0.926615712540281,0.9176737845633111,0.004448077888375258,0.9976905438124143,0.9970206616586103,0.9982768414296372,0.9976810575657131,0.00033528892162238436,0.9842178401042508,0.9783751455078883,0.9893113596654686,0.984216024965491,0.002744259257419724,0.049748553506732275,0.043477491531361774,0.05456860225506859,0.04959732136125425,0.0030108500906246873
baseline,gear,residual,elliptic_envelope,0,0.7457408732999284,1.0,0.8543546006232574,0.9984316729785955,0.971164474365506,0.09603633807386579,147.7596837505073,7311,0.26184269999976095,0.004042700000354671,0.2658854000001156,350.96484375,66831,5209,1776,0,16717,0.7457408732999284,0.7244069818730701,0.7677177213982529,0.7455313991940611,0.011225673794752172,1.0,1.0,1.0,1.0,0.0,0.8543546006232574,0.8401809791610285,0.8685976377154196,0.8541697509168132,0.007365367530418312,0.9984316729785955,0.9975405291950233,0.999291793204292,0.9984574774087807,0.00045414553186915694,0.971164474365506,0.9594064782623108,0.9846647916570894,0.9718361878139408,0.006692142689673996,0.09603633807386579,0.08294596476433744,0.10888388019543109,0.09597446027995737,0.006805324115374032
baseline,gear,residual,autoencoder,0,0.9255508173418621,1.0,0.9613361631447818,0.9999983494244895,0.9999941447580031,0.022657221651435678,1.2041007197061644,7311,0.7496930999996039,0.010228299999653245,0.7599213999992571,351.20703125,18610,5209,419,0,18074,0.9255508173418621,0.914806016576489,0.9352952068454156,0.925201778948437,0.0055471296180512825,1.0,1.0,1.0,1.0,0.0,0.9613361631447818,0.9555077724150347,0.9665659309876138,0.9611392268444625,0.002994100058972651,0.9999983494244895,0.9999956782416854,0.9999998214830386,0.9999983104123973,1.1548124969848606e-06,0.9999941447580031,0.9999841588371567,0.999999353145405,0.9999939722031438,4.1891473179689175e-06,0.022657221651435678,0.01943274990220947,0.025849962095865788,0.022698704791972387,0.0017346582576718216
