dataset,representation,detector,seed,precision,recall,f1,roc_auc,pr_auc,fpr,precision_point,precision_ci_low,precision_ci_high,precision_mean,precision_std,recall_point,recall_ci_low,recall_ci_high,recall_mean,recall_std,f1_point,f1_ci_low,f1_ci_high,f1_mean,f1_std,roc_auc_point,roc_auc_ci_low,roc_auc_ci_high,roc_auc_mean,roc_auc_std,pr_auc_point,pr_auc_ci_low,pr_auc_ci_high,pr_auc_mean,pr_auc_std,fpr_point,fpr_ci_low,fpr_ci_high,fpr_mean,fpr_std
DoS,raw,isolation_forest,0,0.0,0.0,0.0,0.8259218833464455,0.45869826007438336,0.0010639489304513383,0.0,0.0,0.0,0.0,0.0,0.0,0.0,0.0,0.0,0.0,0.0,0.0,0.0,0.0,0.0,0.8259218833464455,0.8057973251639529,0.843388786485391,0.8262389561684603,0.009197092437433147,0.45869826007438336,0.4410019585564958,0.4797012859950947,0.46030783168811007,0.01002598511176711,0.0010639489304513383,0.0004946159852868003,0.0017344669817056092,0.0010634166261201446,0.00031970395798854256
DoS,raw,one_class_svm,0,0.3118279569892473,0.00994172094617758,0.019269102990033225,0.9860065270175224,0.8717697335159855,0.0071676559525142795,0.3118279569892473,0.0,0.539063303755144,0.2978899583612951,0.12851655517760252,0.00994172094617758,0.0,0.024124307299531255,0.010293071020954926,0.005973223970647018,0.019269102990033225,0.0,0.04605317221357796,0.019877794759702073,0.011415238367650874,0.9860065270175224,0.9840944482614278,0.9875840684575373,0.9859561370860654,0.0008495024562009881,0.8717697335159855,0.8545553878420005,0.8887531352708878,0.8714844807182937,0.009075555369732667,0.0071676559525142795,0.0059015458790020615,0.008469989175822356,0.007177529844027919,0.0006946755153936888
DoS,raw,lof,0,0.0,0.0,0.0,0.9628802706054271,0.7442528334939085,0.004143801097547317,0.0,0.0,0.0,0.0,0.0,0.0,0.0,0.0,0.0,0.0,0.0,0.0,0.0,0.0,0.0,0.9628802706054271,0.9593786531913497,0.9656885661870266,0.9627649431241321,0.0016873275365613034,0.7442528334939085,0.7217262980712477,0.7654663313653696,0.7439009945147416,0.011180826585093796,0.004143801097547317,0.0029691342514391902,0.005574233679110243,0.00421940472348339,0.0007005685924525046
DoS,raw,hbos,0,0.2188679245283019,0.00994172094617758,0.01901951139531071,0.25062287171340214,0.3004832883295875,0.011591443610706686,0.2188679245283019,0.0,0.39666879523201354,0.21182552211741698,0.09792901587075098,0.00994172094617758,0.0,0.024124307299531255,0.010293071020954926,0.005973223970647018,0.01901951139531071,0.0,0.04538674023125501,0.019613039415147623,0.011252416207283357,0.25062287171340214,0.23965010122049005,0.26458351422333726,0.25114067785594263,0.006491494612090581,0.3004832883295875,0.27784776636306985,0.3252501850515801,0.3012132007753959,0.012562478257120075,0.011591443610706686,0.010272952846470092,0.013230263520590991,0.011656328477071471,0.0007335640489208619
DoS,raw,elliptic_envelope,0,0.0,0.0,0.0,0.6581986169566156,0.29636091339282533,0.007335647888901333,0.0,0.0,0.0,0.0,0.0,0.0,0.0,0.0,0.0,0.0,0.0,0.0,0.0,0.0,0.0,0.6581986169566156,0.6270921103722703,0.6884500402521254,0.658893887430157,0.01577645254638225,0.29636091339282533,0.2808101280824201,0.31356659462651776,0.2972792586657979,0.008180232341363367,0.007335647888901333,0.00626174079836469,0.008534103750933528,0.007363347652485593,0.0006022067564634607
DoS,raw,autoencoder,0,0.25217391304347825,0.00994172094617758,0.01912928759894459,0.8687092145391213,0.49731702382639636,0.009631537686191063,0.25217391304347825,0.0,0.44372342476160237,0.24293461239394507,0.10795196754905824,0.00994172094617758,0.0,0.024124307299531255,0.010293071020954926,0.005973223970647018,0.01912928759894459,0.0,0.04577066984085391,0.01972806619061742,0.011314316691151863,0.8687092145391213,0.8581662033911303,0.8767230116584516,0.8685661657500409,0.0048002782477570526,0.49731702382639636,0.4761991090204912,0.5189025705269307,0.49762685448892385,0.01140780851109621,0.009631537686191063,0.008563829468751324,0.010686620327736419,0.009626712020587864,0.0005592774355860965
DoS,residual,isolation_forest,0,0.05576923076923077,0.00994172094617758,0.016875181844631947,0.8936678423734599,0.6304890448608542,0.05498936051069549,0.05576923076923077,0.0,0.12464370895964978,0.056540948892945746,0.03067605180855805,0.00994172094617758,0.0,0.024124307299531255,0.010293071020954926,0.005973223970647018,0.016875181844631947,0.0,0.03984493875730668,0.017404277563767896,0.009985348945196777,0.8936678423734599,0.8824891147793712,0.9030654381041537,0.89371884612599,0.005243291539787202,0.6304890448608542,0.6068606603635961,0.6568165593747386,0.631428713835826,0.013065346119317407,0.05498936051069549,0.04991773475285571,0.06148163161463027,0.05506661848431715,0.003070137614870962
DoS,residual,one_class_svm,0,0.04978540772532189,0.00994172094617758,0.016573796256608087,0.7908864364911582,0.39549217166646206,0.061989024526822714,0.04978540772532189,0.0,0.1095407310081223,0.05084119362929521,0.027862827004009137,0.00994172094617758,0.0,0.024124307299531255,0.010293071020954926,0.005973223970647018,0.016573796256608087,0.0,0.039528532653789326,0.01710493708947382,0.009812410790667643,0.7908864364911582,0.7819981076772025,0.7987816166271008,0.7912157767999498,0.004312146186248161,0.39549217166646206,0.37102360273771434,0.42376302904977337,0.3961011096517595,0.01415015532955071,0.061989024526822714,0.05597788003400576,0.0682118441212656,0.06176742940521266,0.003099186264709561
DoS,residual,lof,0,0.0,0.0,0.0,0.8497458505262231,0.46891951653735775,0.017807145257027663,0.0,0.0,0.0,0.0,0.0,0.0,0.0,0.0,0.0,0.0,0.0,0.0,0.0,0.0,0.0,0.8497458505262231,0.8409577487805412,0.8591704690392108,0.8502233880186151,0.004414786266009038,0.46891951653735775,0.440323391385886,0.4989725361738587,0.4697816972026006,0.01529141775688276,0.017807145257027663,0.015002270465735467,0.020108762524702433,0.017583650726283952,0.0013524908083635905
DoS,residual,hbos,0,0.2529207451847174,0.13729859444634898,0.17798022441950898,0.7559967227846632,0.5119731662585943,0.13248964049725614,0.2529207451847174,0.19264807825561195,0.3263500994698617,0.2543571452281431,0.034661133754042,0.13729859444634898,0.0995642249186105,0.1831760581329795,0.138181797798631,0.021834491148579094,0.17798022441950898,0.1320755842053608,0.23441053919509752,0.17899405625650883,0.026704748563361237,0.7559967227846632,0.7229850165799392,0.7860073067846283,0.7567480351538345,0.016253524109416922,0.5119731662585943,0.4930368386173823,0.5355440982911801,0.5136517530402128,0.011157426536690194,0.13248964049725614,0.1154136355357643,0.1524181114022396,0.13210825805865362,0.009372020142892767
DoS,residual,elliptic_envelope,0,0.020131898646303367,0.00994172094617758,0.013310384394721745,0.6776019159719346,0.31011474281208323,0.15808041214021726,0.020131898646303367,0.0,0.04736191829310861,0.020860491475815746,0.011938671994590916,0.00994172094617758,0.0,0.024124307299531255,0.010293071020954926,0.005973223970647018,0.013310384394721745,0.0,0.031707295781115245,0.01377424434666,0.007944581342007751,0.6776019159719346,0.6432732146001658,0.7116382373713276,0.6783965018081634,0.016792495665377688,0.31011474281208323,0.2948444111891051,0.32819336924959436,0.3115469646003087,0.008870871775085252,0.15808041214021726,0.1416815655578356,0.17985719523447588,0.15746381971867157,0.009937980195778727
DoS,residual,autoencoder,0,0.05466540999057493,0.00994172094617758,0.016823785351704135,0.6209129688891833,0.27744553181910675,0.05616530406540486,0.05466540999057493,0.0,0.12031810520846169,0.0559100999123791,0.030477859486046775,0.00994172094617758,0.0,0.024124307299531255,0.010293071020954926,0.005973223970647018,0.016823785351704135,0.0,0.04020100314136859,0.01736783504700209,0.00996134437233358,0.6209129688891833,0.6057973991146856,0.6361071814238091,0.6215455794059236,0.00784706026769182,0.27744553181910675,0.25834382925753135,0.29816950515785684,0.27808765126012275,0.010578607659315235,0.05616530406540486,0.05067364456734786,0.061165125032039504,0.05574033057133393,0.0027543683777589306
Fuzzy,raw,isolation_forest,0,0.3458646616541353,0.10648148148148148,0.16283185840707964,0.8668615745752454,0.2909264464063234,0.013454301768132377,0.3458646616541353,0.2960834326963359,0.39737538699690406,0.3446158346754244,0.02326549703887725,0.10648148148148148,0.08355265760429398,0.13448067632850239,0.10603152393847111,0.012327590587035083,0.16283185840707964,0.13033706467661693,0.19951746810144003,0.1619667447991393,0.016293075089794367,0.8668615745752454,0.852300591746266,0.8826505611083744,0.867233824764787,0.00821582186803736,0.2909264464063234,0.2688082798815653,0.3177448141511369,0.2915164463782032,0.01266748257932638,0.013454301768132377,0.011654339965124726,0.015296622409535705,0.013373150922947614,0.0009659075318366301
Fuzzy,raw,one_class_svm,0,0.4283347141673571,0.39891975308641975,0.41310427487015583,0.6100992223730509,0.2268208570023058,0.03556884375483272,0.4283347141673571,0.37923248036327933,0.483178071468042,0.4290214196854835,0.02585304692995621,0.39891975308641975,0.3496984232522796,0.4401100479896067,0.39723699275854235,0.023939945683195303,0.41310427487015583,0.37542531310687416,0.45047531720524303,0.4119270265005368,0.019341673456638172,0.6100992223730509,0.5759228126098205,0.6412409936766174,0.6093690311324762,0.017177435687648533,0.2268208570023058,0.19827153714910586,0.2579264427123829,0.22713001948887282,0.01567470700506992,0.03556884375483272,0.02904580662051408,0.041879777906216206,0.03524530787443319,0.003099668565855405
Fuzzy,raw,lof,0,0.2972292191435768,0.09104938271604938,0.13939751919669224,0.6646396872627391,0.17485492627757113,0.014382184648693232,0.2972292191435768,0.22188143365150664,0.37838153574134886,0.2953282519872624,0.039958328707148896,0.09104938271604938,0.06614153199963377,0.11255181440928533,0.09023829025983844,0.012064489072058135,0.13939751919669224,0.10294715351762333,0.16977159400083267,0.13802964185964883,0.01774257466457918,0.6646396872627391,0.6402905954778931,0.6883793177700983,0.6645004784415443,0.012233736747836574,0.17485492627757113,0.1427756731852384,0.20630486476695398,0.17435451387088086,0.016649084714650583,0.014382184648693232,0.012110080279125201,0.016913213116887184,0.014344692486097686,0.0012241568456902018
Fuzzy,raw,hbos,0,0.2908093278463649,0.16358024691358025,0.20938271604938272,0.7781902894956403,0.25280528214563375,0.02665085829166452,0.2908093278463649,0.2526140626499974,0.3374446491326136,0.2941256816446695,0.021178282079170007,0.16358024691358025,0.13308063468084755,0.20196434992551493,0.16375617121656907,0.01602964869238419,0.20938271604938272,0.17918817041806145,0.24368467165656107,0.20980479373436794,0.0152114403676697,0.7781902894956403,0.758581629355008,0.7996392878917761,0.7785571865897714,0.010671518952631529,0.25280528214563375,0.23143452036583584,0.2811619079910141,0.25376523505465526,0.01306231271458196,0.02665085829166452,0.021323313985744698,0.0324174052387397,0.026221801881195404,0.0029345058510164327
Fuzzy,raw,elliptic_envelope,0,0.20084269662921347,0.33101851851851855,0.25,0.8388982440866558,0.22115684237515243,0.08799422650652096,0.20084269662921347,0.17879280640933498,0.22872860238353193,0.2017386905327468,0.013103287899523286,0.33101851851851855,0.271959865383928,0.3923308946219997,0.3296833366051588,0.028583184905112476,0.25,0.22523177555726814,0.27568201796021047,0.2496346558340835,0.013061797193753118,0.8388982440866558,0.8177838049512619,0.8598980663425404,0.8392583889301259,0.011314835814662328,0.22115684237515243,0.201833816068392,0.2482287180886391,0.22279390172320532,0.012175760614309448,0.08799422650652096,0.06872772292543322,0.10810006646678529,0.08713615556616268,0.009969827716969063
Fuzzy,raw,autoencoder,0,0.12840466926070038,0.02546296296296296,0.04249839021249195,0.8129594865842009,0.2274343677785436,0.011546986958090623,0.12840466926070038,0.07805401714589182,0.18065894095753673,0.1275673500678037,0.025942479401295977,0.02546296296296296,0.015867285542375795,0.037621675155630994,0.025290934928266874,0.005527667449553138,0.04249839021249195,0.02685633285089307,0.061978551808777975,0.04216340239151035,0.008993972838011864,0.8129594865842009,0.7938267425655808,0.8322729179693613,0.812700325423254,0.010006892035045341,0.2274343677785436,0.20472675761787612,0.2522128103446392,0.22745510623939122,0.012497878325661177,0.011546986958090623,0.010171919881923536,0.01276014670611665,0.011486285690292784,0.0006920004562767912
Fuzzy,residual,isolation_forest,0,0.31183854294856017,0.9776234567901234,0.47284941220376936,0.972770726377012,0.7592283393158402,0.1441311407804526,0.31183854294856017,0.27996590303676083,0.3514742868790783,0.3137165984179299,0.019295829557531365,0.9776234567901234,0.9657755659217473,0.9871142109851787,0.9773307075002934,0.005749808752201254,0.47284941220376936,0.4357618162152451,0.5164998790114999,0.47462110659811485,0.021860207013670974,0.972770726377012,0.9670119244478006,0.9789961240723329,0.9731464420972383,0.003274772850667657,0.7592283393158402,0.726246713991281,0.801619782406149,0.7625387893774003,0.020132591137077393,0.1441311407804526,0.11973331851653977,0.16828324192076033,0.1429294997670182,0.013040410050369626
Fuzzy,residual,one_class_svm,0,0.4170096021947874,0.7037037037037037,0.5236864771748493,0.8015631692227995,0.6184330131237864,0.06572503737306047,0.4170096021947874,0.373863765194603,0.47448914329786396,0.41858554956053096,0.02431667868321734,0.7037037037037037,0.6712405285579196,0.7408050065300582,0.7041140548009491,0.01823117686082573,0.5236864771748493,0.4870086080640193,0.5622908680669223,0.5244858075662461,0.018851508471034503,0.8015631692227995,0.7745690141070061,0.8304348612137383,0.8020982280203299,0.014196312716388115,0.6184330131237864,0.5885080884203481,0.6504199025292964,0.6193817265381055,0.015767449301285524,0.06572503737306047,0.05528921309670331,0.07540720871743643,0.06523435441324804,0.0049435707429194235
Fuzzy,residual,lof,0,0.6040992448759439,0.43209876543209874,0.5038236617183987,0.8385513619449647,0.5548798633585252,0.018918500953657404,0.6040992448759439,0.5398967238324432,0.6591657358869548,0.6013553521776397,0.029974399587151118,0.43209876543209874,0.3895539667759606,0.4709427964640822,0.4304976675605242,0.02095543016450538,0.5038236617183987,0.45795520945106083,0.5389582029891368,0.5014480309990605,0.021026505273992503,0.8385513619449647,0.817013668026078,0.8563040910366132,0.8382367774832409,0.009898332983742413,0.5548798633585252,0.5128756715564681,0.5923553943308211,0.5536006976764087,0.020648103461712978,0.018918500953657404,0.016371140099693704,0.021754960307950696,0.018968260745227096,0.0013624441068197889
Fuzzy,residual,hbos,0,0.2861325525685387,0.8294753086419753,0.4254898080348308,0.911919420881438,0.5566752385166889,0.1382545492035672,0.2861325525685387,0.25440693953739074,0.3271413875323151,0.28783197711712005,0.017798928262102866,0.8294753086419753,0.7884193276691505,0.8635627171864426,0.8295489725833503,0.018857488863997227,0.4254898080348308,0.3919151559700441,0.4677320990525884,0.4269352205307468,0.018677021612901565,0.911919420881438,0.8986207536841694,0.9247212074319459,0.912317665208781,0.006780055124193841,0.5566752385166889,0.5222026880630549,0.6003010749737137,0.5593833183936908,0.019354061745350894,0.1382545492035672,0.11218078685097077,0.16210386726651604,0.13719225920907618,0.012472584536647327
Fuzzy,residual,elliptic_envelope,0,0.2551841912661625,0.8070987654320988,0.3877664504170529,0.9346157988925227,0.6917365713089767,0.1573792463529048,0.2551841912661625,0.228184698269759,0.2879671090102329,0.2561297495882654,0.015414407188851027,0.8070987654320988,0.7737897761187493,0.8429752606156206,0.8065876283922044,0.01737787940979756,0.3877664504170529,0.35618493820451275,0.42383854725404024,0.3884732458583761,0.01741129821165199,0.9346157988925227,0.9232045497411167,0.9454153065202436,0.9347888516638159,0.005578097722251584,0.6917365713089767,0.6641244409169902,0.7233128160948086,0.6923082265622054,0.015326158457024569,0.1573792463529048,0.1318301572286018,0.18366014372696648,0.1565325230825813,0.013651085521908187
Fuzzy,residual,autoencoder,0,0.23078382994875687,0.9382716049382716,0.37044935262757045,0.9375635612501345,0.6294382038226399,0.2089282952729522,0.23078382994875687,0.20905040859404617,0.256740427227252,0.23139074857498662,0.012433632073803796,0.9382716049382716,0.9214610873275288,0.9536034245903248,0.937914029664106,0.008212395794166067,0.37044935262757045,0.34205278844620085,0.40315827853968256,0.37101624678958245,0.015817007559851652,0.9375635612501345,0.9263646588395722,0.9477002708039574,0.9377289791318058,0.005240072355748125,0.6294382038226399,0.6001608266690005,0.6616534168594682,0.6307414662173492,0.015377887732322258,0.2089282952729522,0.1797286058775305,0.2398838837963894,0.20792732885261642,0.015246613230734767
RPM,raw,isolation_forest,0,0.0,0.0,0.0,0.8547210693810798,0.4309379217232606,0.0034095146768952107,0.0,0.0,0.0,0.0,0.0,0.0,0.0,0.0,0.0,0.0,0.0,0.0,0.0,0.0,0.0,0.8547210693810798,0.8451349172941335,0.8633618321004404,0.8546459150460811,0.0050234381934230994,0.4309379217232606,0.4113961334242509,0.44953348576512514,0.43094846045894825,0.009436485180988635,0.0034095146768952107,0.0024081987711335557,0.004254528429829232,0.003292352527560517,0.00047191802855290683
RPM,raw,one_class_svm,0,0.0,0.0,0.0,0.9754712122773797,0.7760450958669509,0.010121996697032657,0.0,0.0,0.0,0.0,0.0,0.0,0.0,0.0,0.0,0.0,0.0,0.0,0.0,0.0,0.0,0.9754712122773797,0.9727699671562761,0.978670158611948,0.9756424346266539,0.0015881183547542318,0.7760450958669509,0.753443826433052,0.7995527718210345,0.7769342564880205,0.011835834196932618,0.010121996697032657,0.008110863345238674,0.011882025221252614,0.01005635439910991,0.0009686322389057558
RPM,raw,lof,0,0.003518029903254178,0.0008107012565869477,0.0013177400757700543,0.7371769344587271,0.3038414164583097,0.060359064514410525,0.003518029903254178,0.0,0.007786823481185873,0.0033289480873994136,0.0019429487028928933,0.0008107012565869477,0.0,0.0017585395613819632,0.0007694686922965514,0.0004499842142665213,0.0013177400757700543,0.0,0.0028870370627411238,0.0012495818886758935,0.000730019512714437,0.7371769344587271,0.7261688821898789,0.7472996507677124,0.737323345128059,0.005199360380911536,0.3038414164583097,0.28265325288645365,0.32438971127054855,0.3037558452977703,0.010493483164065391,0.060359064514410525,0.05862486362542679,0.06218929334172049,0.06034992618447127,0.0009089815809404303
RPM,raw,hbos,0,0.0,0.0,0.0,0.6157699836121391,0.37583865507140807,0.009535986361941293,0.0,0.0,0.0,0.0,0.0,0.0,0.0,0.0,0.0,0.0,0.0,0.0,0.0,0.0,0.0,0.6157699836121391,0.6062843111855033,0.6268196990734639,0.6158684504679112,0.00532952731927399,0.37583865507140807,0.35381398867829617,0.39732264011845225,0.3757516217660209,0.010951383849675981,0.009535986361941293,0.007701703641547103,0.011218354638038741,0.009463257809285159,0.0009334426044799263
RPM,raw,elliptic_envelope,0,0.0,0.0,0.0,0.8467874175761683,0.4141016234235234,0.012306217036918652,0.0,0.0,0.0,0.0,0.0,0.0,0.0,0.0,0.0,0.0,0.0,0.0,0.0,0.0,0.0,0.8467874175761683,0.8314829614260882,0.8613535767168827,0.8468731203673502,0.007966933600273746,0.4141016234235234,0.3970037574306176,0.43183748608163386,0.41419876776973547,0.008955435368717042,0.012306217036918652,0.009374345245083565,0.015492241780169476,0.01220246287979061,0.001620198411682349
RPM,raw,autoencoder,0,0.9501067753834207,0.9918929874341306,0.9705503222607833,0.9940596406366176,0.9164750311300816,0.01369133237440733,0.9501067753834207,0.9417702685223318,0.9577723710380746,0.9502628199471927,0.004266996059256645,0.9918929874341306,0.9845353020492577,0.9970474903023084,0.9918282346729894,0.0033370565618003147,0.9705503222607833,0.9650917714521012,0.9759239063787576,0.9705937676559574,0.0028603739197714134,0.9940596406366176,0.9926841929247568,0.9954229355528016,0.9941094156835433,0.0007589720643603324,0.9164750311300816,0.9015541427036843,0.9310273733908395,0.9171100282781081,0.008161634827104731,0.01369133237440733,0.011398813701728473,0.016034578969342395,0.013623273459039126,0.001210169507309938
RPM,residual,isolation_forest,0,0.9842315369261477,0.9993919740575598,0.9917538213998391,0.9988320822875381,0.9910135815797572,0.004208619679292526,0.9842315369261477,0.9797808871967678,0.9887685049024124,0.9842902311687135,0.002326150527958372,0.9993919740575598,0.9984742817089013,1.0,0.9993872969275003,0.00036689072909439774,0.9917538213998391,0.989492053663344,0.99412341306988,0.9917798911108022,0.001192384832796522,0.9988320822875381,0.9983163750078026,0.9992687513165854,0.9988164534866631,0.0002454612236822471,0.9910135815797572,0.9857366973205076,0.9951615057220611,0.9909322767409033,0.0025476015943198898,0.004208619679292526,0.0028930341851069667,0.0053705944230686585,0.004190214393218764,0.000653746619517141
RPM,residual,one_class_svm,0,0.8064727034978751,1.0,0.8928700687658343,0.9998668158329338,0.998987649321725,0.06307602152256139,0.8064727034978751,0.7908118822189754,0.8200858901927173,0.8062284607406162,0.007853099229125983,1.0,1.0,1.0,1.0,0.0,0.8928700687658343,0.8831881107241859,0.9011507583836947,0.8926994098109344,0.004818636617454337,0.9998668158329338,0.9997568942297467,0.999973030590828,0.9998657206101162,5.79943301968882e-05,0.998987649321725,0.9981035661431817,0.9997853905711187,0.9989811839578279,0.00043259261797662976,0.06307602152256139,0.06108581877387919,0.0648665792818111,0.0630132567307273,0.000997909072803995
RPM,residual,lof,0,0.8268811798223563,1.0,0.9052380515549032,0.9998522071439966,0.9994785045282168,0.05503169783176176,0.8268811798223563,0.8090064488882805,0.8432903246688276,0.8267568810653149,0.00893430401805565,1.0,1.0,1.0,1.0,0.0,0.9052380515549032,0.894420745385532,0.9149837256017438,0.905137348127657,0.005359580213965906,0.9998522071439966,0.9997033640740891,0.9999540600457721,0.9998499892267958,6.462559337821681e-05,0.9994785045282168,0.9988996889461805,0.9998339975886782,0.99946778659741,0.00023426930517795626,0.05503169783176176,0.05205143566194838,0.057965028934751285,0.05492657233713039,0.00155699925269265
RPM,residual,hbos,0,0.9543520309477757,1.0,0.9766429136975456,0.9999988662879984,0.9999957230013246,0.01257258537105109,0.9543520309477757,0.9477056821769881,0.9615199869870458,0.9544721845485494,0.0036247318536991053,1.0,1.0,1.0,1.0,0.0,0.9766429136975456,0.9731508110787604,0.9803825536137372,0.9767023062227673,0.0018978014308573786,0.9999988662879984,0.9999970183269297,0.999999967527869,0.9999988814068017,7.743101391312765e-07,0.9999957230013246,0.9999888732065837,0.9999998741767695,0.999995758337364,2.9499523316849177e-06,0.01257258537105109,0.010424040768473,0.014622750393718752,0.012520299994657378,0.0010735227969622403
RPM,residual,elliptic_envelope,0,0.948481353325644,1.0,0.973559589581689,1.0,1.0,0.014277342709498694,0.948481353325644,0.9369052190995681,0.9600479186211935,0.9487559645602023,0.005869124987994147,1.0,1.0,1.0,1.0,0.0,0.973559589581689,0.9674249513371745,0.9796167833317633,0.9736949144022706,0.003093682769620053,1.0,0.9999999999999999,1.0,1.0,4.370952418903846e-17,1.0,1.0,1.0,1.0,1.6653345369377347e-17,0.014277342709498694,0.010733632813918556,0.018053992344521496,0.014193590731566601,0.0018245726815745182
RPM,residual,autoencoder,0,0.8117801908522541,1.0,0.8961133309117326,1.0,1.0,0.060945074849501894,0.8117801908522541,0.7966918465462727,0.825845239890973,0.8115160579493105,0.007579312584673952,1.0,1.0,1.0,1.0,0.0,0.8961133309117326,0.8868430581252176,0.9046169103188851,0.8959330325938819,0.004623248819002103,1.0,0.9999999999999999,1.0,1.0,4.191000011072726e-17,1.0,0.9999999999999999,1.0,1.0,2.0014830212433607e-17,0.060945074849501894,0.05914280996397415,0.06254933264545175,0.060894011555906374,0.0009054366064048449
gear,raw,isolation_forest,0,0.0,0.0,0.0,0.7090236973541285,0.2930244053802555,0.007083761423241227,0.0,0.0,0.0,0.0,0.0,0.0,0.0,0.0,0.0,0.0,0.0,0.0,0.0,0.0,0.0,0.7090236973541285,0.7004044642431191,0.719176072840106,0.709748816230913,0.005024524236958166,0.2930244053802555,0.27657753525181084,0.30990808373527673,0.2932382201929525,0.008883367016941158,0.007083761423241227,0.0057478505028550125,0.008553152504129065,0.007117558588613702,0.0007200583994188444
gear,raw,one_class_svm,0,0.0,0.0,0.0,0.9377968888354107,0.6699456010942754,0.00800302817282215,0.0,0.0,0.0,0.0,0.0,0.0,0.0,0.0,0.0,0.0,0.0,0.0,0.0,0.0,0.0,0.9377968888354107,0.9313253063113809,0.9436677432075439,0.9378293175990099,0.003291102833291983,0.6699456010942754,0.6404946392581576,0.6954599749885038,0.6698670720692332,0.013653579039858414,0.00800302817282215,0.0065145623709488955,0.009643373353050773,0.007989757335226968,0.0008006170348138462
gear,raw,lof,0,0.9614438063986874,0.22499520061432138,0.3646546359676416,0.9598111127062061,0.8714405228490367,0.0025415021900178445,0.9614438063986874,0.9432692941191972,0.9767685444879852,0.9608776691923023,0.0085583159998754,0.22499520061432138,0.18857463569704846,0.25975777851857496,0.22595638581081787,0.019139584384554483,0.3646546359676416,0.3154869853819777,0.4089451415084657,0.36549484159895584,0.025363847794396148,0.9598111127062061,0.9532328090816442,0.9654428210054616,0.9597675837502474,0.0034812397178313596,0.8714405228490367,0.8485544951804023,0.8914403326159805,0.8708346352810747,0.011345950048542343,0.0025415021900178445,0.001569708448521773,0.0035326820638443817,0.002562641741430196,0.0005106263064212213
gear,raw,hbos,0,0.0,0.0,0.0,0.5783916962473502,0.2629738770507687,0.003082247336830152,0.0,0.0,0.0,0.0,0.0,0.0,0.0,0.0,0.0,0.0,0.0,0.0,0.0,0.0,0.0,0.5783916962473502,0.5532683590956778,0.606229511826604,0.5793537549998077,0.013887058778136539,0.2629738770507687,0.24327390562282575,0.28681115058069234,0.2638056706501474,0.011251346734983634,0.003082247336830152,0.002176240109323892,0.0038541989723429584,0.0030065802419833422,0.0004501659980555716
gear,raw,elliptic_envelope,0,0.0,0.0,0.0,0.6349645645833187,0.24890446424685334,0.03942032120261721,0.0,0.0,0.0,0.0,0.0,0.0,0.0,0.0,0.0,0.0,0.0,0.0,0.0,0.0,0.0,0.6349645645833187,0.6164790710938155,0.6522884206156818,0.6354886240017136,0.009454719177428716,0.24890446424685334,0.23739286537460577,0.2602508788467079,0.24872603153178957,0.005765573408501559,0.03942032120261721,0.0337041112065264,0.04553287732181619,0.03950820193550349,0.0032752592333080044
gear,raw,autoencoder,0,0.036231884057971016,0.000959877135726627,0.0018702075930428276,0.9843959470294815,0.8542640091580426,0.007191910452603688,0.036231884057971016,0.00665723270440252,0.08906916685380639,0.038258264050619654,0.022243956827592712,0.000959877135726627,0.00018142046322624491,0.0023166806860988186,0.001019661949023133,0.0005955757336460405,0.0018702075930428276,0.00035563759763048027,0.004500365716467713,0.0019858903262603474,0.0011592086428010592,0.9843959470294815,0.982629002223181,0.9862447600843517,0.9844038277623615,0.000947256345568919,0.8542640091580426,0.8366998196522305,0.8701858330029854,0.8543216355191503,0.008358922685536271,0.007191910452603688,0.005813269623311404,0.008706437247960922,0.00719155085923488,0.0007372958616891704
gear,residual,isolation_forest,0,0.898961937716263,0.9975043194471108,0.9456729456729457,0.9994354201275767,0.9955142447665495,0.03157951657383875,0.898961937716263,0.8860736943383746,0.9119507744773075,0.8992712394107193,0.0064923433306556845,0.9975043194471108,0.9950057351552606,0.9992441445742271,0.9973834818374686,0.0011320521016747762,0.9456729456729457,0.9380728498779934,0.952609640797853,0.9457772578756146,0.0036403314055411065,0.9994354201275767,0.9991187924093134,0.9996824138347773,0.999439084233522,0.0001406427994780999,0.9955142447665495,0.9915756993453576,0.9985661903060337,0.9956616262164252,0.001798707528025679,0.03157951657383875,0.026724684039171134,0.035388836433882256,0.03138303491738299,0.0023107752023491493
gear,residual,one_class_svm,0,0.9135391090845317,1.0,0.9548162404912474,0.9994592548531878,0.9961751768980684,0.026658735737846752,0.9135391090845317,0.9027624643644254,0.9243965000940629,0.9133794071356369,0.0056490177996231265,1.0,1.0,1.0,1.0,0.0,0.9548162404912474,0.9488966501803734,0.9607131379090035,0.9547198898109603,0.0030868494821908064,0.9994592548531878,0.9990410445926489,0.9998098903199272,0.9994643711954609,0.0002036655195179902,0.9961751768980684,0.993257151113559,0.9986385488104546,0.9962056131458862,0.001434964746276544,0.026658735737846752,0.023447656258805495,0.029714574047628024,0.026615212108451743,0.0016227072512627404
gear,residual,lof,0,0.9818353831598865,0.9961604914570935,0.9889460644177624,0.99993919861154,0.9997954987656613,0.00519115340939815,0.9818353831598865,0.976773817959933,0.9862176435065723,0.9818289680742822,0.002598878679714915,0.9961604914570935,0.9923198050062392,0.9990409519540062,0.996033923572573,0.0018377816617619227,0.9889460644177624,0.9855301745245586,0.9918548102162642,0.9888782162817168,0.0017064887584473626,0.99993919861154,0.9998750892218201,0.9999846707146159,0.9999368487365592,3.0234880957316694e-05,0.9997954987656613,0.9995667413825112,0.9999481432648387,0.9997857402839485,0.00010542196231776293,0.00519115340939815,0.004097538684467049,0.0063973265239860135,0.005161266096175316,0.0006291773269662288
gear,residual,hbos,0,0.8495994768677456,0.997696294874256,0.9177114603567014,0.9976905438124143,0.9842178401042508,0.049748553506732275,0.8495994768677456,0.8340240293284452,0.8644472267136489,0.8496237322591551,0.007569794750187195,0.997696294874256,0.9955415985597055,0.9994132471248448,0.9976168654162406,0.0010350876343205625,0.9177114603567014,0.9085120326939313,0.926615712540281,0.9176737845633111,0.004448077888375258,0.9976905438124143,0.9970206616586103,0.9982768414296372,0.9976810575657131,0.00033528892162238436,0.9842178401042508,0.9783751455078883,0.9893113596654686,0.984216024965491,0.002744259257419724,0.049748553506732275,0.043477491531361774,0.05456860225506859,0.04959732136125425,0.0030108500906246873
gear,residual,elliptic_envelope,0,0.7457408732999284,1.0,0.8543546006232574,0.9984316729785955,0.971164474365506,0.09603633807386579,0.7457408732999284,0.7244069818730701,0.7677177213982529,0.7455313991940611,0.011225673794752172,1.0,1.0,1.0,1.0,0.0,0.8543546006232574,0.8401809791610285,0.8685976377154196,0.8541697509168132,0.007365367530418312,0.9984316729785955,0.9975405291950233,0.999291793204292,0.9984574774087807,0.00045414553186915694,0.971164474365506,0.9594064782623108,0.9846647916570894,0.9718361878139408,0.006692142689673996,0.09603633807386579,0.08294596476433744,0.10888388019543109,0.09597446027995737,0.006805324115374032
gear,residual,autoencoder,0,0.9255508173418621,1.0,0.9613361631447818,0.9999983494244895,0.9999941447580031,0.022657221651435678,0.9255508173418621,0.914806016576489,0.9352952068454156,0.925201778948437,0.0055471296180512825,1.0,1.0,1.0,1.0,0.0,0.9613361631447818,0.9555077724150347,0.9665659309876138,0.9611392268444625,0.002994100058972651,0.9999983494244895,0.9999956782416854,0.9999998214830386,0.9999983104123973,1.1548124969848606e-06,0.9999941447580031,0.9999841588371567,0.999999353145405,0.9999939722031438,4.1891473179689175e-06,0.022657221651435678,0.01943274990220947,0.025849962095865788,0.022698704791972387,0.0017346582576718216
