dataset,family,threshold,precision,recall,f1,actual_fpr,roc_auc,pr_auc
correlated_signal_attack_1,A_bus,0.4940179202810817,0.07943751164090147,0.40609378719352535,0.13288156716127275,0.36313208309608214,0.5406811982192181,0.0780339102903049
correlated_signal_attack_1,B_id_population,0.5394618901639446,0.09109685033561997,0.8819328731254463,0.1651363879479408,0.6789853608361038,0.6491570539153386,0.1044196504805556
correlated_signal_attack_1,C_cross_id,0.5586529813485358,0.07921826625386996,0.974529873839562,0.14652565272632914,0.8740517605569127,0.5976562350557764,0.0994243092075566
correlated_signal_attack_1,D_bus_idpop,0.48483933547797037,0.08559610705596107,0.8374196619852416,0.15531665967638686,0.6902999467332807,0.5986580690278426,0.09050732843257685
correlated_signal_attack_1,E_all,0.49454385198793926,0.0788732930122865,0.9871459176386574,0.1460751334120009,0.8895725804970336,0.6037098399338778,0.09173481429331436
fuzzing_attack_1,A_bus,0.5554527965195157,0.11814540973505853,0.15387701875815027,0.13366444473489303,0.4222910673452829,0.2891186381404098,0.1854168070945839
fuzzing_attack_1,B_id_population,0.572929992416568,0.31965174129353235,0.02577991774500953,0.04771187227327578,0.020174079811167662,0.45631919968350954,0.25775659200972034
fuzzing_attack_1,C_cross_id,0.5636978142632527,0.16140506891951978,0.07282575985555222,0.1003663510057372,0.13911632367042856,0.34648167414433595,0.20509316801611965
fuzzing_attack_1,D_bus_idpop,0.5230525769679267,0.1435728952772074,0.17534356505166016,0.1578757225433526,0.3845614811536476,0.3272419117542763,0.19825906732084664
fuzzing_attack_1,E_all,0.5367379938792949,0.1355826582391169,0.15277359815427827,0.143665691915857,0.35811757763517005,0.3213333059266939,0.19655701862293856
max_engine_coolant_temp_attack,A_bus,0.5809101039933908,0.0,0.0,0.0,0.009359251259899209,0.5335630796595096,0.007703342487525786
max_engine_coolant_temp_attack,B_id_population,0.5462435469886393,0.0,0.0,0.0,0.0063354931605471565,0.5562013862420419,0.00860617290040597
max_engine_coolant_temp_attack,C_cross_id,0.6000969735345911,0.01082753286929621,0.13725490196078433,0.02007168458781362,0.09208063354931606,0.5687781448072389,0.010778926531694811
max_engine_coolant_temp_attack,D_bus_idpop,0.5187744438012698,0.0,0.0,0.0,0.010079193664506839,0.5658503790285012,0.008601215455368575
max_engine_coolant_temp_attack,E_all,0.5148388310578419,0.0,0.0,0.0,0.011519078473722102,0.5734058922345036,0.009131469660756088
max_speedometer_attack_1,A_bus,0.5588655071118042,0.027508220386558667,0.13954434499593166,0.045956990688015,0.22450358713260818,0.39825624907141666,0.03335382660614268
max_speedometer_attack_1,B_id_population,0.6063193825513432,0.0921403855659911,0.18958502847843775,0.1240103785509946,0.08500809997685721,0.7468283068534485,0.08455321808655006
max_speedometer_attack_1,C_cross_id,0.6840438019631468,0.0715607649599013,0.14157851912123678,0.09506897964758913,0.08359176116639666,0.7211719799363865,0.07677955010937812
max_speedometer_attack_1,D_bus_idpop,0.5513484133307236,0.0657307715186485,0.22477624084621645,0.10171675795093661,0.1453922703077991,0.6438984040889489,0.06169608746425127
max_speedometer_attack_1,E_all,0.6039624625633263,0.0733538041624019,0.13120423108218063,0.09409876723320444,0.07542698449433001,0.7036930791379885,0.07271674404420778
reverse_light_off_attack_1,A_bus,0.5553854454137287,0.06579757749948675,0.4668608885651857,0.1153396311291048,0.3440571601391199,0.5824242903002087,0.061413876669600624
reverse_light_off_attack_1,B_id_population,0.5428996305497076,0.08682779040143221,0.9184268026219956,0.15865626572722696,0.5013609556933313,0.7580174767769106,0.10671085172078029
reverse_light_off_attack_1,C_cross_id,0.598156254025204,0.08241758241758242,0.775673707210488,0.14900314795383002,0.44824587932859516,0.7315323119869501,0.09954552576350964
reverse_light_off_attack_1,D_bus_idpop,0.5129021434395966,0.07658338175479372,0.9599417334304443,0.14185007802830543,0.600786329956147,0.719683602306653,0.09140871852081114
reverse_light_off_attack_1,E_all,0.5355904594300149,0.07648447848874043,0.9672250546249089,0.14175918018787362,0.6061923484046575,0.7413561361237643,0.09655113199798493
reverse_light_on_attack_1,A_bus,0.5481181565302625,0.032853825829352264,0.30682951146560317,0.059352474626937636,0.43311660371946265,0.4174552405316917,0.03836186414651589
reverse_light_on_attack_1,B_id_population,0.5438552010657051,0.08275941761035359,0.8925722831505484,0.15147413391988493,0.4743629583592293,0.7662044597788602,0.1069155604186759
reverse_light_on_attack_1,C_cross_id,0.6663346507847518,0.07696224240962564,0.715852442671984,0.1389823126618113,0.41168666634794665,0.7225310297414874,0.09952679616734952
reverse_light_on_attack_1,D_bus_idpop,0.5091417873459281,0.059813149150124395,0.8569292123629113,0.11182124213299509,0.6458980733374767,0.6473704752263265,0.06932380909472756
reverse_light_on_attack_1,E_all,0.544570360790752,0.06577358490566038,0.8688933200398804,0.1222900442012208,0.5917913658746474,0.6888923485078541,0.07858837284164237
