rule,severity,n_attack,n_detected,detection_probability,detection_prob_ci_low,detection_prob_ci_high,detection_probability_significant,mean_control_rate,mean_alarm_lift
global,0.25,172160,73054,0.4243378252788104,0.42200484664106364,0.42667418051187145,0.0,0.40810378496012434,0.00021254073804973124
global,0.5,172160,73058,0.4243610594795539,0.4220280635247371,0.4266974309928063,0.0,0.40810378496012434,0.00023238791552810732
global,0.75,172160,73059,0.4243668680297398,0.4220338677464805,0.42670324361221507,0.0,0.40810378496012434,0.00018813745009534002
global,1.0,172160,73061,0.4243784851301115,0.4220454761909572,0.4267148688500424,0.0,0.40810378496012434,0.00021202468784643509
global,1.5,172160,73061,0.4243784851301115,0.4220454761909572,0.4267148688500424,0.0,0.40810378496012434,0.00012856061165857432
global,2.0,172160,73066,0.4244075278810409,0.42207449730792423,0.426743931938836,0.0,0.40810378496012434,0.00020836112530807783
global,3.0,172160,73091,0.42455274163568774,0.4222196030165014,0.42688924725906086,0.0,0.40810378496012434,0.00015379802295531334
global_A_bus,0.5,172160,56055,0.325598280669145,0.32338863841410875,0.32781570599452586,0.041666666666666664,0.31011240889082176,0.0005548530469873937
global_A_bus,1.0,172160,56113,0.32593517657992566,0.32372493518710976,0.32815318600834587,0.05555555555555555,0.31011240889082176,0.0009245993686328377
global_A_bus,1.5,172160,56176,0.3263011152416357,0.32409022453587005,0.32851975765216684,0.08333333333333333,0.31011240889082176,0.0013845018910502878
global_B_id_population,0.5,172160,56224,0.3265799256505576,0.3243685412600435,0.32879904930329357,0.0,0.28718816681168363,0.0
global_B_id_population,1.0,172160,56224,0.3265799256505576,0.3243685412600435,0.32879904930329357,0.0,0.28718816681168363,0.0
global_B_id_population,1.5,172160,56224,0.3265799256505576,0.3243685412600435,0.32879904930329357,0.0,0.28718816681168363,0.0
global_C_cross_id,0.5,172160,59117,0.34338406133828997,0.34114454501132396,0.3456305670049963,0.0,0.3146987471081156,0.00046469055262267106
global_C_cross_id,1.0,172160,59120,0.3434014869888476,0.34116194312571263,0.3456480194140639,0.0,0.3146987471081156,0.0005116815309644464
global_C_cross_id,1.5,172160,59100,0.3432853159851301,0.341045955759723,0.34553166995701184,0.0,0.3146987471081156,0.0003006804427216765
global_D_bus_idpop,0.5,172160,74092,0.4303671003717472,0.42802980472997626,0.43270750353882353,0.027777777777777776,0.40880537056433824,0.00043436933416512156
global_D_bus_idpop,1.0,172160,74090,0.43035548327137546,0.42801819560687104,0.4326958789796246,0.027777777777777776,0.40880537056433824,0.000346099594994033
global_D_bus_idpop,1.5,172160,74095,0.4303845260223048,0.42804721841709586,0.4327249403751601,0.027777777777777776,0.40880537056433824,0.0003531894607223633
global_E_all,0.5,172160,73058,0.4243610594795539,0.4220280635247371,0.4266974309928063,0.0,0.40810378496012434,0.00023238791552810732
global_E_all,1.0,172160,73061,0.4243784851301115,0.4220454761909572,0.4267148688500424,0.0,0.40810378496012434,0.00021202468784643509
global_E_all,1.5,172160,73061,0.4243784851301115,0.4220454761909572,0.4267148688500424,0.0,0.40810378496012434,0.00012856061165857432
max,0.25,172160,47502,0.27591775092936804,0.2738113531048999,0.27803414892994793,0.0,0.2846607357113345,-0.007422582130245077
max,0.5,172160,47647,0.2767599907063197,0.27465158427624037,0.2788783597256598,0.041666666666666664,0.2846607357113345,-0.006540126102938824
max,0.75,172160,47993,0.27876974907063196,0.27665658743479066,0.28089278360573106,0.06944444444444445,0.2846607357113345,-0.00442700553970413
max,1.0,172160,48975,0.28447374535315983,0.28234737474627225,0.28660973430559733,0.125,0.2846607357113345,0.00265952017903749
max,1.5,172160,53983,0.31356296468401484,0.31137558873666077,0.31575866080485276,0.2777777777777778,0.2846607357113345,0.04678916274782933
max,2.0,172160,79178,0.45990938661710035,0.4575560203278281,0.46226454204047823,0.5138888888888888,0.2846607357113345,0.2765478768605066
max,3.0,172160,109583,0.6365183550185873,0.6342431839172561,0.6387874336802081,0.7083333333333334,0.2846607357113345,0.45770173894124494
or,0.25,172160,73674,0.42793912639405207,0.42560352655997435,0.4302779421072538,0.0,0.41538760426967847,-0.003394629699639824
or,0.5,172160,73772,0.42850836431226763,0.42617236174323797,0.43084755735689445,0.013888888888888888,0.41538760426967847,-0.0028051069869835157
or,0.75,172160,74066,0.4302160780669145,0.4278788862320261,0.4325563841668194,0.041666666666666664,0.41538760426967847,-0.0008480761698514677
or,1.0,172160,75075,0.43607690520446096,0.43373584739766186,0.43842081572363795,0.125,0.41538760426967847,0.00824011368565708
or,1.5,172160,79717,0.46304019516728623,0.4606856161346141,0.46539642361466627,0.3055555555555556,0.41538760426967847,0.05276967650133096
or,2.0,172160,102274,0.5940636617100372,0.5917418686138427,0.5963812570030291,0.5972222222222222,0.41538760426967847,0.26879897726038604
or,3.0,172160,126156,0.7327834572490707,0.7306879759145671,0.7348685500964093,0.75,0.41538760426967847,0.4158368603010934
pird,0.25,172160,3295,0.01913917286245353,0.018502595991715325,0.01979720923289114,0.041666666666666664,0.03755629631607104,-0.018223633798266164
pird,0.5,172160,3608,0.02095724907063197,0.020291220998142206,0.021644655507067005,0.09722222222222222,0.03755629631607104,-0.016311993530273183
pird,0.75,172160,4369,0.025377555762081783,0.0246451745212449,0.02613111810070133,0.20833333333333334,0.03755629631607104,-0.011334633559973122
pird,1.0,172160,6075,0.03528694237918216,0.03442570236854451,0.0361689212588595,0.2638888888888889,0.03755629631607104,0.002449668760354095
pird,1.5,172160,14028,0.08148234200743494,0.08019935506268461,0.08278400624725496,0.3333333333333333,0.03755629631607104,0.07224492214205862
pird,2.0,172160,57472,0.3338289962825279,0.33160508681153894,0.3360603215096007,0.6111111111111112,0.03755629631607104,0.4418044674649677
pird,3.0,172160,93428,0.5426812267657992,0.5403270299136068,0.545033518871917,0.7638888888888888,0.03755629631607104,0.6653522004196764
weighted_0.25,0.25,172160,62629,0.36378368959107804,0.36151419973392257,0.36605925840852166,0.027777777777777776,0.39999788370140515,-0.047136056741517725
weighted_0.25,0.5,172160,64854,0.37670771375464684,0.3744215294029017,0.3789994003029327,0.06944444444444445,0.39999788370140515,-0.03254583628934893
weighted_0.25,0.75,172160,67987,0.39490590148698884,0.39259914198643214,0.39721735104888595,0.25,0.39999788370140515,-0.013177425225792903
weighted_0.25,1.0,172160,71986,0.4181342936802974,0.41580612798564603,0.4204661128168618,0.3472222222222222,0.39999788370140515,0.010076593168278481
weighted_0.25,1.5,172160,81675,0.47441333643122674,0.472055136661516,0.47677267806354773,0.8055555555555556,0.39999788370140515,0.06719210458466618
weighted_0.25,2.0,172160,93366,0.5423210966542751,0.5399667627135367,0.5446735419205577,0.9861111111111112,0.39999788370140515,0.1334640939547369
weighted_0.25,3.0,172160,108168,0.6282992565055762,0.626013606485931,0.6305791808813324,1.0,0.39999788370140515,0.21626002773153802
weighted_0.5,0.25,172160,20731,0.12041705390334573,0.11888816904323929,0.12196287850912901,0.125,0.23270715855917837,-0.1093814242899242
weighted_0.5,0.5,172160,23261,0.13511268587360595,0.13350602892692057,0.1367356267402239,0.2777777777777778,0.23270715855917837,-0.09369491338627305
weighted_0.5,0.75,172160,28217,0.16389986059479553,0.16215869152224988,0.16565602889463,0.3888888888888889,0.23270715855917837,-0.0605166695147181
weighted_0.5,1.0,172160,39374,0.22870585501858737,0.22672793547544506,0.23069588167525218,0.4722222222222222,0.23270715855917837,0.014024592877684297
weighted_0.5,1.5,172160,69914,0.4060989776951673,0.40378123174916275,0.408420914186224,0.9166666666666666,0.23270715855917837,0.2150655476155487
weighted_0.5,2.0,172160,106644,0.6194470260223048,0.6171508802969611,0.6217378411545241,0.9861111111111112,0.23270715855917837,0.42816441083522055
weighted_0.5,3.0,172160,138579,0.8049430762081784,0.8030645071819851,0.8068080364613486,1.0,0.23270715855917837,0.6096134806028257
weighted_0.75,0.25,172160,6293,0.0365532063197026,0.03567702195338285,0.037450073045175794,0.125,0.07468069473411193,-0.0352963540941064
weighted_0.75,0.5,172160,7291,0.04235013940520446,0.04140899993196466,0.04331170253637526,0.19444444444444445,0.07468069473411193,-0.028976820353453107
weighted_0.75,0.75,172160,9390,0.05454228624535316,0.053479493452564045,0.05562495859400321,0.3333333333333333,0.07468069473411193,-0.014634571067833594
weighted_0.75,1.0,172160,12913,0.07500580855018588,0.0737710216157514,0.0762595618096129,0.4027777777777778,0.07468069473411193,0.012065387419383587
weighted_0.75,1.5,172160,31854,0.18502555762081785,0.18319826144618692,0.18686691024082777,0.5555555555555556,0.07468069473411193,0.17183020098742532
weighted_0.75,2.0,172160,79970,0.46450975836431224,0.4621546422907071,0.46686645827005097,0.7916666666666666,0.07468069473411193,0.5134816209288385
weighted_0.75,3.0,172160,116064,0.6741635687732342,0.6719457304125476,0.6763736346915825,0.9861111111111112,0.07468069473411193,0.7086601913274988
