corpus,dataset,capture,attack_type,representation,detector,n_seeds,precision_mean,precision_std,precision_ci95_low,precision_ci95_high,recall_mean,recall_std,recall_ci95_low,recall_ci95_high,f1_mean,f1_std,f1_ci95_low,f1_ci95_high,roc_auc_mean,roc_auc_std,roc_auc_ci95_low,roc_auc_ci95_high,pr_auc_mean,pr_auc_std,pr_auc_ci95_low,pr_auc_ci95_high,fpr_mean,fpr_std,fpr_ci95_low,fpr_ci95_high
hcrl,DoS,DoS,DoS,raw,autoencoder,5,0.1512262692628159,0.09537407393619958,0.0676272075187421,0.2348253310068897,0.007953376756942064,0.004446072769797319,0.004056222146040454,0.011850531367843675,0.015069891148604242,0.008427810705246884,0.007682589354338711,0.022457192942869773,0.8160563164411372,0.1178907619806988,0.7127205074195658,0.9193921254627085,0.46734301666847067,0.14398668038706394,0.34113312663006645,0.5935529067068749,0.013685743084331953,0.00528642505780439,0.009051987215746075,0.01831949895291783
hcrl,DoS,DoS,DoS,raw,elliptic_envelope,5,0.3642244749221494,0.20508144968482092,0.18446265845372015,0.5439862913905786,0.007953376756942064,0.00444607276979732,0.004056222146040453,0.011850531367843677,0.015565918423198946,0.008701639714477856,0.007938594919623482,0.02319324192677441,0.6318984513220569,0.015502590757979204,0.6183098313912739,0.6454870712528399,0.2807936951183548,0.008984659445316873,0.27291829388278444,0.2886690963539251,0.00459177959457946,0.0015778925751601938,0.0032086957713533077,0.0059748634178056126
hcrl,DoS,DoS,DoS,raw,hbos,5,0.2188679245283019,0.0,0.2188679245283019,0.2188679245283019,0.00994172094617758,0.0,0.00994172094617758,0.00994172094617758,0.01901951139531071,0.0,0.01901951139531071,0.01901951139531071,0.25062287171340214,0.0,0.25062287171340214,0.25062287171340214,0.3004832883295875,0.0,0.3004832883295875,0.3004832883295875,0.011591443610706686,0.0,0.011591443610706686,0.011591443610706686
hcrl,DoS,DoS,DoS,raw,isolation_forest,5,0.0,0.0,0.0,0.0,0.0,0.0,0.0,0.0,0.0,0.0,0.0,0.0,0.8539905600472213,0.019860059936456533,0.8365824499776076,0.871398670116835,0.502097823204206,0.034216871938176026,0.4721054125647887,0.5320902338436233,0.0010191510807481242,0.00012139927981117032,0.0009127399202538246,0.0011255622412424237
hcrl,DoS,DoS,DoS,raw,lof,5,0.0,0.0,0.0,0.0,0.0,0.0,0.0,0.0,0.0,0.0,0.0,0.0,0.9535203381201021,0.006860654917008055,0.9475067089403796,0.9595339672998245,0.7074168287752729,0.02561991137862795,0.684959986314581,0.7298736712359648,0.003841415612050622,0.0005800521519802245,0.003332977483460076,0.004349853740641168
hcrl,DoS,DoS,DoS,raw,one_class_svm,5,0.28428968267446064,0.03300162339022226,0.2553624843532541,0.3132168809956672,0.00994172094617758,0.0,0.00994172094617758,0.00994172094617758,0.01920430469862288,8.164116987406074e-05,0.019132743058027285,0.019275866339218475,0.9851857239066444,0.0006524014825553239,0.9846138687937072,0.9857575790195816,0.8668835847961314,0.0041007402497841225,0.8632891274851494,0.8704780421071133,0.008310001119946241,0.0014421890042334924,0.007045866721197664,0.009574135518694819
hcrl,DoS,DoS,DoS,residual,autoencoder,5,0.049965681735682624,0.017144286229545006,0.034938052277171956,0.0649933111941933,0.00994172094617758,0.0,0.00994172094617758,0.00994172094617758,0.01638991822305877,0.0008629853013238931,0.01563347825450017,0.017146358191617368,0.7655725050394702,0.08165920698833579,0.6939950542161295,0.8371499558628108,0.38182789193488753,0.05956764649621617,0.3296145476594027,0.4340412362103724,0.06725277186695039,0.020592588030005545,0.049202572613195966,0.08530297112070481
hcrl,DoS,DoS,DoS,residual,elliptic_envelope,5,0.019925292229687624,0.000352035797396774,0.019616719248078552,0.020233865211296696,0.00994172094617758,0.0,0.00994172094617758,0.00994172094617758,0.013264179541037934,7.799623299620899e-05,0.013195812828482308,0.01333254625359356,0.6765408331363413,0.0007416591457495821,0.6758907402320573,0.6771909260406253,0.3095277845163885,0.0004911393421919062,0.3090972819018068,0.30995828713097023,0.1597939298913652,0.002879536208303948,0.15726990511883288,0.16231795466389753
hcrl,DoS,DoS,DoS,residual,hbos,5,0.2529207451847174,0.0,0.2529207451847174,0.2529207451847174,0.13729859444634898,0.0,0.13729859444634898,0.13729859444634898,0.17798022441950898,0.0,0.17798022441950898,0.17798022441950898,0.7559967227846632,0.0,0.7559967227846632,0.7559967227846632,0.5119731662585943,0.0,0.5119731662585943,0.5119731662585943,0.13248964049725614,0.0,0.13248964049725614,0.13248964049725614
hcrl,DoS,DoS,DoS,residual,isolation_forest,5,0.04691229282779441,0.006421349752146226,0.04128373160297906,0.05254085405260976,0.00994172094617758,0.0,0.00994172094617758,0.00994172094617758,0.016371619634328767,0.00038753806130904567,0.01603192754633821,0.016711311722319325,0.8782965878727982,0.01550749921767981,0.8647036654873895,0.8918895102582068,0.5747076732121835,0.045560620487347034,0.5347720285655267,0.6146433178588403,0.06700638369358272,0.009368435670347543,0.058794587764904205,0.07521817962226124
hcrl,DoS,DoS,DoS,residual,lof,5,0.0,0.0,0.0,0.0,0.0,0.0,0.0,0.0,0.0,0.0,0.0,0.0,0.8086662837784061,0.027463246437207156,0.7845936868991679,0.8327388806576443,0.4186412938131401,0.032518345620109704,0.39013770713476015,0.44714488049152,0.022690110874678017,0.005530624078751553,0.017842305126628454,0.02753791662272758
hcrl,DoS,DoS,DoS,residual,one_class_svm,5,0.06072765878254775,0.006147214193542675,0.05533938796941467,0.06611592959568084,0.00994172094617758,0.0,0.00994172094617758,0.00994172094617758,0.017067005670316066,0.0002766274290139006,0.016824531037915362,0.01730948030271677,0.817128771511117,0.0178131605634043,0.801514847848872,0.832742695173362,0.4252299308507263,0.020624911832734676,0.407151398534656,0.4433084631667966,0.05074476425131593,0.0063051580968772145,0.045218049502823675,0.05627147899980819
hcrl,Fuzzy,Fuzzy,Fuzzy,raw,autoencoder,5,0.23861984646237594,0.0824803029590746,0.16632267328763894,0.31091701963711293,0.1279320987654321,0.08975924737290222,0.04925464950130082,0.20660954802956338,0.15998017995990504,0.09809290908682557,0.07399795413099632,0.2459624057888138,0.8256383172353928,0.01322399790762955,0.8140469719991291,0.8372296624716565,0.23759406095640823,0.03258698368711474,0.20903031035963063,0.2661578115531858,0.023310479921645446,0.011676764214085018,0.01307534481399249,0.0335456150292984
hcrl,Fuzzy,Fuzzy,Fuzzy,raw,elliptic_envelope,5,0.20632424292225443,0.0074294648962737585,0.19981202981280394,0.21283645603170492,0.3864197530864198,0.10700216006249562,0.2926282244599109,0.4802112817129287,0.26528787000451454,0.016769329064234683,0.2505889049924354,0.27998683501659366,0.8405692606020801,0.013827978872824711,0.8284485027076619,0.8526900184964984,0.22847494240758034,0.0046174417083364085,0.22442757629912302,0.23252230851603767,0.10012887262230012,0.03192721046508401,0.07214343875300688,0.12811430649159336
hcrl,Fuzzy,Fuzzy,Fuzzy,raw,hbos,5,0.2908093278463649,0.0,0.2908093278463649,0.2908093278463649,0.16358024691358025,0.0,0.16358024691358025,0.16358024691358025,0.20938271604938272,0.0,0.20938271604938272,0.20938271604938272,0.7781902894956403,0.0,0.7781902894956403,0.7781902894956403,0.25280528214563375,0.0,0.25280528214563375,0.25280528214563375,0.02665085829166452,0.0,0.02665085829166452,0.02665085829166452
hcrl,Fuzzy,Fuzzy,Fuzzy,raw,isolation_forest,5,0.34429311664758494,0.00868258050282874,0.3366824992796047,0.3519037340155652,0.11234567901234567,0.010245216838549188,0.10336535050461886,0.12132600752007248,0.16923702736815732,0.011984122715610496,0.15873248065537798,0.17974157408093666,0.8801976874205684,0.011615775261435484,0.8700160114869637,0.890379363354173,0.30093129093573145,0.008840574872593186,0.29318218539661584,0.3086803964748471,0.014289396360637146,0.0011711962065694276,0.013262797622148529,0.015315995099125764
hcrl,Fuzzy,Fuzzy,Fuzzy,raw,lof,5,0.24203057802607847,0.04304800053808605,0.20429734187062415,0.2797638141815328,0.07191358024691359,0.016917339291206427,0.05708487855071585,0.08674228194311134,0.1107594971005174,0.024521321576884695,0.08926561105845117,0.13225338314258364,0.6587865711863727,0.006685427525137568,0.6529265355876692,0.6646466067850763,0.15672084567279038,0.01603386422967124,0.1426665440118479,0.17077514733373286,0.014918294757461726,0.0012288800250001082,0.013841133922801709,0.015995455592121743
hcrl,Fuzzy,Fuzzy,Fuzzy,raw,one_class_svm,5,0.43096175570287576,0.013834191437803614,0.4188355522551554,0.4430879591505961,0.39583333333333337,0.008184106263733202,0.38865964790054397,0.40300701876612277,0.4124462546626799,0.003896352294794666,0.4090309512932642,0.4158615580320956,0.6149520641575644,0.0079439282014505,0.6079889040785706,0.6219152242365582,0.22225661687574366,0.0038544855703424178,0.2188780113083412,0.22563522244314613,0.03499149440692819,0.002488116187900957,0.03281056440955903,0.03717242440429735
hcrl,Fuzzy,Fuzzy,Fuzzy,residual,autoencoder,5,0.2952260098320131,0.0958833180094601,0.21118057597687911,0.37927144368714705,0.912037037037037,0.03925717853986109,0.8776266028676066,0.9464474712064673,0.4374829060816305,0.09588475544436476,0.35343621225924976,0.5215295999040112,0.9399292409752572,0.006940651344615278,0.9338454918351007,0.9460129901154137,0.6789653003669616,0.07726260663163906,0.6112416396724706,0.7466889610614525,0.16242074333728543,0.06431980187971953,0.10604195121075576,0.2187995354638151
hcrl,Fuzzy,Fuzzy,Fuzzy,residual,elliptic_envelope,5,0.24799837870801814,0.01375763892838,0.23593927649334617,0.2600574809226901,0.8290123456790124,0.04488128190886102,0.7896721675509188,0.8683525238071059,0.38115929802657617,0.012535637817892157,0.37017132701214356,0.3921472690410088,0.9345142520392103,0.0006776248701723435,0.933920287652214,0.9351082164262067,0.6887224260337261,0.007294114167766155,0.6823288530687365,0.6951159989987158,0.16911180988710756,0.023416140577457528,0.14858665770316815,0.18963696207104697
hcrl,Fuzzy,Fuzzy,Fuzzy,residual,hbos,5,0.2861325525685387,0.0,0.2861325525685387,0.2861325525685387,0.8294753086419753,0.0,0.8294753086419753,0.8294753086419753,0.4254898080348307,6.206335383118183e-17,0.42548980803483066,0.4254898080348308,0.911919420881438,0.0,0.911919420881438,0.911919420881438,0.5566752385166889,0.0,0.5566752385166889,0.5566752385166889,0.1382545492035672,0.0,0.1382545492035672,0.1382545492035672
hcrl,Fuzzy,Fuzzy,Fuzzy,residual,isolation_forest,5,0.32262182392595157,0.01669321780525903,0.30798957337385013,0.337254074478053,0.9734567901234568,0.010024927017846737,0.9646695541571559,0.9822440260897576,0.48436928590817113,0.01785221675406899,0.46872112798539683,0.5000174438309454,0.9750022194729396,0.0015298519173917418,0.9736612451428834,0.9763431938029958,0.7737650685450329,0.009715393965526708,0.7652491502616702,0.7822809868283956,0.1370379916490541,0.011413872096627874,0.12703329164239127,0.1470426916557169
hcrl,Fuzzy,Fuzzy,Fuzzy,residual,lof,5,0.5118828219390544,0.08380317607874735,0.4384260993496088,0.5853395445285,0.3859567901234568,0.10813679148261074,0.29117071320691235,0.48074286704000124,0.43776394750685305,0.09936088534190189,0.35067029148666345,0.5248576035270426,0.8242840250770213,0.01357612014944359,0.812384031087276,0.8361840190667665,0.4860669106745895,0.09143092626143395,0.4059241702589854,0.5662096510901936,0.02399092736739007,0.003839556432393978,0.020625407766368502,0.027356446968411635
hcrl,Fuzzy,Fuzzy,Fuzzy,residual,one_class_svm,5,0.41587634307704074,0.004479023477718032,0.41195030589719467,0.4198023802568868,0.7032407407407406,0.005866227718749433,0.6980987654320987,0.7083827160493825,0.5226373083723412,0.003065275834604829,0.5199504756390434,0.5253241411056391,0.7990090490855135,0.008738317759907334,0.7913495758576161,0.8066685223134109,0.6166568567042526,0.0028432862289391307,0.614164606439593,0.6191491069689122,0.06600340223722873,0.0015756647938421906,0.06462227115042526,0.06738453332403219
hcrl,RPM,RPM,RPM,raw,autoencoder,5,0.19002135507668413,0.42490066712809044,-0.1824205008736167,0.5624632110269849,0.19837859748682612,0.44358802926161217,-0.1904434535873531,0.5872006485610053,0.19411006445215667,0.4340432992318878,-0.18634566187407037,0.5745657907783837,0.97664069559213,0.012238103963747507,0.9659135244996996,0.9873678666845603,0.7888331888653415,0.08162112596033098,0.7172891175347713,0.8603772601959117,0.013648713440946142,0.002586490016998615,0.011381554980501814,0.01591587190139047
hcrl,RPM,RPM,RPM,raw,elliptic_envelope,5,0.0,0.0,0.0,0.0,0.0,0.0,0.0,0.0,0.0,0.0,0.0,0.0,0.8376044259425525,0.01760956813803497,0.8221689589094167,0.8530398929756883,0.40276385592538394,0.024714206748463023,0.38110089857596136,0.4244268132748065,0.011240743700388897,0.0017568198229014067,0.009700823229484037,0.012780664171293758
hcrl,RPM,RPM,RPM,raw,hbos,5,0.0,0.0,0.0,0.0,0.0,0.0,0.0,0.0,0.0,0.0,0.0,0.0,0.6157699836121391,0.0,0.6157699836121391,0.6157699836121391,0.37583865507140807,0.0,0.37583865507140807,0.37583865507140807,0.009535986361941293,0.0,0.009535986361941293,0.009535986361941293
hcrl,RPM,RPM,RPM,raw,isolation_forest,5,0.0,0.0,0.0,0.0,0.0,0.0,0.0,0.0,0.0,0.0,0.0,0.0,0.8737772025287089,0.015345883252459116,0.8603259427828175,0.8872284622746004,0.4631998278823318,0.026902757581505767,0.4396185211464295,0.48678113461823413,0.005124926748708113,0.0015266414882175352,0.003786766483897179,0.006463087013519047
hcrl,RPM,RPM,RPM,raw,lof,5,0.0035034633344055294,6.065702134463807e-05,0.003450295110974137,0.003556631557836922,0.0008107012565869477,0.0,0.0008107012565869477,0.0008107012565869477,0.001316666759213315,4.269060177204273e-06,0.0013129247629808586,0.0013204087554457714,0.7412682721712984,0.0049620034642477405,0.7369188843674447,0.7456176599751522,0.3072832781964686,0.0038206951347490923,0.30393429125176874,0.3106322651411685,0.06062543284854296,0.001048693180173114,0.05970621274708721,0.0615446529499987
hcrl,RPM,RPM,RPM,raw,one_class_svm,5,0.0,0.0,0.0,0.0,0.0,0.0,0.0,0.0,0.0,0.0,0.0,0.0,0.9751301787505356,0.002363118302758782,0.9730588142303094,0.9772015432707619,0.7728418280058497,0.013942484599784569,0.7606207014164277,0.7850629545952716,0.01097437536625646,0.0012657401705307891,0.009864905189498124,0.012083845543014797
hcrl,RPM,RPM,RPM,residual,autoencoder,5,0.8127134335797989,0.0071917136524753894,0.8064096186239528,0.819017248535645,1.0,0.0,1.0,1.0,0.8966677693128833,0.0043724530317504175,0.892835145247575,0.9005003933781915,1.0,0.0,1.0,1.0,1.0,0.0,1.0,1.0,0.06059346864844708,0.0028551405322011928,0.05809082762884289,0.06309610966805126
hcrl,RPM,RPM,RPM,residual,elliptic_envelope,5,0.9474761015872859,0.004170844081327962,0.9438201955586403,0.9511320076159315,1.0,0.0,1.0,1.0,0.9730259900212012,0.002200215094338326,0.971097416458905,0.9749545635834973,1.0,0.0,1.0,1.0,1.0,0.0,1.0,1.0,0.014575675243727026,0.001222163404233893,0.013504401786747047,0.015646948700707007
hcrl,RPM,RPM,RPM,residual,hbos,5,0.9543520309477757,0.0,0.9543520309477757,0.9543520309477757,1.0,0.0,1.0,1.0,0.9766429136975457,1.2412670766236366e-16,0.9766429136975456,0.9766429136975459,0.9999988662879984,0.0,0.9999988662879984,0.9999988662879984,0.9999957230013246,0.0,0.9999957230013246,0.9999957230013246,0.01257258537105109,0.0,0.01257258537105109,0.01257258537105109
hcrl,RPM,RPM,RPM,residual,isolation_forest,5,0.9832576603711051,0.0030948781664114637,0.9805448800499321,0.985970440692278,0.9993514389947304,0.00016957033371182168,0.9992028040438168,0.9995000739456441,0.9912371186970409,0.0015197610153916152,0.9899049894325728,0.992569247961509,0.9994113572936131,0.000359229172522456,0.9990964790407026,0.9997262355465235,0.9952938946766843,0.002766899223824484,0.99286860057415,0.9977191887792185,0.0044749880134249635,0.0008423306324032761,0.0037366526604199913,0.005213323366429936
hcrl,RPM,RPM,RPM,residual,lof,5,0.8371180023229698,0.009186375794499596,0.8290657889115728,0.8451702157343669,1.0,0.0,1.0,1.0,0.911316518676653,0.0054459014324404155,0.9065429756023865,0.9160900617509194,0.9998568262106093,7.415500878785146e-06,0.9998503262375009,0.9998633261837178,0.9994933528415746,2.400749712646953e-05,0.9994723093425212,0.999514396340628,0.05117468435352405,0.0034489505210810525,0.04815154592958519,0.054197822777462906
hcrl,RPM,RPM,RPM,residual,one_class_svm,5,0.8057633471601775,0.001361192342797708,0.80457020946547,0.806956484854885,1.0,0.0,1.0,1.0,0.8924346521625062,0.0008353978743619962,0.8917023936398559,0.8931669106851564,0.9998668158329338,0.0,0.9998668158329338,0.9998668158329338,0.9989876493217251,1.2412670766236366e-16,0.998987649321725,0.9989876493217252,0.06336369932342442,0.0005518390778361779,0.06287999104467688,0.06384740760217196
hcrl,gear,gear,gear,raw,autoencoder,5,0.007246376811594203,0.016203391141302825,-0.006956521739130435,0.021449275362318842,0.0001919754271453254,0.00042927010510650606,-0.0001842964100595124,0.0005682472643501632,0.0003740415186085655,0.0008363822620160051,-0.00035907985786422285,0.001107162895081354,0.9390105850369392,0.0611510161977523,0.8854093560252843,0.9926118140485942,0.695995637454071,0.14434165499395735,0.5694745984539572,0.8225166764541848,0.010490455848158763,0.003008312560579922,0.007853553626013685,0.013127358070303841
hcrl,gear,gear,gear,raw,elliptic_envelope,5,0.0,0.0,0.0,0.0,0.0,0.0,0.0,0.0,0.0,0.0,0.0,0.0,0.737761136746994,0.08284884278248457,0.6651409241740133,0.8103813493199746,0.3252061869334855,0.07499438815265938,0.2594707073960678,0.3909416664709032,0.019748012761585464,0.011170635185550669,0.009956519307902494,0.029539506215268435
hcrl,gear,gear,gear,raw,hbos,5,0.0,0.0,0.0,0.0,0.0,0.0,0.0,0.0,0.0,0.0,0.0,0.0,0.5783916962473502,0.0,0.5783916962473502,0.5783916962473502,0.2629738770507687,0.0,0.2629738770507687,0.2629738770507687,0.003082247336830152,0.0,0.003082247336830152,0.003082247336830152
hcrl,gear,gear,gear,raw,isolation_forest,5,0.0,0.0,0.0,0.0,0.0,0.0,0.0,0.0,0.0,0.0,0.0,0.0,0.74293999284979,0.051866545498117,0.6974769612249748,0.7884030244746051,0.3228973964943055,0.04858254460533202,0.2803129185693898,0.3654818744192212,0.0072567998702211655,0.0008441514969086961,0.006516868459105915,0.007996731281336416
hcrl,gear,gear,gear,raw,lof,5,0.9611119204953893,0.00326574118351261,0.9582493721363534,0.9639744688544252,0.22687655980034555,0.031927250847297105,0.19889109053448187,0.25486202906620925,0.3662319974298623,0.04228284278921878,0.32916945161247935,0.40329454324724523,0.9614038682451664,0.00201017183812135,0.9596418749415804,0.9631658615487525,0.8761433881315934,0.005623086292744238,0.8712145356795754,0.8810722405836114,0.0025631319958903365,0.0001896466545909284,0.002396899373833007,0.002729364617947666
hcrl,gear,gear,gear,raw,one_class_svm,5,0.0,0.0,0.0,0.0,0.0,0.0,0.0,0.0,0.0,0.0,0.0,0.0,0.9396349904858855,0.007414524145289411,0.9331358735220907,0.9461341074496803,0.669638412487342,0.011584496524467573,0.6594841535755247,0.6797926713991593,0.009992970313091442,0.001958438281163987,0.008276323471534598,0.011709617154648286
hcrl,gear,gear,gear,residual,autoencoder,5,0.9095778048696095,0.03354731639159504,0.8801722855432041,0.9389833241960148,1.0,0.0,1.0,1.0,0.952386963939621,0.018580173130857552,0.9361007241191305,0.9686732037601115,0.9999984366247052,6.791413248089092e-08,0.9999983770953434,0.999998496154067,0.999994452119641,2.3898511932544644e-07,0.9999942426399479,0.9999946615993341,0.028345860595901152,0.011674173011121449,0.01811299677778845,0.03857872441401385
hcrl,gear,gear,gear,residual,elliptic_envelope,5,0.7752334539779923,0.0722136448526381,0.7119354034109299,0.8385315045450547,1.0,0.0,1.0,1.0,0.8719714042435911,0.04351865140764702,0.8338256244116378,0.9101171840755444,0.9984316854357692,2.7855087126208708e-08,0.9984316610197088,0.9984317098518296,0.9711645181025279,9.77367923565038e-08,0.9711644324324522,0.9711646037726036,0.08392364678527012,0.03028409388910124,0.057378468096647706,0.11046882547389253
hcrl,gear,gear,gear,residual,hbos,5,0.8495994768677455,1.2412670766236366e-16,0.8495994768677454,0.8495994768677456,0.997696294874256,0.0,0.997696294874256,0.997696294874256,0.9177114603567013,1.2412670766236366e-16,0.9177114603567011,0.9177114603567014,0.9976905438124144,1.2412670766236366e-16,0.9976905438124143,0.9976905438124145,0.9842178401042508,0.0,0.9842178401042508,0.9842178401042508,0.049748553506732275,0.0,0.049748553506732275,0.049748553506732275
hcrl,gear,gear,gear,residual,isolation_forest,5,0.8640702569460901,0.02774660329569007,0.839749286829448,0.8883912270627321,0.9993088884622768,0.0010567371045899481,0.9983826175501948,1.000235159374359,0.9265809507218756,0.015599703141633052,0.9129072080337003,0.940254693410051,0.9993974672718127,0.00040703991041861706,0.9990406810593861,0.9997542534842392,0.994750126112662,0.004453014466724383,0.9908468868361268,0.9986533653891972,0.044557400097334124,0.010533501713503571,0.03532437875531236,0.05379042143935589
hcrl,gear,gear,gear,residual,lof,5,0.9815501920576504,0.0018178471347992666,0.9799567787893335,0.9831436053259672,0.9966980226531004,0.0006279680258704307,0.9961475844092317,0.9972484608969691,0.9890656087425566,0.0011227889033002332,0.9880814408761891,0.990049776608924,0.9999534932183198,1.2794169053815581e-05,0.9999422786346857,0.999964707801954,0.9998424215924373,4.2568596058811835e-05,0.9998051085728356,0.999879734612039,0.005277672632888119,0.0005278847071590667,0.004814961285807944,0.005740383979968295
hcrl,gear,gear,gear,residual,one_class_svm,5,0.910228984472595,0.006881734775949191,0.9041968779818336,0.9162610909633565,1.0,0.0,1.0,1.0,0.9529941824597638,0.0037889416523530293,0.9496730286695666,0.9563153362499609,0.9994592548531877,1.2412670766236366e-16,0.9994592548531875,0.9994592548531878,0.9961751768980684,0.0,0.9961751768980684,0.9961751768980684,0.027794300546152596,0.0023620104545332334,0.025723907097711215,0.029864693994593978
road,correlated_signal_attack,correlated_signal_attack_1,correlated_signal_attack,raw,autoencoder,5,0.5403241752461505,0.2518841158671664,0.31953801307783486,0.7611103374144661,0.3012139966674601,0.2363491944904996,0.09404479346669439,0.5083831998682259,0.3746484685258082,0.25382955419961156,0.1521570544733991,0.5971398825782173,0.9517877812336291,0.024313576755831633,0.9304759915559673,0.9730995709112908,0.5170457831104376,0.08651336024589261,0.44121347935751404,0.5928780868633612,0.014175456650373036,0.004057341990970963,0.010619039590461076,0.017731873710284996
road,correlated_signal_attack,correlated_signal_attack_1,correlated_signal_attack,raw,elliptic_envelope,5,0.0006772009029345372,0.0015142672533858621,-0.0006501128668171558,0.0020045146726862303,0.0001428231373482504,0.00031936224387047694,-0.00013711021185432032,0.00042275648655082116,0.00023589541969726754,0.000527478194023933,-0.00022645960290937678,0.0006982504423039119,0.8075938378168537,0.05994203386732089,0.7550523285415794,0.8601353470921279,0.16456861889668495,0.06169652629582045,0.11048922920164628,0.21864800859172362,0.01958543129111691,0.0023714079561550526,0.017506800569317065,0.021664062012916752
road,correlated_signal_attack,correlated_signal_attack_1,correlated_signal_attack,raw,hbos,5,0.0,0.0,0.0,0.0,0.0,0.0,0.0,0.0,0.0,0.0,0.0,0.0,0.5930209235187586,0.0,0.5930209235187586,0.5930209235187586,0.09904065050865699,0.0,0.09904065050865699,0.09904065050865699,0.014884780771068395,1.939479807224432e-18,0.014884780771068393,0.014884780771068397
road,correlated_signal_attack,correlated_signal_attack_1,correlated_signal_attack,raw,isolation_forest,5,0.0,0.0,0.0,0.0,0.0,0.0,0.0,0.0,0.0,0.0,0.0,0.0,0.8007909530893785,0.013564489496591614,0.78890115381635,0.8126807523624071,0.14878135448456722,0.007644722092698477,0.14208046012336686,0.15548224884576758,0.0147377705906134,0.0015533114380538913,0.01337623308405255,0.016099308097174247
road,correlated_signal_attack,correlated_signal_attack_1,correlated_signal_attack,raw,lof,5,0.0012570401814985068,0.0015705613845390628,-0.00011961756981838153,0.002633697932815395,0.0002856462746965008,0.0002607581801976511,5.7081652184954565e-05,0.0005142108972080471,0.00044338152218674346,0.00041014860104203596,8.387042228662157e-05,0.0008028926220868653,0.5428475479145449,0.02795805339227591,0.5183412336162955,0.5673538622127944,0.07221463598462785,0.0059355116185815905,0.06701193066015566,0.07741734130910004,0.022657944062626337,0.009665683544853509,0.014185598884151255,0.031130289241101422
road,correlated_signal_attack,correlated_signal_attack_1,correlated_signal_attack,raw,one_class_svm,5,0.0,0.0,0.0,0.0,0.0,0.0,0.0,0.0,0.0,0.0,0.0,0.0,0.804340400340636,0.022169310602771,0.7849081428159718,0.8237726578653003,0.2389694040166599,0.015829895046649434,0.22509388922746973,0.2528449188058501,0.018585762064022935,0.0006667067687650859,0.018001367814863892,0.019170156313181978
road,correlated_signal_attack,correlated_signal_attack_1,correlated_signal_attack,residual,autoencoder,5,0.22039162194534717,0.020008581842957177,0.20285332668473283,0.23792991720596152,0.999523922875506,1.2412670766236366e-16,0.9995239228755058,0.9995239228755061,0.36079611774385073,0.027026507428911252,0.3371063394841149,0.38448589600358657,0.9083749864365087,0.0008989382902764761,0.9075870322836516,0.9091629405893659,0.2747759363379946,0.0017751942190439285,0.2732199099987522,0.276331962677237,0.27535374324671985,0.03309453019979633,0.24634510851633545,0.30436237797710425
road,correlated_signal_attack,correlated_signal_attack_1,correlated_signal_attack,residual,elliptic_envelope,5,0.25636317770230377,0.0018678641265241522,0.25472592260772436,0.2580004327968832,0.9990478457510117,0.0,0.9990478457510117,0.9990478457510117,0.4080214506084282,0.0023649544115241375,0.4059484766679087,0.41009442454894773,0.9084231802999989,0.0001591606395219697,0.9082836698483481,0.9085626907516497,0.2747780801537986,0.000400615082057855,0.27442692555173176,0.2751292347558655,0.2237311183799478,0.0021883586920403175,0.22181293741248237,0.22564929934741323
road,correlated_signal_attack,correlated_signal_attack_1,correlated_signal_attack,residual,hbos,5,0.21682513435303843,0.0,0.21682513435303843,0.21682513435303843,0.9988098071887646,0.0,0.9988098071887646,0.9988098071887646,0.3563028064365473,0.0,0.3563028064365473,0.3563028064365473,0.9407545648327623,1.2412670766236366e-16,0.9407545648327622,0.9407545648327624,0.41626268330626515,6.206335383118183e-17,0.4162626833062651,0.4162626833062652,0.2785107868719909,0.0,0.2785107868719909,0.2785107868719909
road,correlated_signal_attack,correlated_signal_attack_1,correlated_signal_attack,residual,isolation_forest,5,0.2743929333275276,0.019881477883011704,0.2569660496000151,0.2918198170550401,0.9989050226136633,0.00027140571890004025,0.9986671250119817,0.9991429202153449,0.4302177034298456,0.024402725978436846,0.40882777101320433,0.4516076358464869,0.9619080656386634,0.005424300602788769,0.9571534565263977,0.966662674750929,0.49173461434179827,0.040847765084574085,0.45592996959424265,0.527539259089354,0.20509757800727701,0.02031395738629355,0.18729160928102478,0.22290354673352925
road,correlated_signal_attack,correlated_signal_attack_1,correlated_signal_attack,residual,lof,5,0.1810567010141807,0.01620064099079501,0.1668562130766617,0.1952571889516997,0.9998095691502022,0.0002607581801976447,0.9995810045276907,1.0000381337727138,0.30633637622237986,0.023187696712457757,0.2860114639148239,0.3266612885299358,0.908814739693516,0.00019329960187193043,0.9086453051219908,0.9089841742650412,0.2755896063654122,0.00047245660961126224,0.2751754798879723,0.27600373284285207,0.3518504906464773,0.038279813568887676,0.31829675464650503,0.3854042266464495
road,correlated_signal_attack,correlated_signal_attack_1,correlated_signal_attack,residual,one_class_svm,5,0.1578014550895431,0.004345847222761217,0.1539921520440534,0.1616107581350328,0.9999523922875506,0.0001064540812901812,0.9998590811711497,1.0000457034039516,0.27256676872891883,0.006481145035180847,0.2668857946276046,0.27824774283023307,0.9290494618656651,9.008315885430026e-05,0.9289705004954693,0.9291284232358609,0.35274252548068075,0.0002942016667829541,0.35248464634968074,0.35300040461168075,0.41229372634054906,0.01351293051833507,0.40044912050457143,0.4241383321765267
road,fuzzing_attack,fuzzing_attack_1,fuzzing_attack,raw,autoencoder,5,0.6967154965024751,0.11139891209144555,0.5990700448005248,0.7943609482044254,0.09535560236733877,0.04050244453085568,0.05985364443078288,0.13085756030389467,0.16323647841990555,0.060388752580483644,0.11030340292812565,0.21616955391168544,0.584949407928168,0.01773150961379615,0.5694070544788333,0.6004917613775026,0.3850134899307845,0.02169184012852239,0.3659997537296864,0.4040272261318826,0.018647193331858082,0.0175553824092201,0.0032592221841541754,0.03403516447956199
road,fuzzing_attack,fuzzing_attack_1,fuzzing_attack,raw,elliptic_envelope,5,0.5690899366763233,0.01703968318265327,0.5541539958310261,0.5840258775216206,0.14739693048450198,0.0029728284283789723,0.14479113147559267,0.15000272949341129,0.23410933193172406,0.003995650831961349,0.23060698955687334,0.2376116743065748,0.6038299209958484,0.0005066227524273755,0.6033858465738051,0.6042739954178917,0.42367530535332953,0.0014533352440476931,0.4224014008446131,0.424949209862046,0.041100538467212504,0.0028568858667705204,0.038596367594406045,0.04360470934001896
road,fuzzing_attack,fuzzing_attack_1,fuzzing_attack,raw,hbos,5,0.5354545454545454,0.0,0.5354545454545454,0.5354545454545454,0.05908315778914636,0.0,0.05908315778914636,0.05908315778914636,0.10642334447556238,0.0,0.10642334447556238,0.10642334447556238,0.6018701920040049,0.0,0.6018701920040049,0.6018701920040049,0.36999859986128797,0.0,0.36999859986128797,0.36999859986128797,0.01884635243785498,0.0,0.01884635243785498,0.01884635243785498
road,fuzzing_attack,fuzzing_attack_1,fuzzing_attack,raw,isolation_forest,5,0.6627814937147132,0.010740599131284107,0.6533669434822756,0.6721960439471507,0.05882234928277661,0.0009072459869270741,0.058027113112736145,0.059617585452817076,0.10805413141909151,0.0016483651562191274,0.10660927565500068,0.10949898718318234,0.5947095637251463,0.004288024319073779,0.5909509446894308,0.5984681827608618,0.3838840885610308,0.002738785461854186,0.3814834372573811,0.3862847398646805,0.011005384672125102,0.0004061970908684329,0.010649337223606867,0.011361432120643337
road,fuzzing_attack,fuzzing_attack_1,fuzzing_attack,raw,lof,5,0.21843136671726784,0.02413996083328279,0.19727175810548594,0.23959097532904974,0.014565151971110444,0.002256885230359383,0.012586904844450894,0.016543399097769994,0.027303234640444474,0.004149014644591802,0.02366646295674431,0.030940006324144637,0.48104952896947273,0.001965362620216433,0.47932681267713023,0.4827722452618152,0.2549601566727836,0.0014070564479189793,0.2537268173174189,0.2561934960281483,0.019067640333407094,0.001162785481333218,0.018048413920638825,0.020086866746175363
road,fuzzing_attack,fuzzing_attack_1,fuzzing_attack,raw,one_class_svm,5,0.6735824737661311,0.004395497856093601,0.6697296500216686,0.6774352975105936,0.10213662353295214,0.003533310427634147,0.09903954039064701,0.10523370667525726,0.1773643594740322,0.005478515426072583,0.17256222897390822,0.1821664899741562,0.6101998984341316,0.001240658538429671,0.6091124132772442,0.611287383591019,0.4046435571411024,0.002114603154488861,0.40279002575274436,0.4064970885294604,0.018189865014383712,0.00027277217802021945,0.01795076965847355,0.018428960370293877
road,fuzzing_attack,fuzzing_attack_1,fuzzing_attack,residual,autoencoder,5,0.22202388478325638,0.008482341349726337,0.21458878477164897,0.2294589847948638,0.29944828969806403,0.031014537651068496,0.27226284882248586,0.3266337305736422,0.25474978760383327,0.016273403319684906,0.24048552067298348,0.2690140545346831,0.46384366700894625,0.011003864651659322,0.45419835437342987,0.4734889796444626,0.26778185174152014,0.004666169761400294,0.2636917736113505,0.2718719298716898,0.3849745518920115,0.023138395278871106,0.36469285419635566,0.40525624958766737
road,fuzzing_attack,fuzzing_attack_1,fuzzing_attack,residual,elliptic_envelope,5,0.2203867660481756,0.002074546556557948,0.21856834581597853,0.22220518628037264,0.2846022670277861,0.0026362896948319363,0.2822914572251038,0.28691307683046846,0.2483978410817044,0.0010473060825774956,0.24747983682489863,0.24931584533851017,0.4847544515681729,0.0013402527123477052,0.4835796682688124,0.48592923486753337,0.2765667391476757,0.0007914906130109042,0.27587296703649156,0.27726051125885987,0.3702146492586855,0.007130027401767048,0.3639649046855849,0.37646439383178615
road,fuzzing_attack,fuzzing_attack_1,fuzzing_attack,residual,hbos,5,0.22991865785460092,0.0,0.22991865785460092,0.22991865785460092,0.18146253385495034,0.0,0.18146253385495034,0.18146253385495034,0.20283679991029882,0.0,0.20283679991029882,0.20283679991029882,0.48742005838812863,6.206335383118183e-17,0.4874200583881286,0.4874200583881287,0.2848192963507998,0.0,0.2848192963507998,0.2848192963507998,0.2234638931917091,0.0,0.2234638931917091,0.2234638931917091
road,fuzzing_attack,fuzzing_attack_1,fuzzing_attack,residual,isolation_forest,5,0.26460726629589276,0.02080011210658461,0.24637516416879646,0.28283936842298907,0.17355802989266728,0.011294096920844413,0.16365831745655143,0.18345774232878312,0.20893005076453558,0.006666281630835664,0.20308679728212256,0.2147733042469486,0.5069025249202675,0.006911787650476691,0.5008440759235239,0.5129609739170112,0.30413193307586106,0.011853704438663888,0.293741703023124,0.3145221631285981,0.17919893781810134,0.028037228762906298,0.1546232232475896,0.2037746523886131
road,fuzzing_attack,fuzzing_attack_1,fuzzing_attack,residual,lof,5,0.21626007755359158,0.0017545726049729181,0.2147221268560497,0.21779802825113348,0.2937907513291203,0.002763016293984476,0.29136886076465507,0.29621264189358554,0.24912055266754657,0.0009095407494510037,0.24832330504946779,0.24991780028562535,0.4579801504306339,0.0001603508141227389,0.45783959674494856,0.4581207041163192,0.2697618848580416,0.00019003402620626728,0.2695953126897926,0.2699284570262906,0.3915099210739839,0.007019455286531328,0.38535709723318784,0.39766274491478
road,fuzzing_attack,fuzzing_attack_1,fuzzing_attack,residual,one_class_svm,5,0.21820607965400957,0.0002743328610982878,0.21796561629906547,0.21844654300895366,0.30580800481492626,0.0010342250110367782,0.30490146662287243,0.3067145430069801,0.2546841072551911,0.0004508504446381829,0.25428891941636744,0.2550792950940147,0.46782690018336914,0.0008549209148840606,0.46707752896119087,0.4685762714055474,0.2507412168487936,0.0002877709124469063,0.25048897452249963,0.25099345917508753,0.40283986132625216,0.0013248043849930365,0.40167861908285235,0.40400110356965196
road,max_engine_coolant_temp_attack,max_engine_coolant_temp_attack,max_engine_coolant_temp_attack,raw,autoencoder,5,0.3591476243589785,0.20112099368772623,0.18285730063245823,0.5354379480854988,0.7215686274509804,0.4172487283930728,0.3558339915277755,1.0873032633741853,0.4785507407362689,0.26967829570374846,0.24216729224631947,0.7149341892262183,0.971295613997939,0.052415904162481375,0.9253510482726454,1.0172401797232327,0.30938714575220616,0.16076248738933072,0.16847261253868365,0.4503016789657287,0.008696904247660186,0.001495852524052999,0.007385731699846105,0.010008076795474266
road,max_engine_coolant_temp_attack,max_engine_coolant_temp_attack,max_engine_coolant_temp_attack,raw,elliptic_envelope,5,0.43702396210752087,0.020368112839832177,0.4191705240332865,0.45487740018175526,0.9215686274509803,0.07688425069293196,0.8541766103591562,0.9889606445428045,0.5927344625759607,0.034593199481197164,0.5624121863010871,0.6230567388508343,0.9927206764635299,0.00021852601995799037,0.9925291299616223,0.9929122229654375,0.3067211910960728,0.005412997275456291,0.30197648978705577,0.3114658924050899,0.00869690424766019,0.00011829860853243303,0.008593210945373905,0.008800597549946474
road,max_engine_coolant_temp_attack,max_engine_coolant_temp_attack,max_engine_coolant_temp_attack,raw,hbos,5,0.0,0.0,0.0,0.0,0.0,0.0,0.0,0.0,0.0,0.0,0.0,0.0,0.8056113158006184,0.0,0.8056113158006184,0.8056113158006184,0.021745828167952994,0.0,0.021745828167952994,0.021745828167952994,0.01216702663786897,0.0,0.01216702663786897,0.01216702663786897
road,max_engine_coolant_temp_attack,max_engine_coolant_temp_attack,max_engine_coolant_temp_attack,raw,isolation_forest,5,0.0,0.0,0.0,0.0,0.0,0.0,0.0,0.0,0.0,0.0,0.0,0.0,0.9755778596535807,0.0009964319812391974,0.9747044485127385,0.9764512707944228,0.125315685641004,0.0055403556932336236,0.12045934975676145,0.13017202152524657,0.010755939524838012,0.0007526755961805686,0.010096190275996559,0.011415688773679466
road,max_engine_coolant_temp_attack,max_engine_coolant_temp_attack,max_engine_coolant_temp_attack,raw,lof,5,0.0,0.0,0.0,0.0,0.0,0.0,0.0,0.0,0.0,0.0,0.0,0.0,0.7388123773627522,0.021149664391219205,0.7202738791489636,0.7573508755765408,0.013726728896691812,0.0012191427590773944,0.01265810315193092,0.014795354641452704,0.007314614830813535,0.0036524573431428596,0.004113094812372737,0.010516134849254333
road,max_engine_coolant_temp_attack,max_engine_coolant_temp_attack,max_engine_coolant_temp_attack,raw,one_class_svm,5,0.18956584168755222,0.20359384908784475,0.011107964633940481,0.36802371874116396,0.4,0.4738145124769357,-0.01531673178074533,0.8153167317807454,0.25564638663976513,0.28567554382053956,0.005240731926922149,0.5060520413526082,0.9885095780572849,0.004464820987899163,0.9845959899086513,0.9924231662059185,0.2433217871368245,0.08904602565039095,0.1652695042764826,0.32137406999716644,0.00937365010799136,0.00028977122818571807,0.009119654427645786,0.009627645788336933
road,max_engine_coolant_temp_attack,max_engine_coolant_temp_attack,max_engine_coolant_temp_attack,residual,autoencoder,5,0.11164215849129415,0.006935429167939164,0.10556298679081662,0.11772133019177168,1.0,0.0,1.0,1.0,0.2008039884592681,0.01119935922125734,0.19098731727818527,0.21062065964035095,1.0,0.0,1.0,1.0,1.0,0.0,1.0,1.0,0.058632109431245506,0.004008340356105863,0.05511864419806781,0.062145574664423206
road,max_engine_coolant_temp_attack,max_engine_coolant_temp_attack,max_engine_coolant_temp_attack,residual,elliptic_envelope,5,0.1209723273041046,0.0008325353686663125,0.12024257787832439,0.1217020767298848,1.0,0.0,1.0,1.0,0.2158338490051744,0.0013251358064649383,0.21467231625804598,0.21699538175230285,1.0,0.0,1.0,1.0,1.0,0.0,1.0,1.0,0.05336213102951763,0.0004179388127775389,0.052995791507961625,0.05372847055107364
road,max_engine_coolant_temp_attack,max_engine_coolant_temp_attack,max_engine_coolant_temp_attack,residual,hbos,5,0.15201192250372578,0.0,0.15201192250372578,0.15201192250372578,1.0,0.0,1.0,1.0,0.26390685640362227,0.0,0.26390685640362227,0.26390685640362227,1.0,0.0,1.0,1.0,1.0,0.0,1.0,1.0,0.04096472282217423,0.0,0.04096472282217423,0.04096472282217423
road,max_engine_coolant_temp_attack,max_engine_coolant_temp_attack,max_engine_coolant_temp_attack,residual,isolation_forest,5,0.15193485679497754,0.03539191005555923,0.12091247983376432,0.18295723375619075,1.0,0.0,1.0,1.0,0.26248411018537654,0.05318525940850428,0.21586517485353324,0.30910304551721984,1.0,0.0,1.0,1.0,1.0,0.0,1.0,1.0,0.04322534197264218,0.012350065844505745,0.03240003196471621,0.05405065198056815
road,max_engine_coolant_temp_attack,max_engine_coolant_temp_attack,max_engine_coolant_temp_attack,residual,lof,5,0.09313314132879032,0.005749522817935887,0.08809346237602672,0.09817282028155391,1.0,0.0,1.0,1.0,0.17035597901817212,0.009678278139850291,0.16187259419043679,0.17883936384590746,1.0,0.0,1.0,1.0,0.9999999999999998,1.6653345369377348e-16,0.9999999999999997,0.9999999999999999,0.0717638588912887,0.00524210033150728,0.06716895535832791,0.07635876242424948
road,max_engine_coolant_temp_attack,max_engine_coolant_temp_attack,max_engine_coolant_temp_attack,residual,one_class_svm,5,0.09809242513963826,0.0036512924355560864,0.09489192620771766,0.10129292407155885,1.0,0.0,1.0,1.0,0.1786435660193475,0.006060759596841042,0.17333107600144976,0.18395605603724524,0.990561555075594,0.0004798565999851241,0.9901409422206027,0.9909821679305852,0.28036004259045005,0.010049452584002902,0.2715513090175694,0.2891687761633307,0.06760259179265658,0.00281607015343527,0.06513419747000068,0.07007098611531248
road,max_speedometer_attack,max_speedometer_attack_1,max_speedometer_attack,raw,autoencoder,5,0.12407284049694838,0.1686668848672487,-0.023770202588640724,0.2719158835825375,0.40174938974776236,0.5459495791398831,-0.07679651577995605,0.8802952952754808,0.1894518264567205,0.25742137928150755,-0.03618796109388056,0.4150916140073216,0.7929201922053266,0.08503448052167976,0.7183841836852064,0.8674562007254468,0.1571381248412132,0.06838382180378882,0.0971970621883276,0.2170791874940988,0.16828034360488403,0.011004185377985297,0.15863474984034776,0.1779259373694203
road,max_speedometer_attack,max_speedometer_attack_1,max_speedometer_attack,raw,elliptic_envelope,5,0.17536432603708735,0.06180641785033557,0.1211886121475175,0.2295400399266572,0.11423921887713588,0.04944917892439579,0.0708951024785883,0.15758333527568347,0.1379904405426256,0.05580410828675819,0.08907598295786895,0.18690489812738226,0.9375603722949993,0.0012074991820311377,0.936501952595511,0.9386187919944877,0.334892349549195,0.002865870461884008,0.3323803033315423,0.3374043957668477,0.03718232126166491,0.003567641627481859,0.0340551454958892,0.04030949702744062
road,max_speedometer_attack,max_speedometer_attack_1,max_speedometer_attack,raw,hbos,5,0.0,0.0,0.0,0.0,0.0,0.0,0.0,0.0,0.0,0.0,0.0,0.0,0.7827782248804831,0.0,0.7827782248804831,0.7827782248804831,0.1481657949910611,0.0,0.1481657949910611,0.1481657949910611,0.02913816892423186,0.0,0.02913816892423186,0.02913816892423186
road,max_speedometer_attack,max_speedometer_attack_1,max_speedometer_attack,raw,isolation_forest,5,0.0,0.0,0.0,0.0,0.0,0.0,0.0,0.0,0.0,0.0,0.0,0.0,0.7671837993221662,0.012732228264581537,0.756023509183544,0.7783440894607884,0.12775054290343296,0.006196857412665575,0.12231875789016823,0.13318232791669768,0.02041452160883047,0.011958315866253405,0.009932595596874568,0.030896447620786374
road,max_speedometer_attack,max_speedometer_attack_1,max_speedometer_attack,raw,lof,5,0.0,0.0,0.0,0.0,0.0,0.0,0.0,0.0,0.0,0.0,0.0,0.0,0.37886651374140556,0.0,0.37886651374140556,0.37886651374140556,0.04974004230695023,0.0,0.04974004230695023,0.04974004230695023,0.00031155883269290684,0.0,0.00031155883269290684,0.00031155883269290684
road,max_speedometer_attack,max_speedometer_attack_1,max_speedometer_attack,raw,one_class_svm,5,0.29542994588093807,0.0,0.29542994588093807,0.29542994588093807,0.9993897477624085,1.2412670766236366e-16,0.9993897477624084,0.9993897477624086,0.4560475262229648,6.206335383118183e-17,0.45604752622296474,0.45604752622296485,0.8378995542242442,0.0,0.8378995542242442,0.8378995542242442,0.17372551018705656,0.0,0.17372551018705656,0.17372551018705656,0.1738349925077519,0.0,0.1738349925077519,0.1738349925077519
road,max_speedometer_attack,max_speedometer_attack_1,max_speedometer_attack,residual,autoencoder,5,0.09944280841778347,0.0011588864739743242,0.09842699963565091,0.10045861719991603,1.0,0.0,1.0,1.0,0.18089512095593643,0.0019167358548875574,0.17921502790269206,0.1825752140091808,0.8577055057886458,0.005080814506556875,0.8532519755144964,0.8621590360627952,0.19033671779541028,0.004721985360655137,0.18619771513537825,0.1944757204554423,0.6605759387564352,0.008513824300623807,0.6531132427216388,0.6680386347912315
road,max_speedometer_attack,max_speedometer_attack_1,max_speedometer_attack,residual,elliptic_envelope,5,0.1010483865874506,0.0020379962815344826,0.09926200408387667,0.10283476909102454,1.0,0.0,1.0,1.0,0.18354441796621776,0.00336599885797697,0.18059398988083747,0.18649484605159805,0.8506851886012562,0.0005967304492753567,0.8501621313005173,0.8512082459019951,0.1840447298658237,0.0006349239055879423,0.18348819452455747,0.18460126520708994,0.649080901443556,0.014751307872811894,0.636150809996587,0.662010992890525
road,max_speedometer_attack,max_speedometer_attack_1,max_speedometer_attack,residual,hbos,5,0.14964992389649923,0.0,0.14964992389649923,0.14964992389649923,1.0,0.0,1.0,1.0,0.2603399883493089,0.0,0.2603399883493089,0.2603399883493089,0.9886105714619617,0.0,0.9886105714619617,0.9886105714619617,0.8609048457524777,1.2412670766236366e-16,0.8609048457524776,0.8609048457524778,0.41443259202112664,0.0,0.41443259202112664,0.41443259202112664
road,max_speedometer_attack,max_speedometer_attack_1,max_speedometer_attack,residual,isolation_forest,5,0.14854893338026232,0.006290260812430869,0.14303527667732532,0.1540625900831993,1.0,0.0,1.0,1.0,0.2586306496628487,0.009520680815231736,0.2502854049808337,0.26697589434486374,0.9898809230567502,0.004152138573843124,0.9862414131283302,0.9935204329851702,0.7859807290892974,0.10171847434155663,0.6968205551967441,0.8751409029818507,0.41874100559322286,0.020555026119362683,0.4007237308058088,0.4367582803806369
road,max_speedometer_attack,max_speedometer_attack_1,max_speedometer_attack,residual,lof,5,0.09840068856462299,0.0,0.09840068856462299,0.09840068856462299,1.0,0.0,1.0,1.0,0.17917084282460138,0.0,0.17917084282460138,0.17917084282460138,0.8542455706501995,1.2412670766236366e-16,0.8542455706501993,0.8542455706501996,0.18708297333149332,0.0,0.18708297333149332,0.18708297333149332,0.6682640238565049,0.0,0.6682640238565049,0.6682640238565049
road,max_speedometer_attack,max_speedometer_attack_1,max_speedometer_attack,residual,one_class_svm,5,0.09581351835970998,0.0,0.09581351835970998,0.09581351835970998,1.0,0.0,1.0,1.0,0.1748719408081958,0.0,0.1748719408081958,0.1748719408081958,0.8551473970001335,0.0,0.8551473970001335,0.8551473970001335,0.20112097533036044,0.0,0.20112097533036044,0.20112097533036044,0.6882779698233016,0.0,0.6882779698233016,0.6882779698233016
road,reverse_light_off_attack,reverse_light_off_attack_1,reverse_light_off_attack,raw,autoencoder,5,0.028660813862572874,0.0392975097658912,-0.005784972185160997,0.06310659991030675,0.024326292789512018,0.03985780471546094,-0.01061061343533945,0.059263199014363485,0.024778187228411127,0.03684042002951726,-0.007513864705801874,0.05707023916262413,0.8754551194655212,0.04049456628245762,0.8399600671181583,0.9109501718128842,0.16927534339086767,0.049715811782270955,0.12569751298778448,0.21285317379395086,0.028058369877513988,0.019542503182743656,0.01092861057520263,0.04518812917982534
road,reverse_light_off_attack,reverse_light_off_attack_1,reverse_light_off_attack,raw,elliptic_envelope,5,0.0,0.0,0.0,0.0,0.0,0.0,0.0,0.0,0.0,0.0,0.0,0.0,0.8832178754927641,0.018434876104975358,0.8670589941307796,0.8993767568547486,0.1722255077934894,0.02107043413877922,0.1537564579579903,0.19069455762898851,0.015938303341902313,0.001984384984167721,0.014198913212395796,0.01767769347140883
road,reverse_light_off_attack,reverse_light_off_attack_1,reverse_light_off_attack,raw,hbos,5,0.0,0.0,0.0,0.0,0.0,0.0,0.0,0.0,0.0,0.0,0.0,0.0,0.7246441189521755,0.0,0.7246441189521755,0.7246441189521755,0.11264298092187316,0.0,0.11264298092187316,0.11264298092187316,0.011794949342204748,0.0,0.011794949342204748,0.011794949342204748
road,reverse_light_off_attack,reverse_light_off_attack_1,reverse_light_off_attack,raw,isolation_forest,5,0.0,0.0,0.0,0.0,0.0,0.0,0.0,0.0,0.0,0.0,0.0,0.0,0.8029307520588075,0.015428473019512808,0.7894070991902319,0.8164544049273831,0.10723965920100029,0.00745295398942751,0.10070685699361333,0.11377246140838725,0.012702253137758962,0.0006136656237996342,0.012164351502052811,0.013240154773465114
road,reverse_light_off_attack,reverse_light_off_attack_1,reverse_light_off_attack,raw,lof,5,0.015209906190638783,0.009379270544376806,0.006988613076136289,0.023431199305141277,0.003932993445010925,0.0029405140915056594,0.0013555192012290702,0.00651046768879278,0.006007129059653454,0.00399078840128744,0.0025090487932076556,0.009505209326099252,0.7058904011597804,0.021147433549078807,0.6873538583653437,0.7244269439542171,0.07480922377855437,0.004640258942586481,0.0707418574824551,0.07887659007465364,0.01334492665960986,0.007547290475867622,0.006729434876018979,0.01996041844320074
road,reverse_light_off_attack,reverse_light_off_attack_1,reverse_light_off_attack,raw,one_class_svm,5,0.0,0.0,0.0,0.0,0.0,0.0,0.0,0.0,0.0,0.0,0.0,0.0,0.7998201912871301,0.0212801857582073,0.7811672860508937,0.8184730965233665,0.10367502570320046,0.010682194385833054,0.09431166948732944,0.11303838191907148,0.009723272342355965,0.002269424822884783,0.007734033778228013,0.011712510906483916
road,reverse_light_off_attack,reverse_light_off_attack_1,reverse_light_off_attack,residual,autoencoder,5,0.3903598989872415,0.025589430282351378,0.3679297743854444,0.4127900235890386,1.0,0.0,1.0,1.0,0.5611374580811617,0.026222880254626168,0.5381520900976107,0.5841228260647127,0.992477082539204,0.00023082233650698698,0.9922747578406232,0.9926794072377847,0.7046858037439049,0.004770618428397055,0.7005041723204661,0.7088674351673436,0.08150612430062,0.008466691898284674,0.07408474163800838,0.08892750696323162
road,reverse_light_off_attack,reverse_light_off_attack_1,reverse_light_off_attack,residual,elliptic_envelope,5,0.42427792441265666,0.0046783902779615775,0.42017713452743255,0.42837871429788077,1.0,0.0,1.0,1.0,0.5957675746267456,0.004607423904565643,0.5917289895104532,0.599806159743038,0.9907158580689627,9.008723764646144e-06,0.9907079615744212,0.9907237545635041,0.6654607036189268,0.0001024806806674438,0.6653708753417326,0.6655505318961211,0.07044457885982155,0.001344208245069542,0.06926632838316021,0.0716228293364829
road,reverse_light_off_attack,reverse_light_off_attack_1,reverse_light_off_attack,residual,hbos,5,0.38622247317899494,0.0,0.38622247317899494,0.38622247317899494,0.9963583394027676,0.0,0.9963583394027676,0.9963583394027676,0.5566632756866734,0.0,0.5566632756866734,0.5566632756866734,0.9913888466393359,1.2412670766236366e-16,0.9913888466393358,0.991388846639336,0.7975718016510704,0.0,0.7975718016510704,0.7975718016510704,0.08218660214728565,0.0,0.08218660214728565,0.08218660214728565
road,reverse_light_off_attack,reverse_light_off_attack_1,reverse_light_off_attack,residual,isolation_forest,5,0.5420137250073854,0.017619368320254965,0.5265696677357844,0.5574577822789865,0.9844136926438456,0.0035531859920321903,0.9812991878012111,0.9875281974864801,0.6989389252161564,0.013853878533000888,0.6867954652686449,0.711082385163668,0.9875293362111245,0.0014956409884446906,0.9862183490824463,0.9888403233398027,0.6462407760585933,0.027445645902330076,0.6221836067283859,0.6702979453888007,0.043263269318009986,0.0032274134630853346,0.040434316687186916,0.046092221948833056
road,reverse_light_off_attack,reverse_light_off_attack_1,reverse_light_off_attack,residual,lof,5,0.3523518415449035,0.01829682694323694,0.33631396560839355,0.36838971748141347,1.0,0.0,1.0,1.0,0.5208776767890828,0.020072198806894096,0.5032836188009615,0.5384717347772041,0.9916921898632867,0.0003118011212433934,0.9914188841302828,0.9919654955962905,0.6898292591206611,0.006198401640986097,0.6843961205315934,0.6952623977097288,0.09572811129593226,0.007762711005482353,0.0889237950927381,0.10253242749912642
road,reverse_light_off_attack,reverse_light_off_attack_1,reverse_light_off_attack,residual,one_class_svm,5,0.3358619567499933,0.011888836367726642,0.3254409322036828,0.3462829812963038,1.0,0.0,1.0,1.0,0.5027438407725414,0.013410331127824353,0.4909891672675235,0.5144985142775593,0.9898289377706121,2.6548376810400106e-05,0.9898056670923179,0.9898522084489063,0.7201279033818406,0.00047176395638622454,0.7197143840417216,0.7205414227219596,0.10279752003629214,0.005624236702382411,0.09786765920576622,0.10772738086681806
road,reverse_light_on_attack,reverse_light_on_attack_1,reverse_light_on_attack,raw,autoencoder,5,0.16805140523052953,0.15416794152448146,0.03291724632814791,0.30318556413291115,0.10159521435692923,0.11330325435164228,0.0022805330664586038,0.20090989564739986,0.12169903667925194,0.12202464655994384,0.014739718060991197,0.2286583552975127,0.8643970020751708,0.103666173463252,0.7735295946293732,0.9552644095209684,0.25330474825304405,0.13426853128130295,0.1356131914848963,0.3709963050211918,0.025914018166165953,0.012620557232404996,0.014851612003016955,0.03697642432931495
road,reverse_light_on_attack,reverse_light_on_attack_1,reverse_light_on_attack,raw,elliptic_envelope,5,0.0,0.0,0.0,0.0,0.0,0.0,0.0,0.0,0.0,0.0,0.0,0.0,0.851564756178591,0.002448588437559951,0.8494184737820317,0.8537110385751502,0.18633835374750599,0.004472961973107886,0.1824176297107108,0.19025907778430118,0.016395228306892252,0.0011706956504768838,0.015369068325163831,0.017421388288620672
road,reverse_light_on_attack,reverse_light_on_attack_1,reverse_light_on_attack,raw,hbos,5,0.0,0.0,0.0,0.0,0.0,0.0,0.0,0.0,0.0,0.0,0.0,0.0,0.7676924798436259,0.0,0.7676924798436259,0.7676924798436259,0.18125788465357226,0.0,0.18125788465357226,0.18125788465357226,0.020327131537799328,0.0,0.020327131537799328,0.020327131537799328
road,reverse_light_on_attack,reverse_light_on_attack_1,reverse_light_on_attack,raw,isolation_forest,5,0.0,0.0,0.0,0.0,0.0,0.0,0.0,0.0,0.0,0.0,0.0,0.0,0.7417694640038491,0.031072706990404226,0.7145330354542623,0.769005892553436,0.1128716238960615,0.012542646655359015,0.10187750936471739,0.1238657384274056,0.018661606844814563,0.0013186805388474825,0.017505732389230706,0.01981748130039842
road,reverse_light_on_attack,reverse_light_on_attack_1,reverse_light_on_attack,raw,lof,5,0.003251231527093596,0.00726997470517173,-0.003121182266009852,0.009623645320197044,0.0016450648055832504,0.0036784767326766238,-0.0015792622133599203,0.004869391824526421,0.0021847070506454814,0.0048851534761663725,-0.002097318768619662,0.0064667328699106255,0.42545938188176213,0.07011769590579277,0.3639985115691257,0.48692025219439855,0.05269052388257815,0.0072031863289032565,0.046376652682456415,0.05900439508269989,0.02013738821834537,0.009330976925768206,0.01195842632696548,0.028316350109725257
road,reverse_light_on_attack,reverse_light_on_attack_1,reverse_light_on_attack,raw,one_class_svm,5,0.0,0.0,0.0,0.0,0.0,0.0,0.0,0.0,0.0,0.0,0.0,0.0,0.8351992959087214,0.017004402770320018,0.8202942797083227,0.8501043121091202,0.1594198744453715,0.01255860851184978,0.1484117687299325,0.1704279801608105,0.021686958660552712,0.0006901888145172321,0.021081981490777068,0.022291935830328357
road,reverse_light_on_attack,reverse_light_on_attack_1,reverse_light_on_attack,residual,autoencoder,5,0.2578006898404528,0.018253134212516346,0.24180111227102025,0.27380026740988533,0.9997507477567298,0.0,0.9997507477567298,0.9997507477567298,0.40963434944495003,0.023052393340100213,0.38942803577235924,0.4298406631175408,0.9916680403806939,0.0010868888907708883,0.9907153402627427,0.9926207404986451,0.7410574542926264,0.019226061604405955,0.7242050682633027,0.7579098403219501,0.20397406841300797,0.01940809435937902,0.1869621236388977,0.22098601318711825
road,reverse_light_on_attack,reverse_light_on_attack_1,reverse_light_on_attack,residual,elliptic_envelope,5,0.24190414501677737,0.005610489340001302,0.23698633428067528,0.24682195575287946,0.9997507477567298,0.0,0.9997507477567298,0.9997507477567298,0.3895246016180795,0.00725706420410013,0.38316350437811975,0.39588569885803926,0.9908585624212763,1.951435152516395e-05,0.9908414573379899,0.9908756675045628,0.7248995788554939,0.0003022368817015918,0.7246346565480793,0.7251645011629085,0.2209631230344876,0.006679054370509081,0.21510867375212045,0.22681757231685473
road,reverse_light_on_attack,reverse_light_on_attack_1,reverse_light_on_attack,residual,hbos,5,0.21889325474787164,0.0,0.21889325474787164,0.21889325474787164,0.9997507477567298,0.0,0.9997507477567298,0.9997507477567298,0.35915114613180515,0.0,0.35915114613180515,0.35915114613180515,0.9865307054994119,0.0,0.9865307054994119,0.9865307054994119,0.7278734418208583,0.0,0.7278734418208583,0.7278734418208583,0.2514626047541243,0.0,0.2514626047541243,0.2514626047541243
road,reverse_light_on_attack,reverse_light_on_attack_1,reverse_light_on_attack,residual,isolation_forest,5,0.24309116038522277,0.009871931737646293,0.2344380306948538,0.25174429007559174,0.9992522432701895,0.0007049918057692137,0.9986342907064876,0.9998701958338914,0.39096663827319755,0.012825974199144795,0.37972417619991466,0.40220910034648044,0.9637437684311742,0.011652359848268746,0.953530024693319,0.9739575121690293,0.48045559801579285,0.09706419859946097,0.3953750766858185,0.5655361193457672,0.2197087088669864,0.012323642860387549,0.20890655962581384,0.23051085810815897
road,reverse_light_on_attack,reverse_light_on_attack_1,reverse_light_on_attack,residual,lof,5,0.22467573261566307,0.003929719955503996,0.22123118120206967,0.22812028402925646,0.9998005982053838,0.00011146899189930299,0.9997028913260219,0.9998983050847458,0.3668877262481592,0.005220635025040935,0.3623116378858897,0.37146381461042866,0.9916637427621211,6.929710959118225e-05,0.9916030011674266,0.9917244843568156,0.7375629635458998,0.001389117831383155,0.7363453480812057,0.7387805790105939,0.24326499060067816,0.005414029746410344,0.2385193842909678,0.24801059691038851
road,reverse_light_on_attack,reverse_light_on_attack_1,reverse_light_on_attack,residual,one_class_svm,5,0.19552731655779318,0.0012205255144527318,0.1944574787745062,0.19659715434108016,0.9997507477567298,0.0,0.9997507477567298,0.9997507477567298,0.3270832995964402,0.0017089567772967695,0.32558533293477954,0.3285812662581009,0.9801640301254041,0.00013497053798541294,0.9800457232326292,0.980282337018179,0.6415461182259018,0.0015675209512852897,0.640172125531836,0.6429201109199676,0.2899453609515276,0.0022596474449848116,0.2879646926369971,0.29192602926605815
