experiment,capture,attack_type,representation,detector,seed,protocol,n_pre,n_test,n_test_attack,precision,recall,f1,roc_auc,pr_auc,fpr,threshold,n_train_normals,train_seconds,score_seconds,runtime_seconds,peak_rss_mb,model_bytes,tp,fp,fn,tn,precision_point,precision_ci_low,precision_ci_high,precision_mean,precision_std,recall_point,recall_ci_low,recall_ci_high,recall_mean,recall_std,f1_point,f1_ci_low,f1_ci_high,f1_mean,f1_std,roc_auc_point,roc_auc_ci_low,roc_auc_ci_high,roc_auc_mean,roc_auc_std,pr_auc_point,pr_auc_ci_low,pr_auc_ci_high,pr_auc_mean,pr_auc_std,fpr_point,fpr_ci_low,fpr_ci_high,fpr_mean,fpr_std,error
road_representation,correlated_signal_attack_1,correlated_signal_attack,raw,isolation_forest,0.0,pre_injection_v1,19585.0,39473.0,3211.0,0.0,0.0,0.0,0.8033469812529632,0.16539071250837384,0.01442281175886603,0.7014620518437052,15668.0,0.9054258999995,0.6368567999998049,1.542282699999305,280.28515625,2553103.0,0.0,523.0,3211.0,35739.0,0.0,0.0,0.0,0.0,0.0,0.0,0.0,0.0,0.0,0.0,0.0,0.0,0.0,0.0,0.0,0.8033469812529632,0.7977851923732854,0.8095285952991266,0.8032515394654778,0.002922839766633341,0.16539071250837384,0.16030796076689882,0.17027034909527278,0.16533096652619203,0.0025396100879050898,0.01442281175886603,0.013084233533599268,0.015926653970162574,0.014482910735530213,0.0007475011467680744,
road_representation,correlated_signal_attack_1,correlated_signal_attack,raw,one_class_svm,0.0,pre_injection_v1,19585.0,39473.0,3211.0,0.0,0.0,0.0,0.7810214085897332,0.2133434258810177,0.015332855330649164,15.161593727145833,15668.0,0.12136579999969399,1.235981100000572,1.357346900000266,280.015625,29882.0,0.0,556.0,3211.0,35706.0,0.0,0.0,0.0,0.0,0.0,0.0,0.0,0.0,0.0,0.0,0.0,0.0,0.0,0.0,0.0,0.7810214085897332,0.7690459971079119,0.7925083416450645,0.7808011223832049,0.005874384775956274,0.2133434258810177,0.1992644404261282,0.22719884572197754,0.21296733521103847,0.007424205878564424,0.015332855330649164,0.013742042470867,0.017076386713074463,0.015380546220363668,0.0008315996659909183,
road_representation,correlated_signal_attack_1,correlated_signal_attack,raw,lof,0.0,pre_injection_v1,19585.0,39473.0,3211.0,0.0,0.0,0.0,0.48535899352236683,0.07154628136854292,0.014781313771992719,3627.5529035979534,15668.0,0.14878570000018954,0.7279090000001815,0.8766947000003711,281.60546875,2514956.0,0.0,536.0,3211.0,35726.0,0.0,0.0,0.0,0.0,0.0,0.0,0.0,0.0,0.0,0.0,0.0,0.0,0.0,0.0,0.0,0.48535899352236683,0.47003757112496686,0.5002896704612267,0.4849461493648616,0.0073407817716451,0.07154628136854292,0.06943460562602954,0.07395876408856178,0.07152935327646835,0.0011291630913962214,0.014781313771992719,0.013420904477191029,0.016424726886194625,0.014839943442598317,0.0007930941932867872,
road_representation,correlated_signal_attack_1,correlated_signal_attack,raw,hbos,0.0,pre_injection_v1,19585.0,39473.0,3211.0,0.0,0.0,0.0,0.39340246708953575,0.07022763394927861,0.013733384810545474,35.34406106070503,15668.0,0.010022500000559376,0.02942449999954988,0.039447000000109256,284.9375,3711.0,0.0,498.0,3211.0,35764.0,0.0,0.0,0.0,0.0,0.0,0.0,0.0,0.0,0.0,0.0,0.0,0.0,0.0,0.0,0.0,0.39340246708953575,0.3789587927328665,0.40739745162171437,0.3927701978139157,0.007031965570427924,0.07022763394927861,0.0679806360791015,0.07280961455822577,0.07020509592012684,0.001249921384146062,0.013733384810545474,0.01225174169174685,0.01515396767977341,0.013770536539021909,0.0007440616257310692,
road_representation,correlated_signal_attack_1,correlated_signal_attack,raw,elliptic_envelope,0.0,pre_injection_v1,19585.0,39473.0,3211.0,0.0,0.0,0.0,0.7711709811295664,0.14788634373005066,0.01784236942253599,2663.158922628631,15668.0,0.8954321000001073,0.024343099999896367,0.9197752000000037,284.30078125,66831.0,0.0,647.0,3211.0,35615.0,0.0,0.0,0.0,0.0,0.0,0.0,0.0,0.0,0.0,0.0,0.0,0.0,0.0,0.0,0.0,0.7711709811295664,0.7644164468522733,0.7778063586116062,0.7710140072476834,0.003339386554416618,0.14788634373005066,0.1435480813922243,0.15200961252085676,0.1478438572905792,0.0021533366565489567,0.01784236942253599,0.016393552827143432,0.019412880075653803,0.0179125627144285,0.000804832109282394,
road_representation,correlated_signal_attack_1,correlated_signal_attack,raw,autoencoder,0.0,pre_injection_v1,19585.0,39473.0,3211.0,0.0,0.0,0.0,0.7739739579286984,0.2196593399617558,0.009845016822017539,0.3710950894041608,15668.0,1.9921519999998054,0.023337799999353592,2.015489799999159,293.89453125,18610.0,0.0,357.0,3211.0,35905.0,0.0,0.0,0.0,0.0,0.0,0.0,0.0,0.0,0.0,0.0,0.0,0.0,0.0,0.0,0.0,0.7739739579286984,0.7608143246391176,0.7859882047565859,0.7734730144334208,0.0065267427223719265,0.2196593399617558,0.20435092620909748,0.23506160048899705,0.21932360658202044,0.00823063630014606,0.009845016822017539,0.008935958960781068,0.010712157929188525,0.009837777171104962,0.00045245964377156774,
road_representation,correlated_signal_attack_1,correlated_signal_attack,residual,isolation_forest,0.0,pre_injection_v1,19585.0,39473.0,3211.0,0.36390498920331854,0.9971971348489567,0.5332223147377185,0.9587219839088995,0.48847148625226455,0.15434890519000607,0.6043371760955579,15668.0,0.7346450999993976,0.6605388999996649,1.3951839999990625,293.38671875,1921791.0,3202.0,5597.0,9.0,30665.0,0.36390498920331854,0.3552417789540177,0.37377854021344137,0.36388926200360233,0.00476381429849601,0.9971971348489567,0.9951826373172855,0.9996879460713005,0.997986821941513,0.001105276723072317,0.5332223147377185,0.524029165544867,0.5440688934121086,0.5333001925620247,0.005116325280882579,0.9587219839088995,0.9567908083494405,0.9610894132944547,0.9589017546767434,0.001182433158211128,0.48847148625226455,0.47419247330809805,0.5049596660681612,0.48902042346380065,0.008383911234427928,0.15434890519000607,0.14871609059114257,0.1594241857168334,0.15441851475006335,0.002776678352495205,
road_representation,correlated_signal_attack_1,correlated_signal_attack,residual,one_class_svm,0.0,pre_injection_v1,19585.0,39473.0,3211.0,0.20413223140495868,1.0,0.33905284831846255,0.9451452370727788,0.44725018461194666,0.3452374386410016,3.542119642401649,15668.0,0.10308920000079524,1.8712787000004028,1.974367900001198,292.84375,35418.0,3211.0,12519.0,0.0,23743.0,0.20413223140495868,0.19851762519249544,0.20845118538043972,0.20394795941154764,0.0026287603028274506,1.0,1.0,1.0,1.0,0.0,0.33905284831846255,0.3312719279896133,0.344989003088456,0.3387907056245288,0.0036291458292472783,0.9451452370727788,0.9433999477146722,0.9469700686766626,0.9452767179393675,0.0009379053597773988,0.44725018461194666,0.4368958484594106,0.4560814490901107,0.44731358072703725,0.004802539547452617,0.3452374386410016,0.33745355335333477,0.35481289084631745,0.34546967935461687,0.004578707120871163,
road_representation,correlated_signal_attack_1,correlated_signal_attack,residual,lof,0.0,pre_injection_v1,19585.0,39473.0,3211.0,0.22901798458464173,0.9993771410775459,0.3726412355571039,0.9413699728923594,0.3912740979661452,0.2979151729082786,2.222057896237841,15668.0,1.3639737999992576,7.3556044000006295,8.719578199999887,296.42578125,2514956.0,3209.0,10803.0,2.0,25459.0,0.22901798458464173,0.22303073381034896,0.23456520778036805,0.22893299218445842,0.0029856307884324864,0.9993771410775459,0.9993728342569904,1.0,0.999915809846979,0.00018464444409269518,0.3726412355571039,0.36471811807361687,0.3799964270027948,0.3725565343502854,0.003956378409483277,0.9413699728923594,0.9388393632150603,0.9439172342616339,0.9415210266733353,0.001323161026863148,0.3912740979661452,0.3812982188620733,0.40103559301203784,0.3914914036827519,0.005269063000023796,0.2979151729082786,0.28986628456461105,0.30613254659497796,0.29808447715135583,0.004171942779088591,
road_representation,correlated_signal_attack_1,correlated_signal_attack,residual,hbos,0.0,pre_injection_v1,19585.0,39473.0,3211.0,0.30043119610048746,0.9981314232326378,0.46184883637149654,0.932855698229026,0.3948211895595265,0.20580773261265237,24.750427067667577,15668.0,0.014860999999655178,0.03832049999982701,0.053181499999482185,294.765625,3711.0,3205.0,7463.0,6.0,28799.0,0.30043119610048746,0.2931101006655397,0.30769302840405344,0.30048746423421857,0.0036928932122069417,0.9981314232326378,0.996579439480048,1.0,0.9987117193479814,0.0009303773713102621,0.46184883637149654,0.45305331172911195,0.47045480097090886,0.4619649718032482,0.004367268653527304,0.932855698229026,0.9305281801902346,0.9362307471046122,0.9331204776178625,0.0014153492134100652,0.3948211895595265,0.3828696105490116,0.4079146460770851,0.39545890381377047,0.006676614059484106,0.20580773261265237,0.19954371987870376,0.21150673344283477,0.205778130581771,0.0030382367969320283,
road_representation,correlated_signal_attack_1,correlated_signal_attack,residual,elliptic_envelope,0.0,pre_injection_v1,19585.0,39473.0,3211.0,0.3345503859795535,0.9987542821550919,0.501211221380011,0.941373648690975,0.3912366258027197,0.17591418013347307,344.3987229819849,15668.0,0.9329374000008102,0.015446299999894109,0.9483837000007043,290.265625,66831.0,3207.0,6379.0,4.0,29883.0,0.3345503859795535,0.3271478706226601,0.3418221160404557,0.3344767379602022,0.0037923613597822523,0.9987542821550919,0.9981233036155301,1.0,0.9995866630916425,0.0005498427732135525,0.501211221380011,0.4929907326638811,0.5094704327950853,0.5012211876955986,0.004262954914389329,0.941373648690975,0.9388179865315216,0.943897971878955,0.9415087694867507,0.0013219778019245357,0.3912366258027197,0.3812489570895118,0.4009963213735484,0.3914432030873416,0.005266714793479202,0.17591418013347307,0.17111861616143312,0.18111075476278626,0.17603442614590756,0.002479622285875556,
road_representation,correlated_signal_attack_1,correlated_signal_attack,residual,autoencoder,0.0,pre_injection_v1,19585.0,39473.0,3211.0,0.3250937088440887,0.9993771410775459,0.49059776792539367,0.9414995018519927,0.3914769002776515,0.18371849318846176,3.373503000305952,15668.0,2.071712399999342,0.030403300000216404,2.1021156999995583,296.33984375,18610.0,3209.0,6662.0,2.0,29600.0,0.3250937088440887,0.3173271596407123,0.33221123234301064,0.325151063622304,0.0038870913440384614,0.9993771410775459,0.9993728342569904,1.0,0.999915809846979,0.00018464444409269518,0.49059776792539367,0.48175658497700313,0.49871658412046277,0.49071501078120644,0.0044301205009214415,0.9414995018519927,0.9388860198677255,0.9439863063855027,0.9416085804163891,0.0013191538277380506,0.3914769002776515,0.38151068555448814,0.4012512450423892,0.39166125971342153,0.005270676270485342,0.18371849318846176,0.17848042185400032,0.18951760570179055,0.18368376358788643,0.0026781568397848065,
road_representation,fuzzing_attack_1,fuzzing_attack,raw,isolation_forest,0.0,pre_injection_v1,8885.0,37083.0,9969.0,0.6666666666666666,0.05898284682515799,0.10837710810063589,0.5884999195669888,0.3815182722011778,0.010843106882053552,0.6978249811066671,7108.0,0.26162980000026437,0.29010610000023007,0.5517359000004944,287.15625,2518431.0,588.0,294.0,9381.0,26820.0,0.6666666666666666,0.6203886554621849,0.7040573520439292,0.6642062076793124,0.021456461964917992,0.05898284682515799,0.051977954982033676,0.06646305563044982,0.05883070204901391,0.003906599967620231,0.10837710810063589,0.09639278578814246,0.1209840697308876,0.10805664059195194,0.006703086441088145,0.5884999195669888,0.5779492569098039,0.6006875208696869,0.5888049944925374,0.006120771855865832,0.3815182722011778,0.3521532480837946,0.4057727568451014,0.3804157073860327,0.013231901181286062,0.010843106882053552,0.009379984300996604,0.01223579179058014,0.01084970806384936,0.000749195596147957,
road_representation,fuzzing_attack_1,fuzzing_attack,raw,one_class_svm,0.0,pre_injection_v1,8885.0,37083.0,9969.0,0.6730769230769231,0.1018156284481894,0.17687549011065612,0.6103096999829072,0.4018935214221622,0.01818248875119864,5.620530969702008,7108.0,0.03926990000036312,0.4628929999998945,0.5021629000002577,286.83203125,30538.0,1015.0,493.0,8954.0,26621.0,0.6730769230769231,0.6402543411662047,0.7062558654748534,0.6725323721422738,0.01700515877107266,0.1018156284481894,0.0937589899317352,0.11010157868270991,0.10194252988243477,0.004443110912576226,0.17687549011065612,0.1642699934878795,0.1893872006124564,0.1770031592164391,0.006811391493231078,0.6103096999829072,0.6000306246227832,0.6191684778979185,0.6102291495076382,0.004702389424226739,0.4018935214221622,0.37520131990681105,0.42539539807821114,0.4009061255590033,0.01304778525563438,0.01818248875119864,0.016297443390576524,0.01994357036453272,0.01811989107227122,0.0009376338081320448,
road_representation,fuzzing_attack_1,fuzzing_attack,raw,lof,0.0,pre_injection_v1,8885.0,37083.0,9969.0,0.21835883171070933,0.01574882134617314,0.029378742514970062,0.47870043516845134,0.2527889394914327,0.020727299550047946,99311.51611674465,7108.0,0.06474669999988691,0.3193555000007109,0.3841022000005978,286.125,2514956.0,157.0,562.0,9812.0,26552.0,0.21835883171070933,0.18310816256624152,0.25116957964317566,0.21692342841382095,0.018201891414489284,0.01574882134617314,0.01358534605537649,0.017929138591668347,0.01570806517761125,0.001217069303258997,0.029378742514970062,0.0253956867391953,0.03334322409316092,0.029287581938184447,0.002235084201466354,0.47870043516845134,0.4714596465823695,0.48539012331038334,0.4785647230884482,0.0035965297705773604,0.2527889394914327,0.2276670342857417,0.27461440396033365,0.2517489008449232,0.012197127333323263,0.020727299550047946,0.019240184294728613,0.022289550818599006,0.020733109305157198,0.0007913490090470244,
road_representation,fuzzing_attack_1,fuzzing_attack,raw,hbos,0.0,pre_injection_v1,8885.0,37083.0,9969.0,0.5354545454545454,0.05908315778914636,0.10642334447556238,0.6018701920040049,0.36999859986128797,0.01884635243785498,22.96989218418301,7108.0,0.0028976000003240188,0.012146799999754876,0.015044400000078895,290.125,3711.0,589.0,511.0,9380.0,26603.0,0.5354545454545454,0.4876208367543641,0.5766085965483556,0.5313934064181999,0.022382643000099154,0.05908315778914636,0.05177020764650457,0.0655652304264415,0.05876069876331447,0.0036855749354754897,0.10642334447556238,0.09357137478235708,0.1175002368124634,0.10579226663466804,0.0062234745708199864,0.6018701920040049,0.5925665038822332,0.6116235372541797,0.6021747356383579,0.005132933183409529,0.36999859986128797,0.33905743403428784,0.39533846380735904,0.36854884659486475,0.013652198325347132,0.01884635243785498,0.017670332303559938,0.020265282690134258,0.018899531212384916,0.0007214210101099056,
road_representation,fuzzing_attack_1,fuzzing_attack,raw,elliptic_envelope,0.0,pre_injection_v1,8885.0,37083.0,9969.0,0.5604053000779423,0.14424716621526734,0.22943757479058635,0.603667278425182,0.4233639154281742,0.0416021243637973,629.7943191370695,7108.0,0.3237689000006867,0.008384499999920081,0.3321534000006068,284.390625,66831.0,1438.0,1128.0,8531.0,25986.0,0.5604053000779423,0.5226685908865718,0.5919605382792696,0.559527068651478,0.01749166691297007,0.14424716621526734,0.1339145771474332,0.15580486720040665,0.1443042117256012,0.005423646195905451,0.22943757479058635,0.21542328424720103,0.24471839212084676,0.22936914010904313,0.007363895450983793,0.603667278425182,0.5944827836920423,0.6158952902965553,0.6041297680899143,0.005644371035450504,0.4233639154281742,0.3941437179914037,0.44900276088349383,0.42269425966290197,0.013500440171252343,0.0416021243637973,0.039202751303010125,0.04383917151646785,0.04147234548898301,0.0012334313720265549,
road_representation,fuzzing_attack_1,fuzzing_attack,raw,autoencoder,0.0,pre_injection_v1,8885.0,37083.0,9969.0,0.7234299516908212,0.06008626742902999,0.11095674724460498,0.5893287040382093,0.3904966435782715,0.008445821346905658,0.27527476711497345,7108.0,6.02706710000075,0.043530400000236114,6.070597500000986,290.38671875,18610.0,599.0,229.0,9370.0,26885.0,0.7234299516908212,0.6826053164955628,0.7578262721823952,0.7214104649105929,0.020198549804896878,0.06008626742902999,0.05345671378743267,0.06636508213904282,0.05995692879305814,0.0034615221935177256,0.11095674724460498,0.09933770993740756,0.12174130348139284,0.11068988229253562,0.005998076190805228,0.5893287040382093,0.5816064316396781,0.5963942000319193,0.5894526842088459,0.003673927079927212,0.3904966435782715,0.36166010449811353,0.41711339151071414,0.38941586243555687,0.014233609829267687,0.008445821346905658,0.007339216828561654,0.00944373549668623,0.008442686198725517,0.0005517092471809943,
road_representation,fuzzing_attack_1,fuzzing_attack,residual,isolation_forest,0.0,pre_injection_v1,8885.0,37083.0,9969.0,0.25039619651347067,0.1743404554117765,0.20555884092253104,0.5020197394692596,0.2896731541448164,0.19189348675960757,0.6121235003035682,7108.0,0.5883386000004975,0.669946500000151,1.2582851000006485,290.58203125,2165199.0,1738.0,5203.0,8231.0,21911.0,0.25039619651347067,0.22042064169079667,0.27545663354743,0.2490371834542229,0.013676840315125179,0.1743404554117765,0.16251572371561906,0.185780621058376,0.17411247537161267,0.006107030651591213,0.20555884092253104,0.19045831440922892,0.2189855369794268,0.2047964983537158,0.007255361246228107,0.5020197394692596,0.48848664065688785,0.5149241743293235,0.5020530174729758,0.00634686532488073,0.2896731541448164,0.261404205672442,0.3150072290579717,0.28883200028035466,0.013537228531918577,0.19189348675960757,0.184943135090798,0.1989302076256643,0.191953775352079,0.003465019554963548,
road_representation,fuzzing_attack_1,fuzzing_attack,residual,one_class_svm,0.0,pre_injection_v1,8885.0,37083.0,9969.0,0.2178750897343862,0.3044437757046845,0.2539855224067953,0.46695974234740073,0.25050471091258575,0.4018219370067124,6.17878135597746,7108.0,0.06177060000027268,0.741589400000521,0.8033600000007937,290.7265625,35034.0,3035.0,10895.0,6934.0,16219.0,0.2178750897343862,0.19329686944958563,0.24124859035423526,0.21708678148173258,0.01208708660198903,0.3044437757046845,0.2878196259418435,0.32005736913979166,0.3047076371921163,0.00864441463799853,0.2539855224067953,0.23446432875365184,0.27110402247231447,0.2533646372722833,0.009655497786731155,0.46695974234740073,0.45492959013561063,0.4784657953588939,0.46712417946295737,0.005933847962093014,0.25050471091258575,0.22379108703632644,0.27372883840581347,0.2496623533324501,0.012712824837314844,0.4018219370067124,0.39155504176927797,0.41151633494658724,0.4018512972840799,0.004758431250668111,
road_representation,fuzzing_attack_1,fuzzing_attack,residual,lof,0.0,pre_injection_v1,8885.0,37083.0,9969.0,0.21470354589441756,0.29822449593740596,0.24966409136714815,0.45793666125851684,0.2696589182020218,0.40104742937228,2.196660259405696,7108.0,0.3998375000001033,2.4824114000002737,2.882248900000377,292.54296875,2514956.0,2973.0,10874.0,6996.0,16240.0,0.21470354589441756,0.191638344473396,0.2376457606687971,0.21401020402162738,0.011743081367945744,0.29822449593740596,0.28364592185861087,0.3127856510404937,0.2985214301850995,0.008212775182944547,0.24966409136714815,0.23061934184656901,0.2658235835052088,0.24912548995643272,0.009248791631032557,0.45793666125851684,0.44725997337216805,0.46927548662761953,0.4580321125665722,0.005791448914897252,0.2696589182020218,0.24276111607975792,0.29430331075937494,0.26881603049302516,0.012967530568098693,0.40104742937228,0.391149716803683,0.4105207961812264,0.4009175164577973,0.004710472549308488,
road_representation,fuzzing_attack_1,fuzzing_attack,residual,hbos,0.0,pre_injection_v1,8885.0,37083.0,9969.0,0.22991865785460092,0.18146253385495034,0.20283679991029882,0.4874200583881287,0.2848192963507998,0.2234638931917091,24.333740500235283,7108.0,0.0022688999997626524,0.011513600000398583,0.013782500000161235,291.80859375,3711.0,1809.0,6059.0,8160.0,21055.0,0.22991865785460092,0.20437125559855573,0.2541257751591402,0.22914825624026774,0.01275247701133025,0.18146253385495034,0.17019743267723667,0.1924261262046045,0.1816490461402259,0.005687861893568056,0.20283679991029882,0.18939305726290606,0.21545469903860073,0.20250375426144446,0.0069660680703966926,0.4874200583881287,0.47576821599150076,0.4982439181205301,0.4875377017210891,0.0058250074205998415,0.2848192963507998,0.25805773637256235,0.3116537372290528,0.2841538245008251,0.013710992473693322,0.2234638931917091,0.2164647095890072,0.23092605235847852,0.22344868657424313,0.003887040918994924,
road_representation,fuzzing_attack_1,fuzzing_attack,residual,elliptic_envelope,0.0,pre_injection_v1,8885.0,37083.0,9969.0,0.22214325199399826,0.2821747416992677,0.24858607281724987,0.48581319061873396,0.2771074165355248,0.3632809618647193,175.86150596703638,7108.0,0.35353179999947315,0.008652700000311597,0.36218449999978475,286.4453125,66831.0,2813.0,9850.0,7156.0,17264.0,0.22214325199399826,0.19784105317492082,0.2446004552090299,0.22150762540986374,0.01214138972206784,0.2821747416992677,0.26647814142666143,0.2978452000727715,0.28257376392168265,0.008424796150651725,0.24858607281724987,0.2308947056974525,0.2657717941779037,0.2481654199585986,0.00916908149816882,0.48581319061873396,0.4728415631811331,0.4976571026974358,0.48611892051186734,0.0061417329159588994,0.2771074165355248,0.2490869959540422,0.3023320792170604,0.27629181190010976,0.013054860111405475,0.3632809618647193,0.35272729427950555,0.3738424627740657,0.3631378283923696,0.005052798218997318,
road_representation,fuzzing_attack_1,fuzzing_attack,residual,autoencoder,0.0,pre_injection_v1,8885.0,37083.0,9969.0,0.2217650855114553,0.27575484000401246,0.24583053878828529,0.45865093939919216,0.26700320955197,0.3557940547318728,1.6628950320162823,7108.0,0.7363160000004427,0.013996500000757806,0.7503125000012005,291.91015625,18610.0,2749.0,9647.0,7220.0,17467.0,0.2217650855114553,0.19648814457952657,0.24611787915220412,0.22096930719835253,0.01260024939118046,0.27575484000401246,0.2614013937205365,0.2912678977142234,0.2759692599879901,0.00795854718616875,0.24583053878828529,0.2262023900738561,0.2635776565648157,0.24526056202885527,0.009509765527510214,0.45865093939919216,0.4473844593047463,0.4692137748244733,0.45875181857024966,0.0055320058744689725,0.26700320955197,0.23962752334983298,0.29190034495424894,0.2661569704078464,0.013223059744894388,0.3557940547318728,0.34841497305169666,0.363033089762241,0.35579291573482297,0.0034865005085646323,
road_representation,max_engine_coolant_temp_attack,max_engine_coolant_temp_attack,raw,isolation_forest,0.0,pre_injection_v1,44985.0,13992.0,102.0,0.0,0.0,0.0,0.9766646903541835,0.13177561515130995,0.009575233981281498,0.7399429384669817,35988.0,1.22825499999999,0.2472422999999253,1.4754972999999154,311.08203125,2425327.0,0.0,133.0,102.0,13757.0,0.0,0.0,0.0,0.0,0.0,0.0,0.0,0.0,0.0,0.0,0.0,0.0,0.0,0.0,0.0,0.9766646903541835,0.9739013596618968,0.9795102868139894,0.9768037991647274,0.0014498105471911166,0.13177561515130995,0.10884253698700248,0.15593192674287115,0.13282434540430946,0.01245751563133918,0.009575233981281498,0.007374439433205232,0.01133677679876776,0.009480246863210558,0.000992712568502316,
road_representation,max_engine_coolant_temp_attack,max_engine_coolant_temp_attack,raw,one_class_svm,0.0,pre_injection_v1,44985.0,13992.0,102.0,0.022556390977443608,0.029411764705882353,0.02553191489361702,0.9853054108612488,0.183646379597645,0.009359251259899209,20.795589588734217,35988.0,0.13616229999934149,0.5667213000006086,0.7028835999999501,308.6015625,29882.0,3.0,130.0,99.0,13760.0,0.022556390977443608,0.0,0.05084086609207477,0.022597167333493005,0.01301642094932963,0.029411764705882353,0.0,0.06403474526644544,0.029346851225145715,0.016623000321834645,0.02553191489361702,0.0,0.05627261079288513,0.025415593184964377,0.014380392797176235,0.9853054108612488,0.9831223357461907,0.9876047819077353,0.9854847342775198,0.0012571140798494373,0.183646379597645,0.15166951926754485,0.22581729452976596,0.18662727655749745,0.018699702082995706,0.009359251259899209,0.007121125165968518,0.011197030960816505,0.009260921837347866,0.000987492626318551,
road_representation,max_engine_coolant_temp_attack,max_engine_coolant_temp_attack,raw,lof,0.0,pre_injection_v1,44985.0,13992.0,102.0,0.0,0.0,0.0,0.769781476305425,0.01566742444917405,0.011879049676025918,164453.9542607,35988.0,0.10620030000063707,0.19651780000003782,0.3027181000006749,312.82421875,2514956.0,0.0,165.0,102.0,13725.0,0.0,0.0,0.0,0.0,0.0,0.0,0.0,0.0,0.0,0.0,0.0,0.0,0.0,0.0,0.0,0.769781476305425,0.7469806415873329,0.7952032596908268,0.7723100833936564,0.012637314032181003,0.01566742444917405,0.0128327986635357,0.019145852154308498,0.01595152740637827,0.0016347158993724627,0.011879049676025918,0.010615746742133858,0.013237505579162685,0.011902024203168275,0.00068686735391654,
road_representation,max_engine_coolant_temp_attack,max_engine_coolant_temp_attack,raw,hbos,0.0,pre_injection_v1,44985.0,13992.0,102.0,0.0,0.0,0.0,0.8056113158006184,0.021745828167952994,0.01216702663786897,30.27099509783064,35988.0,0.02662030000010418,0.005688700000064273,0.03230900000016845,310.9296875,3711.0,0.0,169.0,102.0,13721.0,0.0,0.0,0.0,0.0,0.0,0.0,0.0,0.0,0.0,0.0,0.0,0.0,0.0,0.0,0.0,0.8056113158006184,0.7927769869308045,0.8158033055393072,0.8040553816656578,0.005960921285798117,0.021745828167952994,0.01839344501582476,0.025360542628708897,0.02176159156102072,0.0018677010831819095,0.01216702663786897,0.00961589650559375,0.014608021117739779,0.012036085600306022,0.001218636603725692,
road_representation,max_engine_coolant_temp_attack,max_engine_coolant_temp_attack,raw,elliptic_envelope,0.0,pre_injection_v1,44985.0,13992.0,102.0,0.4106280193236715,0.8333333333333334,0.5501618122977346,0.9924511921399229,0.3000916643442985,0.008783297336213103,8752.18800232582,35988.0,0.9730673000003662,0.005243399999926623,0.9783107000002929,307.1953125,66831.0,85.0,122.0,17.0,13768.0,0.4106280193236715,0.3533312316099202,0.477874057807585,0.41493819145487504,0.031538257578582696,0.8333333333333334,0.7476159150712276,0.9068961364293284,0.8326108785361042,0.03940544269849082,0.5501618122977346,0.49001915708812266,0.6132430259169913,0.5531038379370925,0.0315161149935209,0.9924511921399229,0.9912732867736889,0.9939056689786647,0.9925603264163465,0.0006929289312207771,0.3000916643442985,0.2623060958714343,0.3640462927798244,0.3050277310820736,0.026506549962030314,0.008783297336213103,0.0070213144859660615,0.010048078366827692,0.008541998297195421,0.0007695888995185848,
road_representation,max_engine_coolant_temp_attack,max_engine_coolant_temp_attack,raw,autoencoder,0.0,pre_injection_v1,44985.0,13992.0,102.0,0.42857142857142855,0.7352941176470589,0.5415162454873645,0.9947197165403239,0.38757866814287156,0.007199424046076314,0.3099119902477599,35988.0,2.1568070999992415,0.008463099999971746,2.165270199999213,314.16015625,18610.0,75.0,100.0,27.0,13790.0,0.42857142857142855,0.3602137490858321,0.5,0.4284976589639345,0.03628254555353063,0.7352941176470589,0.6513434973045822,0.8099728726442031,0.7309448725510032,0.043358640101654966,0.5415162454873645,0.47355225664123546,0.6062614329268292,0.5393946330299223,0.03488028945136235,0.9947197165403239,0.9937523017950504,0.996039331678728,0.9948069553025035,0.0005863969186248825,0.38757866814287156,0.3384089657165112,0.4673775755913128,0.3939076278275814,0.03389535563398115,0.007199424046076314,0.005611046828769395,0.00845877879679406,0.00710102262696336,0.0007520107165102878,
road_representation,max_engine_coolant_temp_attack,max_engine_coolant_temp_attack,residual,isolation_forest,0.0,pre_injection_v1,44985.0,13992.0,102.0,0.15338345864661654,1.0,0.26597131681877445,1.0,1.0,0.040532757379409645,0.5672453300694729,35988.0,1.0836606000002575,0.24917610000011337,1.332836700000371,311.10546875,1918799.0,102.0,563.0,0.0,13327.0,0.15338345864661654,0.1286742424242424,0.18048746713220395,0.15244936021190947,0.013096871080534951,1.0,1.0,1.0,1.0,0.0,0.26597131681877445,0.2280095149095234,0.30578460182192185,0.26434217456797116,0.019683327785600096,1.0,1.0,1.0,1.0,1.570092458683775e-17,1.0,1.0,1.0,1.0,6.409875621278547e-18,0.040532757379409645,0.036541473568489184,0.04413036726138343,0.04046532842990775,0.0019594776800822777,
road_representation,max_engine_coolant_temp_attack,max_engine_coolant_temp_attack,residual,one_class_svm,0.0,pre_injection_v1,44985.0,13992.0,102.0,0.09306569343065693,1.0,0.17028380634390652,0.9909647228221742,0.28895184135977336,0.07156227501799856,4.431495727576723,35988.0,0.11378140000033454,0.5709664000005432,0.6847478000008778,311.47265625,34234.0,102.0,994.0,0.0,12896.0,0.09306569343065693,0.07636001805290286,0.10871106776239679,0.09243052530681367,0.00860320385118157,1.0,1.0,1.0,1.0,0.0,0.17028380634390652,0.14188562602832533,0.19610310655245472,0.16910660875569936,0.014394425364060862,0.9909647228221742,0.9896788415431056,0.9921401617688124,0.9909324016453669,0.0006344374169681069,0.28895184135977336,0.24154602088268842,0.3343276515151514,0.28653424289016877,0.02402348252643016,0.07156227501799856,0.0654797738351968,0.07700376292466302,0.07149432814906188,0.0029313701090235332,
road_representation,max_engine_coolant_temp_attack,max_engine_coolant_temp_attack,residual,lof,0.0,pre_injection_v1,44985.0,13992.0,102.0,0.09788867562380038,1.0,0.1783216783216783,1.0,1.0,0.06767458603311735,2.4846439226967707,35988.0,1.1083177999998952,2.8371460999997,3.945463899999595,308.9609375,2514956.0,102.0,940.0,0.0,12950.0,0.09788867562380038,0.0796958635168618,0.11359834213930403,0.0970085912207081,0.008759804266043393,1.0,1.0,1.0,1.0,0.0,0.1783216783216783,0.14762650513978434,0.20402026937127693,0.17674406716554433,0.014547305504926217,1.0,0.9999999999999999,1.0,1.0,2.398355846665908e-17,1.0,0.9999999999999998,1.0000000000000002,1.0,8.927923646162437e-17,0.06767458603311735,0.06272696738441821,0.07343031850292117,0.06775504755422833,0.002633775089712712,
road_representation,max_engine_coolant_temp_attack,max_engine_coolant_temp_attack,residual,hbos,0.0,pre_injection_v1,44985.0,13992.0,102.0,0.15201192250372578,1.0,0.26390685640362227,1.0,1.0,0.04096472282217423,19.23090484020276,35988.0,0.020191999999951804,0.009082200000193552,0.029274200000145356,313.8984375,3711.0,102.0,569.0,0.0,13321.0,0.15201192250372578,0.12665598290598293,0.18100725172074728,0.15167925368786436,0.013575086322635417,1.0,1.0,1.0,1.0,0.0,0.26390685640362227,0.22483521812167712,0.30653007270323857,0.2631647220699138,0.02042022939609421,1.0,0.9999999999999999,1.0,1.0,2.866583523299505e-17,1.0,1.0,1.0,1.0,0.0,0.04096472282217423,0.03604468158517849,0.04494205872798049,0.04073503587845361,0.0022570974339659253,
road_representation,max_engine_coolant_temp_attack,max_engine_coolant_temp_attack,residual,elliptic_envelope,0.0,pre_injection_v1,44985.0,13992.0,102.0,0.12186379928315412,1.0,0.21725239616613418,1.0,1.0,0.052915766738660906,170.0899566088768,35988.0,0.8257937999997012,0.0051744000002145185,0.8309681999999157,308.5703125,66831.0,102.0,735.0,0.0,13155.0,0.12186379928315412,0.10097060508366194,0.1430050501215066,0.12107450850334377,0.010734431844530568,1.0,1.0,1.0,1.0,0.0,0.21725239616613418,0.18342103614608785,0.2502227206451747,0.2158339718793314,0.017054687014678077,1.0,0.9999999999999999,1.0,1.0,2.482534153247273e-17,1.0,0.9999999999999998,1.0000000000000002,1.0,9.244454088746557e-17,0.052915766738660906,0.04862273264066509,0.05722131218497665,0.05283656091717305,0.0022065734854540106,
road_representation,max_engine_coolant_temp_attack,max_engine_coolant_temp_attack,residual,autoencoder,0.0,pre_injection_v1,44985.0,13992.0,102.0,0.11819235225955968,1.0,0.21139896373056996,1.0,1.0,0.05478761699064075,2.1645663452230792,35988.0,2.0383037000001423,0.007612699999299366,2.0459163999994416,313.3359375,18610.0,102.0,761.0,0.0,13129.0,0.11819235225955968,0.09784206310415988,0.1378717877215971,0.11730646869214809,0.010615621632979437,1.0,1.0,1.0,1.0,0.0,0.21139896373056996,0.1782443109239722,0.24233272832964614,0.20981953154837565,0.016978349692016077,1.0,0.9999999999999999,1.0,1.0,2.3111135221866393e-17,1.0,0.9999999999999998,1.0000000000000002,1.0,9.19990224346638e-17,0.05478761699064075,0.050367685241284404,0.059193322001308994,0.054773944791812475,0.0022222178859462056,
road_representation,reverse_light_off_attack_1,reverse_light_off_attack,raw,isolation_forest,0.0,pre_injection_v1,37066.0,27825.0,1373.0,0.0,0.0,0.0,0.7826541807948744,0.09803971415664574,0.013080296385906548,0.7130663359303187,29653.0,1.0672962000007828,0.36001669999950536,1.4273129000002882,321.6796875,2393295.0,0.0,346.0,1373.0,26106.0,0.0,0.0,0.0,0.0,0.0,0.0,0.0,0.0,0.0,0.0,0.0,0.0,0.0,0.0,0.0,0.7826541807948744,0.7784875265004876,0.7867056098784281,0.7828335293724736,0.002031216499349419,0.09803971415664574,0.09228870559649552,0.10390884298435435,0.09824402314431063,0.002996933747068215,0.013080296385906548,0.011409428800689823,0.014645277833079088,0.013030439208613782,0.0008527500885970605,
road_representation,reverse_light_off_attack_1,reverse_light_off_attack,raw,one_class_svm,0.0,pre_injection_v1,37066.0,27825.0,1373.0,0.0,0.0,0.0,0.808978326144546,0.10717263274931128,0.00884621200665356,15.42805845258543,29653.0,0.08785179999995307,0.9342367999997805,1.0220885999997336,323.25390625,29754.0,0.0,234.0,1373.0,26218.0,0.0,0.0,0.0,0.0,0.0,0.0,0.0,0.0,0.0,0.0,0.0,0.0,0.0,0.0,0.0,0.808978326144546,0.8034741686539197,0.8162402315379694,0.8095636551361316,0.003159163339767977,0.10717263274931128,0.10112057480094368,0.11430507381989238,0.1076638430031322,0.0035392901917358143,0.00884621200665356,0.0077494992978551815,0.009984940091348152,0.008816162475297365,0.0005877278515377792,
road_representation,reverse_light_off_attack_1,reverse_light_off_attack,raw,lof,0.0,pre_injection_v1,37066.0,27825.0,1373.0,0.01644736842105263,0.003641660597232338,0.005963029218843173,0.689802339826132,0.07131827650546618,0.011303493119612883,73533.96817857462,29653.0,0.10752800000045681,0.5635931000006167,0.6711211000010735,320.15234375,2514956.0,5.0,299.0,1368.0,26153.0,0.01644736842105263,0.0033423986032769283,0.03355704697986577,0.017077699590772714,0.007663056615929206,0.003641660597232338,0.0007398182854387235,0.007959347207092378,0.003802536737415903,0.0017149671941480468,0.005963029218843173,0.0012129983575284854,0.012971103783408532,0.00621647788021691,0.0027952895856494684,0.689802339826132,0.6779450931307182,0.7022498252292503,0.689933069191769,0.006325817845972656,0.07131827650546618,0.06660498816174044,0.0778593931097949,0.07172495755020683,0.00290334524302652,0.011303493119612883,0.009973473176916766,0.012663797810236981,0.01135951978300665,0.0007190413116222908,
road_representation,reverse_light_off_attack_1,reverse_light_off_attack,raw,hbos,0.0,pre_injection_v1,37066.0,27825.0,1373.0,0.0,0.0,0.0,0.7246441189521755,0.11264298092187316,0.011794949342204748,34.39576769054889,29653.0,0.016640100000586244,0.01868449999983568,0.035324600000421924,325.13671875,3711.0,0.0,312.0,1373.0,26140.0,0.0,0.0,0.0,0.0,0.0,0.0,0.0,0.0,0.0,0.0,0.0,0.0,0.0,0.0,0.0,0.7246441189521755,0.7181701268868235,0.730290272294092,0.7246162024562243,0.0030904921312986658,0.11264298092187316,0.10511452972470366,0.12005214529033208,0.11276937284946323,0.003863767567601154,0.011794949342204748,0.01050158170029649,0.013260700282746292,0.011777496881166527,0.0007334115089090166,
road_representation,reverse_light_off_attack_1,reverse_light_off_attack,raw,elliptic_envelope,0.0,pre_injection_v1,37066.0,27825.0,1373.0,0.0,0.0,0.0,0.896323167338297,0.18778244127810287,0.017314380765159534,1896.5662279416263,29653.0,1.1486380999995163,0.02021509999940463,1.168853199998921,319.4140625,66831.0,0.0,458.0,1373.0,25994.0,0.0,0.0,0.0,0.0,0.0,0.0,0.0,0.0,0.0,0.0,0.0,0.0,0.0,0.0,0.0,0.896323167338297,0.8930062702918252,0.9001245908892004,0.8962803211437937,0.0018527745177062242,0.18778244127810287,0.1768379963481081,0.19791214007841768,0.1880059070739807,0.00508972636884076,0.017314380765159534,0.015683922869456128,0.01896042151803476,0.017274462666072174,0.0008495919008222549,
road_representation,reverse_light_off_attack_1,reverse_light_off_attack,raw,autoencoder,0.0,pre_injection_v1,37066.0,27825.0,1373.0,0.0,0.0,0.0,0.898301960791656,0.18680256752025237,0.03459095720550431,0.2543717315570577,29653.0,2.9726260999996157,0.025940800000171294,2.998566899999787,324.32421875,18610.0,0.0,915.0,1373.0,25537.0,0.0,0.0,0.0,0.0,0.0,0.0,0.0,0.0,0.0,0.0,0.0,0.0,0.0,0.0,0.0,0.898301960791656,0.8959121113656933,0.9008959596364545,0.8983636943270994,0.0012780296272223947,0.18680256752025237,0.17702695490779058,0.19680932147198324,0.18711121218204976,0.005205835412585882,0.03459095720550431,0.03265589333093359,0.036406293416594196,0.03453304565855305,0.0010172649552364656,
road_representation,reverse_light_off_attack_1,reverse_light_off_attack,residual,isolation_forest,0.0,pre_injection_v1,37066.0,27825.0,1373.0,0.5578118524658102,0.9803350327749454,0.711040676175383,0.9864015668447096,0.6273951537411343,0.04033721457734765,0.5743881282511277,29653.0,1.2653423000001567,0.6308484999999564,1.896190800000113,322.15234375,2022287.0,1346.0,1067.0,27.0,25385.0,0.5578118524658102,0.5371862701711685,0.5789734279299475,0.5579573894573726,0.010950432243006215,0.9803350327749454,0.9706835373108958,0.9912031647533354,0.9816449623748746,0.005443655092632569,0.711040676175383,0.6939049634287635,0.7286273593949916,0.7114407164668577,0.00924720590820251,0.9864015668447096,0.9852032287247535,0.9878158103777374,0.9864758802238441,0.0006961533319398994,0.6273951537411343,0.6022867797292296,0.6532939621562657,0.6283964506046231,0.01304966840556435,0.04033721457734765,0.03835094084587304,0.04230182370821712,0.04037994771737591,0.0010051552736138581,
road_representation,reverse_light_off_attack_1,reverse_light_off_attack,residual,one_class_svm,0.0,pre_injection_v1,37066.0,27825.0,1373.0,0.3355327468230694,1.0,0.5024702653247941,0.9897947046190883,0.7195824954485244,0.1027899591713292,5.148382540993648,29653.0,0.1457761000001483,1.3307139999997162,1.4764900999998645,323.421875,35290.0,1373.0,2719.0,0.0,23733.0,0.3355327468230694,0.3167069457823036,0.35294121123200006,0.3352575689235755,0.00915240865910346,1.0,1.0,1.0,1.0,0.0,0.5024702653247941,0.4810591065803508,0.5217391023610701,0.5020912942496257,0.010264022530605403,0.9897947046190883,0.9891281937848982,0.9905348341967564,0.9898154834167364,0.000365141853852085,0.7195824954485244,0.7010096587498494,0.7357124062276627,0.7196291755880413,0.009446341608125264,0.1027899591713292,0.09958989300682974,0.10663240525240202,0.10297542247178867,0.0018221087979380002,
road_representation,reverse_light_off_attack_1,reverse_light_off_attack,residual,lof,0.0,pre_injection_v1,37066.0,27825.0,1373.0,0.3295727316370619,1.0,0.49575735692363243,0.9921116168697711,0.6980921030126103,0.10558747920762135,2.2624479476605273,29653.0,1.4326248000006672,5.6918479999994815,7.124472800000149,326.41015625,2514956.0,1373.0,2793.0,0.0,23659.0,0.3295727316370619,0.3111562673180495,0.34775328564759617,0.3294668073132034,0.009355976419497102,1.0,1.0,1.0,1.0,0.0,0.49575735692363243,0.4746287973431882,0.516048842470361,0.49556304295105663,0.01058169944950064,0.9921116168697711,0.991062776390095,0.9931302361191506,0.9921697788736527,0.0005306778039644393,0.6980921030126103,0.6682170124705292,0.7236699134582896,0.6990593018717207,0.013671843115325858,0.10558747920762135,0.10197398026191136,0.10908610308709239,0.10570128133834872,0.0018797654696825713,
road_representation,reverse_light_off_attack_1,reverse_light_off_attack,residual,hbos,0.0,pre_injection_v1,37066.0,27825.0,1373.0,0.38622247317899494,0.9963583394027676,0.5566632756866734,0.991388846639336,0.7975718016510704,0.08218660214728565,20.43430352626019,29653.0,0.028585699999894132,0.02789870000015071,0.05648440000004484,322.4140625,3711.0,1368.0,2174.0,5.0,24278.0,0.38622247317899494,0.3677128127472757,0.40388796971537017,0.3862965626870867,0.009874551957392874,0.9963583394027676,0.992623304103198,0.999298527889105,0.9966227090810842,0.001837822810028427,0.5566632756866734,0.5371392160780214,0.575034476661952,0.5567081548888806,0.01026518480403588,0.991388846639336,0.9902838316352389,0.9924684669623675,0.991492536550237,0.0005405243868556699,0.7975718016510704,0.7736539881079331,0.8224483546858048,0.7992442989605444,0.012592304593451089,0.08218660214728565,0.07895522753035959,0.08549108433353103,0.08222881875644367,0.00176929826507033,
road_representation,reverse_light_off_attack_1,reverse_light_off_attack,residual,elliptic_envelope,0.0,pre_injection_v1,37066.0,27825.0,1373.0,0.4203919167176975,1.0,0.591937917654667,0.990711149737176,0.665386880699311,0.07156358687433842,117.36369164074907,29653.0,1.045066699999552,0.008915499999602616,1.0539821999991545,319.01953125,66831.0,1373.0,1893.0,0.0,24559.0,0.4203919167176975,0.4003636232443997,0.43869285515757617,0.42005384599221623,0.009908766389052906,1.0,1.0,1.0,1.0,0.0,0.591937917654667,0.5717995087024457,0.6098491951357429,0.5915341007954265,0.00983179252888789,0.990711149737176,0.9897193312308804,0.9917396568505079,0.9907331003002482,0.000546742349720224,0.665386880699311,0.6391591578500347,0.6917287759622861,0.6660865915859322,0.013321664721483797,0.07156358687433842,0.0694028490154855,0.07436988560626007,0.07169365833957471,0.0012918298443019443,
road_representation,reverse_light_off_attack_1,reverse_light_off_attack,residual,autoencoder,0.0,pre_injection_v1,37066.0,27825.0,1373.0,0.37259158751696064,1.0,0.5429023329379201,0.9925590460600404,0.7072908707675953,0.08740359897172237,1.7599179563705065,29653.0,2.0401098000002094,0.022925600000235136,2.0630354000004445,326.140625,18610.0,1373.0,2312.0,0.0,24140.0,0.37259158751696064,0.353324378008098,0.3929437904811261,0.3728089472762001,0.010165144153612995,1.0,1.0,1.0,1.0,0.0,0.5429023329379201,0.5221576169187954,0.5641918531152987,0.5430532094111236,0.01078140828249532,0.9925590460600404,0.9914526183058793,0.9935317238091197,0.9925860252913935,0.0005303842240133855,0.7072908707675953,0.6769755537726525,0.7331736589854398,0.7078295113163813,0.013950650258363513,0.08740359897172237,0.08373054102057827,0.09097846318650905,0.0873731653508671,0.0017804100452437981,
road_representation,reverse_light_on_attack_1,reverse_light_on_attack,raw,isolation_forest,0.0,pre_injection_v1,42732.0,34233.0,2767.0,0.0,0.0,0.0,0.7990938688166146,0.16473423033733506,0.013252399415241848,0.7286122817254469,33832.0,1.0750596000007135,0.6014659000002212,1.6765255000009347,340.93359375,2344543.0,0.0,417.0,2767.0,31049.0,0.0,0.0,0.0,0.0,0.0,0.0,0.0,0.0,0.0,0.0,0.0,0.0,0.0,0.0,0.0,0.7990938688166146,0.7953075546610867,0.8021683454264925,0.798853101351612,0.0018180847350600252,0.16473423033733506,0.16057360775734686,0.1680873207587823,0.16454723301680582,0.0018977614403922645,0.013252399415241848,0.011622608768728901,0.014929904353891944,0.013290541084126393,0.000864360733368708,
road_representation,reverse_light_on_attack_1,reverse_light_on_attack,raw,one_class_svm,0.0,pre_injection_v1,42732.0,34233.0,2767.0,0.0,0.0,0.0,0.7219128173200916,0.12246109624915079,0.014078688107798894,14.9653621235046,33832.0,0.0767732000003889,1.2850068999996438,1.3617801000000327,341.57421875,29882.0,0.0,443.0,2767.0,31023.0,0.0,0.0,0.0,0.0,0.0,0.0,0.0,0.0,0.0,0.0,0.0,0.0,0.0,0.0,0.0,0.7219128173200916,0.7161703076660021,0.7273342775804652,0.721688636383469,0.002853522207355649,0.12246109624915079,0.11959656361932786,0.12514690607975731,0.122376596294043,0.0013985117745591586,0.014078688107798894,0.01231152693868729,0.015710436759311705,0.014090636193305,0.0009083853677306189,
road_representation,reverse_light_on_attack_1,reverse_light_on_attack,raw,lof,0.0,pre_injection_v1,42732.0,34233.0,2767.0,0.0,0.0,0.0,0.5600096785876879,0.08152525109270767,0.038835568550181145,99798.23166392508,33832.0,0.10930480000024545,0.4569285999996282,0.5662333999998737,345.4140625,2514956.0,0.0,1222.0,2767.0,30244.0,0.0,0.0,0.0,0.0,0.0,0.0,0.0,0.0,0.0,0.0,0.0,0.0,0.0,0.0,0.0,0.5600096785876879,0.5492180320675787,0.5699909579055165,0.5598255067086596,0.0053002810389049864,0.08152525109270767,0.07967997522074469,0.08362801490857412,0.08150622306353043,0.0009954594928806193,0.038835568550181145,0.03681212933123413,0.04100177996861298,0.038939965810253295,0.001046571015056115,
road_representation,reverse_light_on_attack_1,reverse_light_on_attack,raw,hbos,0.0,pre_injection_v1,42732.0,34233.0,2767.0,0.0,0.0,0.0,0.8142013691569868,0.26841905496437546,0.014587173457064768,36.23801836631364,33832.0,0.015122300000257383,0.017302100000051723,0.032424400000309106,344.10546875,3711.0,0.0,459.0,2767.0,31007.0,0.0,0.0,0.0,0.0,0.0,0.0,0.0,0.0,0.0,0.0,0.0,0.0,0.0,0.0,0.0,0.8142013691569868,0.8087654881931104,0.8190315216308446,0.8140181028824359,0.0026565941222152552,0.26841905496437546,0.2583642986113453,0.27722817347261536,0.2685686245656719,0.004972673363599169,0.014587173457064768,0.012913119511315798,0.01622657223234754,0.014629591793248421,0.0008466334022030379,
road_representation,reverse_light_on_attack_1,reverse_light_on_attack,raw,elliptic_envelope,0.0,pre_injection_v1,42732.0,34233.0,2767.0,0.0,0.0,0.0,0.8502168034423192,0.22564888983985018,0.015159219474988876,13640.144429505415,33832.0,1.2278495000000476,0.021592099999907077,1.2494415999999546,338.16796875,66831.0,0.0,477.0,2767.0,30989.0,0.0,0.0,0.0,0.0,0.0,0.0,0.0,0.0,0.0,0.0,0.0,0.0,0.0,0.0,0.0,0.8502168034423192,0.8456212365223787,0.8539034278336464,0.8500372745853751,0.0020954171336935424,0.22564888983985018,0.21832737538435767,0.2323326843739109,0.2254750417138872,0.0035090849402599038,0.015159219474988876,0.013443947831347924,0.01696670622971805,0.015115364469995007,0.0008802870724842847,
road_representation,reverse_light_on_attack_1,reverse_light_on_attack,raw,autoencoder,0.0,pre_injection_v1,42732.0,34233.0,2767.0,0.8367477592829705,0.9447054571738345,0.8874554405024614,0.9890000992575532,0.7385962761280497,0.016207970507849744,0.1926647139539229,33832.0,2.252224400000159,0.021863699999812525,2.2740880999999717,349.1171875,18610.0,2614.0,510.0,153.0,30956.0,0.8367477592829705,0.8223894778333195,0.849981246189761,0.8365962302958624,0.006948685563031058,0.9447054571738345,0.9291487942332218,0.956774740463511,0.9443065704771246,0.0068691163767165145,0.8874554405024614,0.8758925278851357,0.897743286993766,0.8871708723778655,0.005261011427405439,0.9890000992575532,0.9877735686490736,0.9902727756604492,0.9889946570377117,0.0006611669445103192,0.7385962761280497,0.7182658229775597,0.7601902766147974,0.7387240518403464,0.010842966784391204,0.016207970507849744,0.014635626720672252,0.017803487485707026,0.01621024435163037,0.0008065274453595512,
road_representation,reverse_light_on_attack_1,reverse_light_on_attack,residual,isolation_forest,0.0,pre_injection_v1,42732.0,34233.0,2767.0,0.6349242771913722,1.0,0.7767017543859649,0.992754313482642,0.8179747708366609,0.050562511917625376,0.5552599520867947,33832.0,1.0567465000003722,0.5700535999994827,1.6268000999998549,343.45703125,2035487.0,2767.0,1591.0,0.0,29875.0,0.6349242771913722,0.618491213083468,0.6511758722307267,0.6350532008010282,0.008266509360694464,1.0,1.0,1.0,1.0,0.0,0.7767017543859649,0.7642812101747785,0.7887419856553839,0.7767669069310007,0.006191919062641694,0.992754313482642,0.9919023085025499,0.9936421898713512,0.992730085948456,0.0004579078422169904,0.8179747708366609,0.8000085809413094,0.8375644009017509,0.8176649947617814,0.009793754657920737,0.050562511917625376,0.04730582005319727,0.05411920726748495,0.05051031166448823,0.0017306181606379382,
road_representation,reverse_light_on_attack_1,reverse_light_on_attack,residual,one_class_svm,0.0,pre_injection_v1,42732.0,34233.0,2767.0,0.49525684625022376,1.0,0.6624371558534834,0.9926746329371384,0.8571871127633209,0.08962054280811034,3.461367422191846,33832.0,0.09201149999989866,1.3975849000007656,1.4895964000006643,342.875,33578.0,2767.0,2820.0,0.0,28646.0,0.49525684625022376,0.4816526360878982,0.5084204525300373,0.49506507484302953,0.006629341759527615,1.0,1.0,1.0,1.0,0.0,0.6624371558534834,0.6501558851048616,0.674109730373941,0.6622392696099543,0.005935321970110067,0.9926746329371384,0.9919134281171962,0.9934032513921975,0.9926617736803278,0.00039197311986981974,0.8571871127633209,0.8439657677440996,0.8695458317462045,0.8569054674850727,0.006756700893325075,0.08962054280811034,0.08519007945620703,0.09369916958271296,0.08963653421739366,0.0021873310608933145,
road_representation,reverse_light_on_attack_1,reverse_light_on_attack,residual,lof,0.0,pre_injection_v1,42732.0,34233.0,2767.0,0.6472514619883041,1.0,0.7858562908264698,0.9963452615521515,0.8662916319322027,0.04792474416830865,2.17815305624574,33832.0,1.5252473999998983,7.434892700000091,8.96014009999999,340.54296875,2514956.0,2767.0,1508.0,0.0,29958.0,0.6472514619883041,0.6337109820918667,0.6611217666732306,0.647426868073432,0.007052986303339677,1.0,1.0,1.0,1.0,0.0,0.7858562908264698,0.7757929808551494,0.7959943164585845,0.7859633143101197,0.005197144897495393,0.9963452615521515,0.9955242847522883,0.9970925960685175,0.9963377622697288,0.00042006180576222116,0.8662916319322027,0.8455651336171586,0.8865595911987586,0.8664228480382891,0.011060500550804327,0.04792474416830865,0.04513028436331785,0.05048263131916011,0.04785815627536647,0.00136682476665458,
road_representation,reverse_light_on_attack_1,reverse_light_on_attack,residual,hbos,0.0,pre_injection_v1,42732.0,34233.0,2767.0,0.6092029942756495,1.0,0.7571487207552332,0.9866863484983912,0.7502860338436459,0.05641009343418293,18.526381351231414,33832.0,0.01625329999933456,0.01792750000004162,0.03418079999937618,344.3984375,3711.0,2767.0,1775.0,0.0,29691.0,0.6092029942756495,0.5921963953473505,0.6246090330906395,0.6091657171680245,0.008099798020745836,1.0,1.0,1.0,1.0,0.0,0.7571487207552332,0.7438735269009994,0.7689345748319333,0.7570884299813943,0.006258077668130164,0.9866863484983912,0.9853090959457803,0.9879719612510927,0.9866491510825873,0.0007055617970308236,0.7502860338436459,0.7291530521346906,0.7683608399826809,0.7499462110483749,0.009908057337227232,0.05641009343418293,0.05304621111979788,0.060153368995482306,0.056392189036284464,0.0018573221976597558,
road_representation,reverse_light_on_attack_1,reverse_light_on_attack,residual,elliptic_envelope,0.0,pre_injection_v1,42732.0,34233.0,2767.0,0.6254520795660036,1.0,0.7695730774579335,0.9963442852860084,0.8662813573124564,0.052660013983347104,84.03991192733481,33832.0,0.9230012999996688,0.011261300000114716,0.9342625999997836,340.17578125,66831.0,2767.0,1657.0,0.0,29809.0,0.6254520795660036,0.6103360126380007,0.6395013574020765,0.6251270856306036,0.0069651085759605,1.0,1.0,1.0,1.0,0.0,0.7695730774579335,0.7580231546933828,0.7801168915450121,0.7693044003088553,0.005276864861534459,0.9963442852860084,0.9955238101361897,0.9970914188743255,0.9963368096577229,0.0004200668893752078,0.8662813573124564,0.8455624080432946,0.8865441477001178,0.866413251031697,0.011060620904972012,0.052660013983347104,0.04971326125471148,0.055525950749117536,0.05270087922834866,0.0014702017447502898,
road_representation,reverse_light_on_attack_1,reverse_light_on_attack,residual,autoencoder,0.0,pre_injection_v1,42732.0,34233.0,2767.0,0.5551765650080257,1.0,0.7139723906592699,0.9963452615521515,0.8662916319322027,0.0704570012076527,1.5171836902755726,33832.0,2.231087799999841,0.022755900000447582,2.2538437000002887,349.515625,18610.0,2767.0,2217.0,0.0,29249.0,0.5551765650080257,0.5410400230328388,0.5674621654825043,0.5548000291365534,0.006498241637812489,1.0,1.0,1.0,1.0,0.0,0.7139723906592699,0.7021751348924561,0.7240521294607971,0.713638470594052,0.005377454386315295,0.9963452615521515,0.9955242847522882,0.9970925960685176,0.9963377622697288,0.00042006180576222756,0.8662916319322027,0.8455608280338951,0.8865602849891963,0.8664221346414098,0.011060332775142444,0.0704570012076527,0.06728526987559713,0.07386131539254547,0.07051981012119674,0.0017111688010397592,
