dataset,target_id,attack_mode,direction,severity,rule,n_attack,attack_detected,attack_detection_rate,control_rate,alarm_lift,two_prop_z,p_value_onesided,detected_significant
DoS,0316,additive,positive,0.5,global_A_bus,964,665,0.6898340248962656,0.691908713692946,-0.0020746887966804906,-0.0985617187298197,0.5392568669998834,False
DoS,0316,additive,positive,0.5,global_B_id_population,964,551,0.5715767634854771,0.5715767634854771,0.0,0.0,0.5,False
DoS,0316,additive,positive,0.5,global_C_cross_id,964,456,0.4730290456431535,0.47199170124481327,0.0010373443983402453,0.045617748847998955,0.4818074611817564,False
DoS,0316,additive,positive,0.5,global_D_bus_idpop,964,654,0.6784232365145229,0.6784232365145229,0.0,0.0,0.5,False
DoS,0316,additive,positive,0.5,global_E_all,964,638,0.6618257261410788,0.6618257261410788,0.0,0.0,0.5,False
DoS,0316,additive,positive,1.0,global_A_bus,964,665,0.6898340248962656,0.691908713692946,-0.0020746887966804906,-0.0985617187298197,0.5392568669998834,False
DoS,0316,additive,positive,1.0,global_B_id_population,964,551,0.5715767634854771,0.5715767634854771,0.0,0.0,0.5,False
DoS,0316,additive,positive,1.0,global_C_cross_id,964,457,0.47406639004149376,0.47199170124481327,0.0020746887966804906,0.09123032821543718,0.46365478849937275,False
DoS,0316,additive,positive,1.0,global_D_bus_idpop,964,653,0.6773858921161826,0.6784232365145229,-0.0010373443983402453,-0.04873824883208757,0.5194360530392556,False
DoS,0316,additive,positive,1.0,global_E_all,964,638,0.6618257261410788,0.6618257261410788,0.0,0.0,0.5,False
DoS,0316,additive,positive,1.5,global_A_bus,964,663,0.6877593360995851,0.691908713692946,-0.004149377593360981,-0.19694143299666278,0.5780633151355662,False
DoS,0316,additive,positive,1.5,global_B_id_population,964,551,0.5715767634854771,0.5715767634854771,0.0,0.0,0.5,False
DoS,0316,additive,positive,1.5,global_C_cross_id,964,458,0.475103734439834,0.47199170124481327,0.003112033195020736,0.13683788708227818,0.4455794678727007,False
DoS,0316,additive,positive,1.5,global_D_bus_idpop,964,653,0.6773858921161826,0.6784232365145229,-0.0010373443983402453,-0.04873824883208757,0.5194360530392556,False
DoS,0316,additive,positive,1.5,global_E_all,964,637,0.6607883817427386,0.6618257261410788,-0.0010373443983402453,-0.04812179645064379,0.5191904123643696,False
DoS,0316,additive,negative,0.5,global_A_bus,964,668,0.6929460580912863,0.691908713692946,0.0010373443983402453,0.04934981571618491,0.48032026032529684,False
DoS,0316,additive,negative,0.5,global_B_id_population,964,551,0.5715767634854771,0.5715767634854771,0.0,0.0,0.5,False
DoS,0316,additive,negative,0.5,global_C_cross_id,964,455,0.47199170124481327,0.47199170124481327,0.0,0.0,0.5,False
DoS,0316,additive,negative,0.5,global_D_bus_idpop,964,654,0.6784232365145229,0.6784232365145229,0.0,0.0,0.5,False
DoS,0316,additive,negative,0.5,global_E_all,964,638,0.6618257261410788,0.6618257261410788,0.0,0.0,0.5,False
DoS,0316,additive,negative,1.0,global_A_bus,964,668,0.6929460580912863,0.691908713692946,0.0010373443983402453,0.04934981571618491,0.48032026032529684,False
DoS,0316,additive,negative,1.0,global_B_id_population,964,551,0.5715767634854771,0.5715767634854771,0.0,0.0,0.5,False
DoS,0316,additive,negative,1.0,global_C_cross_id,964,455,0.47199170124481327,0.47199170124481327,0.0,0.0,0.5,False
DoS,0316,additive,negative,1.0,global_D_bus_idpop,964,655,0.6794605809128631,0.6784232365145229,0.0010373443983402453,0.04877961485816981,0.4805474639092983,False
DoS,0316,additive,negative,1.0,global_E_all,964,639,0.6628630705394191,0.6618257261410788,0.0010373443983402453,0.048157903469686875,0.4807951997004037,False
DoS,0316,additive,negative,1.5,global_A_bus,964,668,0.6929460580912863,0.691908713692946,0.0010373443983402453,0.04934981571618491,0.48032026032529684,False
DoS,0316,additive,negative,1.5,global_B_id_population,964,551,0.5715767634854771,0.5715767634854771,0.0,0.0,0.5,False
DoS,0316,additive,negative,1.5,global_C_cross_id,964,456,0.4730290456431535,0.47199170124481327,0.0010373443983402453,0.045617748847998955,0.4818074611817564,False
DoS,0316,additive,negative,1.5,global_D_bus_idpop,964,656,0.6804979253112033,0.6784232365145229,0.0020746887966804906,0.09760085565141766,0.46112462252010944,False
DoS,0316,additive,negative,1.5,global_E_all,964,639,0.6628630705394191,0.6618257261410788,0.0010373443983402453,0.048157903469686875,0.4807951997004037,False
DoS,0316,mean_shift,positive,0.5,global_A_bus,964,666,0.6908713692946058,0.691908713692946,-0.0010373443983402453,-0.04930375052462305,0.5196613846657999,False
DoS,0316,mean_shift,positive,0.5,global_B_id_population,964,551,0.5715767634854771,0.5715767634854771,0.0,0.0,0.5,False
DoS,0316,mean_shift,positive,0.5,global_C_cross_id,964,455,0.47199170124481327,0.47199170124481327,0.0,0.0,0.5,False
DoS,0316,mean_shift,positive,0.5,global_D_bus_idpop,964,654,0.6784232365145229,0.6784232365145229,0.0,0.0,0.5,False
DoS,0316,mean_shift,positive,0.5,global_E_all,964,638,0.6618257261410788,0.6618257261410788,0.0,0.0,0.5,False
DoS,0316,mean_shift,positive,1.0,global_A_bus,964,664,0.6887966804979253,0.691908713692946,-0.003112033195020736,-0.14777418615081647,0.558739508945049,False
DoS,0316,mean_shift,positive,1.0,global_B_id_population,964,551,0.5715767634854771,0.5715767634854771,0.0,0.0,0.5,False
DoS,0316,mean_shift,positive,1.0,global_C_cross_id,964,458,0.475103734439834,0.47199170124481327,0.003112033195020736,0.13683788708227818,0.4455794678727007,False
DoS,0316,mean_shift,positive,1.0,global_D_bus_idpop,964,654,0.6784232365145229,0.6784232365145229,0.0,0.0,0.5,False
DoS,0316,mean_shift,positive,1.0,global_E_all,964,638,0.6618257261410788,0.6618257261410788,0.0,0.0,0.5,False
DoS,0316,mean_shift,positive,1.5,global_A_bus,964,665,0.6898340248962656,0.691908713692946,-0.0020746887966804906,-0.0985617187298197,0.5392568669998834,False
DoS,0316,mean_shift,positive,1.5,global_B_id_population,964,551,0.5715767634854771,0.5715767634854771,0.0,0.0,0.5,False
DoS,0316,mean_shift,positive,1.5,global_C_cross_id,964,456,0.4730290456431535,0.47199170124481327,0.0010373443983402453,0.045617748847998955,0.4818074611817564,False
DoS,0316,mean_shift,positive,1.5,global_D_bus_idpop,964,654,0.6784232365145229,0.6784232365145229,0.0,0.0,0.5,False
DoS,0316,mean_shift,positive,1.5,global_E_all,964,637,0.6607883817427386,0.6618257261410788,-0.0010373443983402453,-0.04812179645064379,0.5191904123643696,False
DoS,0316,mean_shift,negative,0.5,global_A_bus,964,667,0.691908713692946,0.691908713692946,0.0,0.0,0.5,False
DoS,0316,mean_shift,negative,0.5,global_B_id_population,964,551,0.5715767634854771,0.5715767634854771,0.0,0.0,0.5,False
DoS,0316,mean_shift,negative,0.5,global_C_cross_id,964,450,0.46680497925311204,0.47199170124481327,-0.005186721991701226,-0.22817150798467137,0.5902435447160914,False
DoS,0316,mean_shift,negative,0.5,global_D_bus_idpop,964,655,0.6794605809128631,0.6784232365145229,0.0010373443983402453,0.04877961485816981,0.4805474639092983,False
DoS,0316,mean_shift,negative,0.5,global_E_all,964,637,0.6607883817427386,0.6618257261410788,-0.0010373443983402453,-0.04812179645064379,0.5191904123643696,False
DoS,0316,mean_shift,negative,1.0,global_A_bus,964,667,0.691908713692946,0.691908713692946,0.0,0.0,0.5,False
DoS,0316,mean_shift,negative,1.0,global_B_id_population,964,551,0.5715767634854771,0.5715767634854771,0.0,0.0,0.5,False
DoS,0316,mean_shift,negative,1.0,global_C_cross_id,964,451,0.4678423236514523,0.47199170124481327,-0.004149377593360981,-0.18252567339835526,0.5724148958491353,False
DoS,0316,mean_shift,negative,1.0,global_D_bus_idpop,964,655,0.6794605809128631,0.6784232365145229,0.0010373443983402453,0.04877961485816981,0.4805474639092983,False
DoS,0316,mean_shift,negative,1.0,global_E_all,964,638,0.6618257261410788,0.6618257261410788,0.0,0.0,0.5,False
DoS,0316,mean_shift,negative,1.5,global_A_bus,964,668,0.6929460580912863,0.691908713692946,0.0010373443983402453,0.04934981571618491,0.48032026032529684,False
DoS,0316,mean_shift,negative,1.5,global_B_id_population,964,551,0.5715767634854771,0.5715767634854771,0.0,0.0,0.5,False
DoS,0316,mean_shift,negative,1.5,global_C_cross_id,964,454,0.470954356846473,0.47199170124481327,-0.0010373443983402453,-0.04562306740994247,0.518194658410655,False
DoS,0316,mean_shift,negative,1.5,global_D_bus_idpop,964,657,0.6815352697095436,0.6784232365145229,0.003112033195020736,0.14646398343927447,0.4417775601595206,False
DoS,0316,mean_shift,negative,1.5,global_E_all,964,639,0.6628630705394191,0.6618257261410788,0.0010373443983402453,0.048157903469686875,0.4807951997004037,False
DoS,0350,additive,positive,0.5,global_A_bus,964,645,0.6690871369294605,0.6690871369294605,0.0,0.0,0.5,False
DoS,0350,additive,positive,0.5,global_B_id_population,964,428,0.44398340248962653,0.44398340248962653,0.0,0.0,0.5,False
DoS,0350,additive,positive,0.5,global_C_cross_id,964,460,0.47717842323651455,0.46887966804979253,0.008298755186722018,0.36492131286175117,0.357585072221251,False
DoS,0350,additive,positive,0.5,global_D_bus_idpop,964,640,0.6639004149377593,0.6639004149377593,0.0,0.0,0.5,False
DoS,0350,additive,positive,0.5,global_E_all,964,627,0.6504149377593361,0.6504149377593361,0.0,0.0,0.5,False
DoS,0350,additive,positive,1.0,global_A_bus,964,645,0.6690871369294605,0.6690871369294605,0.0,0.0,0.5,False
DoS,0350,additive,positive,1.0,global_B_id_population,964,428,0.44398340248962653,0.44398340248962653,0.0,0.0,0.5,False
DoS,0350,additive,positive,1.0,global_C_cross_id,964,462,0.47925311203319504,0.46887966804979253,0.010373443983402508,0.4561014358238222,0.3241585188650566,False
DoS,0350,additive,positive,1.0,global_D_bus_idpop,964,640,0.6639004149377593,0.6639004149377593,0.0,0.0,0.5,False
DoS,0350,additive,positive,1.0,global_E_all,964,629,0.6524896265560166,0.6504149377593361,0.0020746887966804906,0.09558814951748498,0.4619238387073712,False
DoS,0350,additive,positive,1.5,global_A_bus,964,645,0.6690871369294605,0.6690871369294605,0.0,0.0,0.5,False
DoS,0350,additive,positive,1.5,global_B_id_population,964,428,0.44398340248962653,0.44398340248962653,0.0,0.0,0.5,False
DoS,0350,additive,positive,1.5,global_C_cross_id,964,467,0.48443983402489627,0.46887966804979253,0.015560165975103735,0.6839769008156447,0.2469948760705619,False
DoS,0350,additive,positive,1.5,global_D_bus_idpop,964,640,0.6639004149377593,0.6639004149377593,0.0,0.0,0.5,False
DoS,0350,additive,positive,1.5,global_E_all,964,629,0.6524896265560166,0.6504149377593361,0.0020746887966804906,0.09558814951748498,0.4619238387073712,False
DoS,0350,additive,negative,0.5,global_A_bus,964,643,0.66701244813278,0.6690871369294605,-0.0020746887966804906,-0.09672429923298352,0.5385273288461944,False
DoS,0350,additive,negative,0.5,global_B_id_population,964,428,0.44398340248962653,0.44398340248962653,0.0,0.0,0.5,False
DoS,0350,additive,negative,0.5,global_C_cross_id,964,447,0.4636929460580913,0.46887966804979253,-0.005186721991701226,-0.22826324444751322,0.5902792015139928,False
DoS,0350,additive,negative,0.5,global_D_bus_idpop,964,640,0.6639004149377593,0.6639004149377593,0.0,0.0,0.5,False
DoS,0350,additive,negative,0.5,global_E_all,964,627,0.6504149377593361,0.6504149377593361,0.0,0.0,0.5,False
DoS,0350,additive,negative,1.0,global_A_bus,964,643,0.66701244813278,0.6690871369294605,-0.0020746887966804906,-0.09672429923298352,0.5385273288461944,False
DoS,0350,additive,negative,1.0,global_B_id_population,964,428,0.44398340248962653,0.44398340248962653,0.0,0.0,0.5,False
DoS,0350,additive,negative,1.0,global_C_cross_id,964,446,0.46265560165975106,0.46887966804979253,-0.006224066390041472,-0.27393529011495993,0.6079328245413768,False
DoS,0350,additive,negative,1.0,global_D_bus_idpop,964,640,0.6639004149377593,0.6639004149377593,0.0,0.0,0.5,False
DoS,0350,additive,negative,1.0,global_E_all,964,627,0.6504149377593361,0.6504149377593361,0.0,0.0,0.5,False
DoS,0350,additive,negative,1.5,global_A_bus,964,643,0.66701244813278,0.6690871369294605,-0.0020746887966804906,-0.09672429923298352,0.5385273288461944,False
DoS,0350,additive,negative,1.5,global_B_id_population,964,428,0.44398340248962653,0.44398340248962653,0.0,0.0,0.5,False
DoS,0350,additive,negative,1.5,global_C_cross_id,964,443,0.45954356846473027,0.46887966804979253,-0.009336099585062263,-0.41099292498775625,0.6594611387255361,False
DoS,0350,additive,negative,1.5,global_D_bus_idpop,964,640,0.6639004149377593,0.6639004149377593,0.0,0.0,0.5,False
DoS,0350,additive,negative,1.5,global_E_all,964,631,0.6545643153526971,0.6504149377593361,0.004149377593360981,0.1913091685435389,0.42414168914864214,False
DoS,0350,mean_shift,positive,0.5,global_A_bus,964,645,0.6690871369294605,0.6690871369294605,0.0,0.0,0.5,False
DoS,0350,mean_shift,positive,0.5,global_B_id_population,964,428,0.44398340248962653,0.44398340248962653,0.0,0.0,0.5,False
DoS,0350,mean_shift,positive,0.5,global_C_cross_id,964,464,0.48132780082987553,0.46887966804979253,0.012448132780082999,0.5472638580184609,0.29209873509551604,False
DoS,0350,mean_shift,positive,0.5,global_D_bus_idpop,964,641,0.6649377593360996,0.6639004149377593,0.0010373443983402453,0.04823106031384994,0.4807660482170324,False
DoS,0350,mean_shift,positive,0.5,global_E_all,964,629,0.6524896265560166,0.6504149377593361,0.0020746887966804906,0.09558814951748498,0.4619238387073712,False
DoS,0350,mean_shift,positive,1.0,global_A_bus,964,645,0.6690871369294605,0.6690871369294605,0.0,0.0,0.5,False
DoS,0350,mean_shift,positive,1.0,global_B_id_population,964,428,0.44398340248962653,0.44398340248962653,0.0,0.0,0.5,False
DoS,0350,mean_shift,positive,1.0,global_C_cross_id,964,465,0.4823651452282158,0.46887966804979253,0.013485477178423244,0.5928388026432911,0.276644518386292,False
DoS,0350,mean_shift,positive,1.0,global_D_bus_idpop,964,641,0.6649377593360996,0.6639004149377593,0.0010373443983402453,0.04823106031384994,0.4807660482170324,False
DoS,0350,mean_shift,positive,1.0,global_E_all,964,630,0.6535269709543569,0.6504149377593361,0.003112033195020736,0.14343193935142645,0.44297452989732367,False
DoS,0350,mean_shift,positive,1.5,global_A_bus,964,645,0.6690871369294605,0.6690871369294605,0.0,0.0,0.5,False
DoS,0350,mean_shift,positive,1.5,global_B_id_population,964,428,0.44398340248962653,0.44398340248962653,0.0,0.0,0.5,False
DoS,0350,mean_shift,positive,1.5,global_C_cross_id,964,471,0.48858921161825725,0.46887966804979253,0.019709543568464716,0.8662100821548404,0.19318748270307612,False
DoS,0350,mean_shift,positive,1.5,global_D_bus_idpop,964,641,0.6649377593360996,0.6639004149377593,0.0010373443983402453,0.04823106031384994,0.4807660482170324,False
DoS,0350,mean_shift,positive,1.5,global_E_all,964,632,0.6556016597510373,0.6504149377593361,0.005186721991701226,0.23922006011452784,0.4054674742264748,False
DoS,0350,mean_shift,negative,0.5,global_A_bus,964,645,0.6690871369294605,0.6690871369294605,0.0,0.0,0.5,False
DoS,0350,mean_shift,negative,0.5,global_B_id_population,964,428,0.44398340248962653,0.44398340248962653,0.0,0.0,0.5,False
DoS,0350,mean_shift,negative,0.5,global_C_cross_id,964,453,0.4699170124481328,0.46887966804979253,0.0010373443983402453,0.045634301596934275,0.48180086446023435,False
DoS,0350,mean_shift,negative,0.5,global_D_bus_idpop,964,640,0.6639004149377593,0.6639004149377593,0.0,0.0,0.5,False
DoS,0350,mean_shift,negative,0.5,global_E_all,964,627,0.6504149377593361,0.6504149377593361,0.0,0.0,0.5,False
DoS,0350,mean_shift,negative,1.0,global_A_bus,964,645,0.6690871369294605,0.6690871369294605,0.0,0.0,0.5,False
DoS,0350,mean_shift,negative,1.0,global_B_id_population,964,428,0.44398340248962653,0.44398340248962653,0.0,0.0,0.5,False
DoS,0350,mean_shift,negative,1.0,global_C_cross_id,964,446,0.46265560165975106,0.46887966804979253,-0.006224066390041472,-0.27393529011495993,0.6079328245413768,False
DoS,0350,mean_shift,negative,1.0,global_D_bus_idpop,964,640,0.6639004149377593,0.6639004149377593,0.0,0.0,0.5,False
DoS,0350,mean_shift,negative,1.0,global_E_all,964,626,0.6493775933609959,0.6504149377593361,-0.0010373443983402453,-0.04774480158560451,0.5190401858535703,False
DoS,0350,mean_shift,negative,1.5,global_A_bus,964,644,0.6680497925311203,0.6690871369294605,-0.0010373443983402453,-0.04838119900319609,0.5192937786108613,False
DoS,0350,mean_shift,negative,1.5,global_B_id_population,964,428,0.44398340248962653,0.44398340248962653,0.0,0.0,0.5,False
DoS,0350,mean_shift,negative,1.5,global_C_cross_id,964,444,0.4605809128630705,0.46887966804979253,-0.008298755186722018,-0.3652999798857663,0.6425562532905333,False
DoS,0350,mean_shift,negative,1.5,global_D_bus_idpop,964,640,0.6639004149377593,0.6639004149377593,0.0,0.0,0.5,False
DoS,0350,mean_shift,negative,1.5,global_E_all,964,625,0.6483402489626556,0.6504149377593361,-0.0020746887966804906,-0.09545704762995387,0.5380240972801366,False
DoS,018f,additive,positive,0.5,global_A_bus,955,649,0.6795811518324607,0.6795811518324607,0.0,0.0,0.5,False
DoS,018f,additive,positive,0.5,global_B_id_population,955,560,0.5863874345549738,0.5863874345549738,0.0,0.0,0.5,False
DoS,018f,additive,positive,0.5,global_C_cross_id,955,460,0.4816753926701571,0.4806282722513089,0.0010471204188481908,0.045795425726252975,0.4817366523645776,False
DoS,018f,additive,positive,0.5,global_D_bus_idpop,955,645,0.675392670157068,0.675392670157068,0.0,0.0,0.5,False
DoS,018f,additive,positive,0.5,global_E_all,955,628,0.6575916230366492,0.6554973821989529,0.0020942408376962707,0.09637091697750964,0.4616129947404929,False
DoS,018f,additive,positive,1.0,global_A_bus,955,649,0.6795811518324607,0.6795811518324607,0.0,0.0,0.5,False
DoS,018f,additive,positive,1.0,global_B_id_population,955,560,0.5863874345549738,0.5863874345549738,0.0,0.0,0.5,False
DoS,018f,additive,positive,1.0,global_C_cross_id,955,460,0.4816753926701571,0.4806282722513089,0.0010471204188481908,0.045795425726252975,0.4817366523645776,False
DoS,018f,additive,positive,1.0,global_D_bus_idpop,955,645,0.675392670157068,0.675392670157068,0.0,0.0,0.5,False
DoS,018f,additive,positive,1.0,global_E_all,955,628,0.6575916230366492,0.6554973821989529,0.0020942408376962707,0.09637091697750964,0.4616129947404929,False
DoS,018f,additive,positive,1.5,global_A_bus,955,649,0.6795811518324607,0.6795811518324607,0.0,0.0,0.5,False
DoS,018f,additive,positive,1.5,global_B_id_population,955,560,0.5863874345549738,0.5863874345549738,0.0,0.0,0.5,False
DoS,018f,additive,positive,1.5,global_C_cross_id,955,461,0.4827225130890052,0.4806282722513089,0.002094240837696326,0.09158728147161313,0.46351297844528905,False
DoS,018f,additive,positive,1.5,global_D_bus_idpop,955,645,0.675392670157068,0.675392670157068,0.0,0.0,0.5,False
DoS,018f,additive,positive,1.5,global_E_all,955,628,0.6575916230366492,0.6554973821989529,0.0020942408376962707,0.09637091697750964,0.4616129947404929,False
DoS,018f,additive,negative,0.5,global_A_bus,955,649,0.6795811518324607,0.6795811518324607,0.0,0.0,0.5,False
DoS,018f,additive,negative,0.5,global_B_id_population,955,560,0.5863874345549738,0.5863874345549738,0.0,0.0,0.5,False
DoS,018f,additive,negative,0.5,global_C_cross_id,955,460,0.4816753926701571,0.4806282722513089,0.0010471204188481908,0.045795425726252975,0.4817366523645776,False
DoS,018f,additive,negative,0.5,global_D_bus_idpop,955,645,0.675392670157068,0.675392670157068,0.0,0.0,0.5,False
DoS,018f,additive,negative,0.5,global_E_all,955,626,0.6554973821989529,0.6554973821989529,0.0,0.0,0.5,False
DoS,018f,additive,negative,1.0,global_A_bus,955,649,0.6795811518324607,0.6795811518324607,0.0,0.0,0.5,False
DoS,018f,additive,negative,1.0,global_B_id_population,955,560,0.5863874345549738,0.5863874345549738,0.0,0.0,0.5,False
DoS,018f,additive,negative,1.0,global_C_cross_id,955,460,0.4816753926701571,0.4806282722513089,0.0010471204188481908,0.045795425726252975,0.4817366523645776,False
DoS,018f,additive,negative,1.0,global_D_bus_idpop,955,645,0.675392670157068,0.675392670157068,0.0,0.0,0.5,False
DoS,018f,additive,negative,1.0,global_E_all,955,624,0.6534031413612565,0.6554973821989529,-0.0020942408376963817,-0.0962320427955599,0.5383318587840212,False
DoS,018f,additive,negative,1.5,global_A_bus,955,649,0.6795811518324607,0.6795811518324607,0.0,0.0,0.5,False
DoS,018f,additive,negative,1.5,global_B_id_population,955,560,0.5863874345549738,0.5863874345549738,0.0,0.0,0.5,False
DoS,018f,additive,negative,1.5,global_C_cross_id,955,459,0.4806282722513089,0.4806282722513089,0.0,0.0,0.5,False
DoS,018f,additive,negative,1.5,global_D_bus_idpop,955,645,0.675392670157068,0.675392670157068,0.0,0.0,0.5,False
DoS,018f,additive,negative,1.5,global_E_all,955,624,0.6534031413612565,0.6554973821989529,-0.0020942408376963817,-0.0962320427955599,0.5383318587840212,False
DoS,018f,mean_shift,positive,0.5,global_A_bus,955,649,0.6795811518324607,0.6795811518324607,0.0,0.0,0.5,False
DoS,018f,mean_shift,positive,0.5,global_B_id_population,955,560,0.5863874345549738,0.5863874345549738,0.0,0.0,0.5,False
DoS,018f,mean_shift,positive,0.5,global_C_cross_id,955,460,0.4816753926701571,0.4806282722513089,0.0010471204188481908,0.045795425726252975,0.4817366523645776,False
DoS,018f,mean_shift,positive,0.5,global_D_bus_idpop,955,645,0.675392670157068,0.675392670157068,0.0,0.0,0.5,False
DoS,018f,mean_shift,positive,0.5,global_E_all,955,628,0.6575916230366492,0.6554973821989529,0.0020942408376962707,0.09637091697750964,0.4616129947404929,False
DoS,018f,mean_shift,positive,1.0,global_A_bus,955,649,0.6795811518324607,0.6795811518324607,0.0,0.0,0.5,False
DoS,018f,mean_shift,positive,1.0,global_B_id_population,955,560,0.5863874345549738,0.5863874345549738,0.0,0.0,0.5,False
DoS,018f,mean_shift,positive,1.0,global_C_cross_id,955,461,0.4827225130890052,0.4806282722513089,0.002094240837696326,0.09158728147161313,0.46351297844528905,False
DoS,018f,mean_shift,positive,1.0,global_D_bus_idpop,955,645,0.675392670157068,0.675392670157068,0.0,0.0,0.5,False
DoS,018f,mean_shift,positive,1.0,global_E_all,955,628,0.6575916230366492,0.6554973821989529,0.0020942408376962707,0.09637091697750964,0.4616129947404929,False
DoS,018f,mean_shift,positive,1.5,global_A_bus,955,649,0.6795811518324607,0.6795811518324607,0.0,0.0,0.5,False
DoS,018f,mean_shift,positive,1.5,global_B_id_population,955,560,0.5863874345549738,0.5863874345549738,0.0,0.0,0.5,False
DoS,018f,mean_shift,positive,1.5,global_C_cross_id,955,460,0.4816753926701571,0.4806282722513089,0.0010471204188481908,0.045795425726252975,0.4817366523645776,False
DoS,018f,mean_shift,positive,1.5,global_D_bus_idpop,955,645,0.675392670157068,0.675392670157068,0.0,0.0,0.5,False
DoS,018f,mean_shift,positive,1.5,global_E_all,955,628,0.6575916230366492,0.6554973821989529,0.0020942408376962707,0.09637091697750964,0.4616129947404929,False
DoS,018f,mean_shift,negative,0.5,global_A_bus,955,649,0.6795811518324607,0.6795811518324607,0.0,0.0,0.5,False
DoS,018f,mean_shift,negative,0.5,global_B_id_population,955,560,0.5863874345549738,0.5863874345549738,0.0,0.0,0.5,False
DoS,018f,mean_shift,negative,0.5,global_C_cross_id,955,456,0.4774869109947644,0.4806282722513089,-0.0031413612565444615,-0.137409212589343,0.5546463252359699,False
DoS,018f,mean_shift,negative,0.5,global_D_bus_idpop,955,645,0.675392670157068,0.675392670157068,0.0,0.0,0.5,False
DoS,018f,mean_shift,negative,0.5,global_E_all,955,626,0.6554973821989529,0.6554973821989529,0.0,0.0,0.5,False
DoS,018f,mean_shift,negative,1.0,global_A_bus,955,649,0.6795811518324607,0.6795811518324607,0.0,0.0,0.5,False
DoS,018f,mean_shift,negative,1.0,global_B_id_population,955,560,0.5863874345549738,0.5863874345549738,0.0,0.0,0.5,False
DoS,018f,mean_shift,negative,1.0,global_C_cross_id,955,457,0.47853403141361256,0.4806282722513089,-0.002094240837696326,-0.09160216753052002,0.5364929353736253,False
DoS,018f,mean_shift,negative,1.0,global_D_bus_idpop,955,645,0.675392670157068,0.675392670157068,0.0,0.0,0.5,False
DoS,018f,mean_shift,negative,1.0,global_E_all,955,625,0.6544502617801047,0.6554973821989529,-0.0010471204188482464,-0.04813326494685233,0.5191949823367135,False
DoS,018f,mean_shift,negative,1.5,global_A_bus,955,650,0.680628272251309,0.6795811518324607,0.0010471204188482464,0.0490559288145,0.48043736240225504,False
DoS,018f,mean_shift,negative,1.5,global_B_id_population,955,560,0.5863874345549738,0.5863874345549738,0.0,0.0,0.5,False
DoS,018f,mean_shift,negative,1.5,global_C_cross_id,955,457,0.47853403141361256,0.4806282722513089,-0.002094240837696326,-0.09160216753052002,0.5364929353736253,False
DoS,018f,mean_shift,negative,1.5,global_D_bus_idpop,955,645,0.675392670157068,0.675392670157068,0.0,0.0,0.5,False
DoS,018f,mean_shift,negative,1.5,global_E_all,955,625,0.6544502617801047,0.6554973821989529,-0.0010471204188482464,-0.04813326494685233,0.5191949823367135,False
Fuzzy,02c0,additive,positive,0.5,global_A_bus,931,274,0.29430719656283566,0.29430719656283566,0.0,0.0,0.5,False
Fuzzy,02c0,additive,positive,0.5,global_B_id_population,931,244,0.2620837808807734,0.2620837808807734,0.0,0.0,0.5,False
Fuzzy,02c0,additive,positive,0.5,global_C_cross_id,931,281,0.30182599355531686,0.30182599355531686,0.0,0.0,0.5,False
Fuzzy,02c0,additive,positive,0.5,global_D_bus_idpop,931,271,0.29108485499462944,0.29108485499462944,0.0,0.0,0.5,False
Fuzzy,02c0,additive,positive,0.5,global_E_all,931,280,0.3007518796992481,0.3007518796992481,0.0,0.0,0.5,False
Fuzzy,02c0,additive,positive,1.0,global_A_bus,931,274,0.29430719656283566,0.29430719656283566,0.0,0.0,0.5,False
Fuzzy,02c0,additive,positive,1.0,global_B_id_population,931,244,0.2620837808807734,0.2620837808807734,0.0,0.0,0.5,False
Fuzzy,02c0,additive,positive,1.0,global_C_cross_id,931,280,0.3007518796992481,0.30182599355531686,-0.001074113856068759,-0.05050911504240289,0.5201416570379529,False
Fuzzy,02c0,additive,positive,1.0,global_D_bus_idpop,931,271,0.29108485499462944,0.29108485499462944,0.0,0.0,0.5,False
Fuzzy,02c0,additive,positive,1.0,global_E_all,931,280,0.3007518796992481,0.3007518796992481,0.0,0.0,0.5,False
Fuzzy,02c0,additive,positive,1.5,global_A_bus,931,274,0.29430719656283566,0.29430719656283566,0.0,0.0,0.5,False
Fuzzy,02c0,additive,positive,1.5,global_B_id_population,931,244,0.2620837808807734,0.2620837808807734,0.0,0.0,0.5,False
Fuzzy,02c0,additive,positive,1.5,global_C_cross_id,931,279,0.2996777658431794,0.30182599355531686,-0.0021482277121374627,-0.10106954914038467,0.5402523747484247,False
Fuzzy,02c0,additive,positive,1.5,global_D_bus_idpop,931,271,0.29108485499462944,0.29108485499462944,0.0,0.0,0.5,False
Fuzzy,02c0,additive,positive,1.5,global_E_all,931,280,0.3007518796992481,0.3007518796992481,0.0,0.0,0.5,False
Fuzzy,02c0,additive,negative,0.5,global_A_bus,931,274,0.29430719656283566,0.29430719656283566,0.0,0.0,0.5,False
Fuzzy,02c0,additive,negative,0.5,global_B_id_population,931,244,0.2620837808807734,0.2620837808807734,0.0,0.0,0.5,False
Fuzzy,02c0,additive,negative,0.5,global_C_cross_id,931,280,0.3007518796992481,0.30182599355531686,-0.001074113856068759,-0.05050911504240289,0.5201416570379529,False
Fuzzy,02c0,additive,negative,0.5,global_D_bus_idpop,931,271,0.29108485499462944,0.29108485499462944,0.0,0.0,0.5,False
Fuzzy,02c0,additive,negative,0.5,global_E_all,931,280,0.3007518796992481,0.3007518796992481,0.0,0.0,0.5,False
Fuzzy,02c0,additive,negative,1.0,global_A_bus,931,274,0.29430719656283566,0.29430719656283566,0.0,0.0,0.5,False
Fuzzy,02c0,additive,negative,1.0,global_B_id_population,931,244,0.2620837808807734,0.2620837808807734,0.0,0.0,0.5,False
Fuzzy,02c0,additive,negative,1.0,global_C_cross_id,931,280,0.3007518796992481,0.30182599355531686,-0.001074113856068759,-0.05050911504240289,0.5201416570379529,False
Fuzzy,02c0,additive,negative,1.0,global_D_bus_idpop,931,271,0.29108485499462944,0.29108485499462944,0.0,0.0,0.5,False
Fuzzy,02c0,additive,negative,1.0,global_E_all,931,280,0.3007518796992481,0.3007518796992481,0.0,0.0,0.5,False
Fuzzy,02c0,additive,negative,1.5,global_A_bus,931,274,0.29430719656283566,0.29430719656283566,0.0,0.0,0.5,False
Fuzzy,02c0,additive,negative,1.5,global_B_id_population,931,244,0.2620837808807734,0.2620837808807734,0.0,0.0,0.5,False
Fuzzy,02c0,additive,negative,1.5,global_C_cross_id,931,280,0.3007518796992481,0.30182599355531686,-0.001074113856068759,-0.05050911504240289,0.5201416570379529,False
Fuzzy,02c0,additive,negative,1.5,global_D_bus_idpop,931,271,0.29108485499462944,0.29108485499462944,0.0,0.0,0.5,False
Fuzzy,02c0,additive,negative,1.5,global_E_all,931,280,0.3007518796992481,0.3007518796992481,0.0,0.0,0.5,False
Fuzzy,02c0,mean_shift,positive,0.5,global_A_bus,931,274,0.29430719656283566,0.29430719656283566,0.0,0.0,0.5,False
Fuzzy,02c0,mean_shift,positive,0.5,global_B_id_population,931,244,0.2620837808807734,0.2620837808807734,0.0,0.0,0.5,False
Fuzzy,02c0,mean_shift,positive,0.5,global_C_cross_id,931,281,0.30182599355531686,0.30182599355531686,0.0,0.0,0.5,False
Fuzzy,02c0,mean_shift,positive,0.5,global_D_bus_idpop,931,271,0.29108485499462944,0.29108485499462944,0.0,0.0,0.5,False
Fuzzy,02c0,mean_shift,positive,0.5,global_E_all,931,280,0.3007518796992481,0.3007518796992481,0.0,0.0,0.5,False
Fuzzy,02c0,mean_shift,positive,1.0,global_A_bus,931,274,0.29430719656283566,0.29430719656283566,0.0,0.0,0.5,False
Fuzzy,02c0,mean_shift,positive,1.0,global_B_id_population,931,244,0.2620837808807734,0.2620837808807734,0.0,0.0,0.5,False
Fuzzy,02c0,mean_shift,positive,1.0,global_C_cross_id,931,280,0.3007518796992481,0.30182599355531686,-0.001074113856068759,-0.05050911504240289,0.5201416570379529,False
Fuzzy,02c0,mean_shift,positive,1.0,global_D_bus_idpop,931,271,0.29108485499462944,0.29108485499462944,0.0,0.0,0.5,False
Fuzzy,02c0,mean_shift,positive,1.0,global_E_all,931,280,0.3007518796992481,0.3007518796992481,0.0,0.0,0.5,False
Fuzzy,02c0,mean_shift,positive,1.5,global_A_bus,931,274,0.29430719656283566,0.29430719656283566,0.0,0.0,0.5,False
Fuzzy,02c0,mean_shift,positive,1.5,global_B_id_population,931,244,0.2620837808807734,0.2620837808807734,0.0,0.0,0.5,False
Fuzzy,02c0,mean_shift,positive,1.5,global_C_cross_id,931,279,0.2996777658431794,0.30182599355531686,-0.0021482277121374627,-0.10106954914038467,0.5402523747484247,False
Fuzzy,02c0,mean_shift,positive,1.5,global_D_bus_idpop,931,271,0.29108485499462944,0.29108485499462944,0.0,0.0,0.5,False
Fuzzy,02c0,mean_shift,positive,1.5,global_E_all,931,280,0.3007518796992481,0.3007518796992481,0.0,0.0,0.5,False
Fuzzy,02c0,mean_shift,negative,0.5,global_A_bus,931,274,0.29430719656283566,0.29430719656283566,0.0,0.0,0.5,False
Fuzzy,02c0,mean_shift,negative,0.5,global_B_id_population,931,244,0.2620837808807734,0.2620837808807734,0.0,0.0,0.5,False
Fuzzy,02c0,mean_shift,negative,0.5,global_C_cross_id,931,281,0.30182599355531686,0.30182599355531686,0.0,0.0,0.5,False
Fuzzy,02c0,mean_shift,negative,0.5,global_D_bus_idpop,931,271,0.29108485499462944,0.29108485499462944,0.0,0.0,0.5,False
Fuzzy,02c0,mean_shift,negative,0.5,global_E_all,931,280,0.3007518796992481,0.3007518796992481,0.0,0.0,0.5,False
Fuzzy,02c0,mean_shift,negative,1.0,global_A_bus,931,274,0.29430719656283566,0.29430719656283566,0.0,0.0,0.5,False
Fuzzy,02c0,mean_shift,negative,1.0,global_B_id_population,931,244,0.2620837808807734,0.2620837808807734,0.0,0.0,0.5,False
Fuzzy,02c0,mean_shift,negative,1.0,global_C_cross_id,931,280,0.3007518796992481,0.30182599355531686,-0.001074113856068759,-0.05050911504240289,0.5201416570379529,False
Fuzzy,02c0,mean_shift,negative,1.0,global_D_bus_idpop,931,271,0.29108485499462944,0.29108485499462944,0.0,0.0,0.5,False
Fuzzy,02c0,mean_shift,negative,1.0,global_E_all,931,280,0.3007518796992481,0.3007518796992481,0.0,0.0,0.5,False
Fuzzy,02c0,mean_shift,negative,1.5,global_A_bus,931,274,0.29430719656283566,0.29430719656283566,0.0,0.0,0.5,False
Fuzzy,02c0,mean_shift,negative,1.5,global_B_id_population,931,244,0.2620837808807734,0.2620837808807734,0.0,0.0,0.5,False
Fuzzy,02c0,mean_shift,negative,1.5,global_C_cross_id,931,280,0.3007518796992481,0.30182599355531686,-0.001074113856068759,-0.05050911504240289,0.5201416570379529,False
Fuzzy,02c0,mean_shift,negative,1.5,global_D_bus_idpop,931,271,0.29108485499462944,0.29108485499462944,0.0,0.0,0.5,False
Fuzzy,02c0,mean_shift,negative,1.5,global_E_all,931,279,0.2996777658431794,0.3007518796992481,-0.0010741138560687036,-0.0505605426594501,0.5201621475080969,False
Fuzzy,0316,additive,positive,0.5,global_A_bus,1027,356,0.3466407010710808,0.3466407010710808,0.0,0.0,0.5,False
Fuzzy,0316,additive,positive,0.5,global_B_id_population,1027,328,0.3193768257059396,0.3193768257059396,0.0,0.0,0.5,False
Fuzzy,0316,additive,positive,0.5,global_C_cross_id,1027,366,0.3563777994157741,0.35345666991236613,0.0029211295034079487,0.13834063698904198,0.44498560528910913,False
Fuzzy,0316,additive,positive,0.5,global_D_bus_idpop,1027,345,0.3359298928919182,0.33787731256085685,-0.0019474196689386325,-0.09336597015624729,0.5371935878618461,False
Fuzzy,0316,additive,positive,0.5,global_E_all,1027,365,0.35540408958130476,0.35540408958130476,0.0,0.0,0.5,False
Fuzzy,0316,additive,positive,1.0,global_A_bus,1027,356,0.3466407010710808,0.3466407010710808,0.0,0.0,0.5,False
Fuzzy,0316,additive,positive,1.0,global_B_id_population,1027,328,0.3193768257059396,0.3193768257059396,0.0,0.0,0.5,False
Fuzzy,0316,additive,positive,1.0,global_C_cross_id,1027,366,0.3563777994157741,0.35345666991236613,0.0029211295034079487,0.13834063698904198,0.44498560528910913,False
Fuzzy,0316,additive,positive,1.0,global_D_bus_idpop,1027,348,0.3388510223953262,0.33787731256085685,0.0009737098344693718,0.04663350827232249,0.48140266266650544,False
Fuzzy,0316,additive,positive,1.0,global_E_all,1027,366,0.3563777994157741,0.35540408958130476,0.0009737098344693162,0.04608521405833481,0.4816211654795562,False
Fuzzy,0316,additive,positive,1.5,global_A_bus,1027,357,0.3476144109055501,0.3466407010710808,0.0009737098344693162,0.04634907441673025,0.4815160127911229,False
Fuzzy,0316,additive,positive,1.5,global_B_id_population,1027,328,0.3193768257059396,0.3193768257059396,0.0,0.0,0.5,False
Fuzzy,0316,additive,positive,1.5,global_C_cross_id,1027,366,0.3563777994157741,0.35345666991236613,0.0029211295034079487,0.13834063698904198,0.44498560528910913,False
Fuzzy,0316,additive,positive,1.5,global_D_bus_idpop,1027,350,0.34079844206426485,0.33787731256085685,0.0029211295034080043,0.13980257203569424,0.4444079905324626,False
Fuzzy,0316,additive,positive,1.5,global_E_all,1027,366,0.3563777994157741,0.35540408958130476,0.0009737098344693162,0.04608521405833481,0.4816211654795562,False
Fuzzy,0316,additive,negative,0.5,global_A_bus,1027,357,0.3476144109055501,0.3466407010710808,0.0009737098344693162,0.04634907441673025,0.4815160127911229,False
Fuzzy,0316,additive,negative,0.5,global_B_id_population,1027,328,0.3193768257059396,0.3193768257059396,0.0,0.0,0.5,False
Fuzzy,0316,additive,negative,0.5,global_C_cross_id,1027,363,0.35345666991236613,0.35345666991236613,0.0,0.0,0.5,False
Fuzzy,0316,additive,negative,0.5,global_D_bus_idpop,1027,346,0.33690360272638753,0.33787731256085685,-0.0009737098344693162,-0.046666425837631295,0.5186104552605512,False
Fuzzy,0316,additive,negative,0.5,global_E_all,1027,365,0.35540408958130476,0.35540408958130476,0.0,0.0,0.5,False
Fuzzy,0316,additive,negative,1.0,global_A_bus,1027,358,0.3485881207400195,0.3466407010710808,0.001947419668938688,0.09266776960316081,0.4630837514653621,False
Fuzzy,0316,additive,negative,1.0,global_B_id_population,1027,328,0.3193768257059396,0.3193768257059396,0.0,0.0,0.5,False
Fuzzy,0316,additive,negative,1.0,global_C_cross_id,1027,363,0.35345666991236613,0.35345666991236613,0.0,0.0,0.5,False
Fuzzy,0316,additive,negative,1.0,global_D_bus_idpop,1027,346,0.33690360272638753,0.33787731256085685,-0.0009737098344693162,-0.046666425837631295,0.5186104552605512,False
Fuzzy,0316,additive,negative,1.0,global_E_all,1027,365,0.35540408958130476,0.35540408958130476,0.0,0.0,0.5,False
Fuzzy,0316,additive,negative,1.5,global_A_bus,1027,359,0.3495618305744888,0.3466407010710808,0.0029211295034080043,0.13895627547294429,0.44474235043683014,False
Fuzzy,0316,additive,negative,1.5,global_B_id_population,1027,328,0.3193768257059396,0.3193768257059396,0.0,0.0,0.5,False
Fuzzy,0316,additive,negative,1.5,global_C_cross_id,1027,363,0.35345666991236613,0.35345666991236613,0.0,0.0,0.5,False
Fuzzy,0316,additive,negative,1.5,global_D_bus_idpop,1027,346,0.33690360272638753,0.33787731256085685,-0.0009737098344693162,-0.046666425837631295,0.5186104552605512,False
Fuzzy,0316,additive,negative,1.5,global_E_all,1027,362,0.3524829600778968,0.35540408958130476,-0.0029211295034079487,-0.1384263626973724,0.5550482684220366,False
Fuzzy,0316,mean_shift,positive,0.5,global_A_bus,1027,358,0.3485881207400195,0.3466407010710808,0.001947419668938688,0.09266776960316081,0.4630837514653621,False
Fuzzy,0316,mean_shift,positive,0.5,global_B_id_population,1027,328,0.3193768257059396,0.3193768257059396,0.0,0.0,0.5,False
Fuzzy,0316,mean_shift,positive,0.5,global_C_cross_id,1027,365,0.35540408958130476,0.35345666991236613,0.0019474196689386325,0.09225560550118705,0.463247479782898,False
Fuzzy,0316,mean_shift,positive,0.5,global_D_bus_idpop,1027,346,0.33690360272638753,0.33787731256085685,-0.0009737098344693162,-0.046666425837631295,0.5186104552605512,False
Fuzzy,0316,mean_shift,positive,0.5,global_E_all,1027,362,0.3524829600778968,0.35540408958130476,-0.0029211295034079487,-0.1384263626973724,0.5550482684220366,False
Fuzzy,0316,mean_shift,positive,1.0,global_A_bus,1027,357,0.3476144109055501,0.3466407010710808,0.0009737098344693162,0.04634907441673025,0.4815160127911229,False
Fuzzy,0316,mean_shift,positive,1.0,global_B_id_population,1027,328,0.3193768257059396,0.3193768257059396,0.0,0.0,0.5,False
Fuzzy,0316,mean_shift,positive,1.0,global_C_cross_id,1027,363,0.35345666991236613,0.35345666991236613,0.0,0.0,0.5,False
Fuzzy,0316,mean_shift,positive,1.0,global_D_bus_idpop,1027,346,0.33690360272638753,0.33787731256085685,-0.0009737098344693162,-0.046666425837631295,0.5186104552605512,False
Fuzzy,0316,mean_shift,positive,1.0,global_E_all,1027,365,0.35540408958130476,0.35540408958130476,0.0,0.0,0.5,False
Fuzzy,0316,mean_shift,positive,1.5,global_A_bus,1027,358,0.3485881207400195,0.3466407010710808,0.001947419668938688,0.09266776960316081,0.4630837514653621,False
Fuzzy,0316,mean_shift,positive,1.5,global_B_id_population,1027,328,0.3193768257059396,0.3193768257059396,0.0,0.0,0.5,False
Fuzzy,0316,mean_shift,positive,1.5,global_C_cross_id,1027,363,0.35345666991236613,0.35345666991236613,0.0,0.0,0.5,False
Fuzzy,0316,mean_shift,positive,1.5,global_D_bus_idpop,1027,346,0.33690360272638753,0.33787731256085685,-0.0009737098344693162,-0.046666425837631295,0.5186104552605512,False
Fuzzy,0316,mean_shift,positive,1.5,global_E_all,1027,365,0.35540408958130476,0.35540408958130476,0.0,0.0,0.5,False
Fuzzy,0316,mean_shift,negative,0.5,global_A_bus,1027,360,0.3505355404089581,0.3466407010710808,0.0038948393378773205,0.18521478127400742,0.4265302879450052,False
Fuzzy,0316,mean_shift,negative,0.5,global_B_id_population,1027,328,0.3193768257059396,0.3193768257059396,0.0,0.0,0.5,False
Fuzzy,0316,mean_shift,negative,0.5,global_C_cross_id,1027,366,0.3563777994157741,0.35345666991236613,0.0029211295034079487,0.13834063698904198,0.44498560528910913,False
Fuzzy,0316,mean_shift,negative,0.5,global_D_bus_idpop,1027,348,0.3388510223953262,0.33787731256085685,0.0009737098344693718,0.04663350827232249,0.48140266266650544,False
Fuzzy,0316,mean_shift,negative,0.5,global_E_all,1027,362,0.3524829600778968,0.35540408958130476,-0.0029211295034079487,-0.1384263626973724,0.5550482684220366,False
Fuzzy,0316,mean_shift,negative,1.0,global_A_bus,1027,360,0.3505355404089581,0.3466407010710808,0.0038948393378773205,0.18521478127400742,0.4265302879450052,False
Fuzzy,0316,mean_shift,negative,1.0,global_B_id_population,1027,328,0.3193768257059396,0.3193768257059396,0.0,0.0,0.5,False
Fuzzy,0316,mean_shift,negative,1.0,global_C_cross_id,1027,367,0.35735150925024345,0.35345666991236613,0.0038948393378773205,0.1843973979322738,0.42685085548452023,False
Fuzzy,0316,mean_shift,negative,1.0,global_D_bus_idpop,1027,350,0.34079844206426485,0.33787731256085685,0.0029211295034080043,0.13980257203569424,0.4444079905324626,False
Fuzzy,0316,mean_shift,negative,1.0,global_E_all,1027,363,0.35345666991236613,0.35540408958130476,-0.0019474196689386325,-0.09225560550118705,0.5367525202171021,False
Fuzzy,0316,mean_shift,negative,1.5,global_A_bus,1027,361,0.35150925024342744,0.3466407010710808,0.004868549172346637,0.23144347559340112,0.40848514661002366,False
Fuzzy,0316,mean_shift,negative,1.5,global_B_id_population,1027,328,0.3193768257059396,0.3193768257059396,0.0,0.0,0.5,False
Fuzzy,0316,mean_shift,negative,1.5,global_C_cross_id,1027,367,0.35735150925024345,0.35345666991236613,0.0038948393378773205,0.1843973979322738,0.42685085548452023,False
Fuzzy,0316,mean_shift,negative,1.5,global_D_bus_idpop,1027,351,0.34177215189873417,0.33787731256085685,0.0038948393378773205,0.1863385256264805,0.4260896487037267,False
Fuzzy,0316,mean_shift,negative,1.5,global_E_all,1027,364,0.35443037974683544,0.35540408958130476,-0.0009737098344693162,-0.046113545663014,0.5183901251918442,False
Fuzzy,0153,additive,positive,0.5,global_A_bus,1026,378,0.3684210526315789,0.3684210526315789,0.0,0.0,0.5,False
Fuzzy,0153,additive,positive,0.5,global_B_id_population,1026,356,0.3469785575048733,0.3469785575048733,0.0,0.0,0.5,False
Fuzzy,0153,additive,positive,0.5,global_C_cross_id,1026,395,0.38499025341130605,0.38693957115009747,-0.001949317738791423,-0.0906923823984585,0.5361314881736601,False
Fuzzy,0153,additive,positive,0.5,global_D_bus_idpop,1026,373,0.3635477582846004,0.3635477582846004,0.0,0.0,0.5,False
Fuzzy,0153,additive,positive,0.5,global_E_all,1026,386,0.3762183235867446,0.3762183235867446,0.0,0.0,0.5,False
Fuzzy,0153,additive,positive,1.0,global_A_bus,1026,378,0.3684210526315789,0.3684210526315789,0.0,0.0,0.5,False
Fuzzy,0153,additive,positive,1.0,global_B_id_population,1026,356,0.3469785575048733,0.3469785575048733,0.0,0.0,0.5,False
Fuzzy,0153,additive,positive,1.0,global_C_cross_id,1026,396,0.38596491228070173,0.38693957115009747,-0.0009746588693957392,-0.04533558451653128,0.5180800878783389,False
Fuzzy,0153,additive,positive,1.0,global_D_bus_idpop,1026,373,0.3635477582846004,0.3635477582846004,0.0,0.0,0.5,False
Fuzzy,0153,additive,positive,1.0,global_E_all,1026,386,0.3762183235867446,0.3762183235867446,0.0,0.0,0.5,False
Fuzzy,0153,additive,positive,1.5,global_A_bus,1026,378,0.3684210526315789,0.3684210526315789,0.0,0.0,0.5,False
Fuzzy,0153,additive,positive,1.5,global_B_id_population,1026,356,0.3469785575048733,0.3469785575048733,0.0,0.0,0.5,False
Fuzzy,0153,additive,positive,1.5,global_C_cross_id,1026,389,0.3791423001949318,0.38693957115009747,-0.007797270955165692,-0.36328757063462236,0.6418049613899525,False
Fuzzy,0153,additive,positive,1.5,global_D_bus_idpop,1026,373,0.3635477582846004,0.3635477582846004,0.0,0.0,0.5,False
Fuzzy,0153,additive,positive,1.5,global_E_all,1026,386,0.3762183235867446,0.3762183235867446,0.0,0.0,0.5,False
Fuzzy,0153,additive,negative,0.5,global_A_bus,1026,378,0.3684210526315789,0.3684210526315789,0.0,0.0,0.5,False
Fuzzy,0153,additive,negative,0.5,global_B_id_population,1026,356,0.3469785575048733,0.3469785575048733,0.0,0.0,0.5,False
Fuzzy,0153,additive,negative,0.5,global_C_cross_id,1026,396,0.38596491228070173,0.38693957115009747,-0.0009746588693957392,-0.04533558451653128,0.5180800878783389,False
Fuzzy,0153,additive,negative,0.5,global_D_bus_idpop,1026,373,0.3635477582846004,0.3635477582846004,0.0,0.0,0.5,False
Fuzzy,0153,additive,negative,0.5,global_E_all,1026,386,0.3762183235867446,0.3762183235867446,0.0,0.0,0.5,False
Fuzzy,0153,additive,negative,1.0,global_A_bus,1026,378,0.3684210526315789,0.3684210526315789,0.0,0.0,0.5,False
Fuzzy,0153,additive,negative,1.0,global_B_id_population,1026,356,0.3469785575048733,0.3469785575048733,0.0,0.0,0.5,False
Fuzzy,0153,additive,negative,1.0,global_C_cross_id,1026,395,0.38499025341130605,0.38693957115009747,-0.001949317738791423,-0.0906923823984585,0.5361314881736601,False
Fuzzy,0153,additive,negative,1.0,global_D_bus_idpop,1026,373,0.3635477582846004,0.3635477582846004,0.0,0.0,0.5,False
Fuzzy,0153,additive,negative,1.0,global_E_all,1026,386,0.3762183235867446,0.3762183235867446,0.0,0.0,0.5,False
Fuzzy,0153,additive,negative,1.5,global_A_bus,1026,378,0.3684210526315789,0.3684210526315789,0.0,0.0,0.5,False
Fuzzy,0153,additive,negative,1.5,global_B_id_population,1026,356,0.3469785575048733,0.3469785575048733,0.0,0.0,0.5,False
Fuzzy,0153,additive,negative,1.5,global_C_cross_id,1026,395,0.38499025341130605,0.38693957115009747,-0.001949317738791423,-0.0906923823984585,0.5361314881736601,False
Fuzzy,0153,additive,negative,1.5,global_D_bus_idpop,1026,373,0.3635477582846004,0.3635477582846004,0.0,0.0,0.5,False
Fuzzy,0153,additive,negative,1.5,global_E_all,1026,386,0.3762183235867446,0.3762183235867446,0.0,0.0,0.5,False
Fuzzy,0153,mean_shift,positive,0.5,global_A_bus,1026,378,0.3684210526315789,0.3684210526315789,0.0,0.0,0.5,False
Fuzzy,0153,mean_shift,positive,0.5,global_B_id_population,1026,356,0.3469785575048733,0.3469785575048733,0.0,0.0,0.5,False
Fuzzy,0153,mean_shift,positive,0.5,global_C_cross_id,1026,396,0.38596491228070173,0.38693957115009747,-0.0009746588693957392,-0.04533558451653128,0.5180800878783389,False
Fuzzy,0153,mean_shift,positive,0.5,global_D_bus_idpop,1026,373,0.3635477582846004,0.3635477582846004,0.0,0.0,0.5,False
Fuzzy,0153,mean_shift,positive,0.5,global_E_all,1026,386,0.3762183235867446,0.3762183235867446,0.0,0.0,0.5,False
Fuzzy,0153,mean_shift,positive,1.0,global_A_bus,1026,378,0.3684210526315789,0.3684210526315789,0.0,0.0,0.5,False
Fuzzy,0153,mean_shift,positive,1.0,global_B_id_population,1026,356,0.3469785575048733,0.3469785575048733,0.0,0.0,0.5,False
Fuzzy,0153,mean_shift,positive,1.0,global_C_cross_id,1026,389,0.3791423001949318,0.38693957115009747,-0.007797270955165692,-0.36328757063462236,0.6418049613899525,False
Fuzzy,0153,mean_shift,positive,1.0,global_D_bus_idpop,1026,373,0.3635477582846004,0.3635477582846004,0.0,0.0,0.5,False
Fuzzy,0153,mean_shift,positive,1.0,global_E_all,1026,386,0.3762183235867446,0.3762183235867446,0.0,0.0,0.5,False
Fuzzy,0153,mean_shift,positive,1.5,global_A_bus,1026,378,0.3684210526315789,0.3684210526315789,0.0,0.0,0.5,False
Fuzzy,0153,mean_shift,positive,1.5,global_B_id_population,1026,356,0.3469785575048733,0.3469785575048733,0.0,0.0,0.5,False
Fuzzy,0153,mean_shift,positive,1.5,global_C_cross_id,1026,383,0.3732943469785575,0.38693957115009747,-0.01364522417153996,-0.6366868159436919,0.7378355685161617,False
Fuzzy,0153,mean_shift,positive,1.5,global_D_bus_idpop,1026,373,0.3635477582846004,0.3635477582846004,0.0,0.0,0.5,False
Fuzzy,0153,mean_shift,positive,1.5,global_E_all,1026,386,0.3762183235867446,0.3762183235867446,0.0,0.0,0.5,False
Fuzzy,0153,mean_shift,negative,0.5,global_A_bus,1026,378,0.3684210526315789,0.3684210526315789,0.0,0.0,0.5,False
Fuzzy,0153,mean_shift,negative,0.5,global_B_id_population,1026,356,0.3469785575048733,0.3469785575048733,0.0,0.0,0.5,False
Fuzzy,0153,mean_shift,negative,0.5,global_C_cross_id,1026,397,0.38693957115009747,0.38693957115009747,0.0,0.0,0.5,False
Fuzzy,0153,mean_shift,negative,0.5,global_D_bus_idpop,1026,373,0.3635477582846004,0.3635477582846004,0.0,0.0,0.5,False
Fuzzy,0153,mean_shift,negative,0.5,global_E_all,1026,386,0.3762183235867446,0.3762183235867446,0.0,0.0,0.5,False
Fuzzy,0153,mean_shift,negative,1.0,global_A_bus,1026,378,0.3684210526315789,0.3684210526315789,0.0,0.0,0.5,False
Fuzzy,0153,mean_shift,negative,1.0,global_B_id_population,1026,356,0.3469785575048733,0.3469785575048733,0.0,0.0,0.5,False
Fuzzy,0153,mean_shift,negative,1.0,global_C_cross_id,1026,395,0.38499025341130605,0.38693957115009747,-0.001949317738791423,-0.0906923823984585,0.5361314881736601,False
Fuzzy,0153,mean_shift,negative,1.0,global_D_bus_idpop,1026,373,0.3635477582846004,0.3635477582846004,0.0,0.0,0.5,False
Fuzzy,0153,mean_shift,negative,1.0,global_E_all,1026,386,0.3762183235867446,0.3762183235867446,0.0,0.0,0.5,False
Fuzzy,0153,mean_shift,negative,1.5,global_A_bus,1026,378,0.3684210526315789,0.3684210526315789,0.0,0.0,0.5,False
Fuzzy,0153,mean_shift,negative,1.5,global_B_id_population,1026,356,0.3469785575048733,0.3469785575048733,0.0,0.0,0.5,False
Fuzzy,0153,mean_shift,negative,1.5,global_C_cross_id,1026,395,0.38499025341130605,0.38693957115009747,-0.001949317738791423,-0.0906923823984585,0.5361314881736601,False
Fuzzy,0153,mean_shift,negative,1.5,global_D_bus_idpop,1026,373,0.3635477582846004,0.3635477582846004,0.0,0.0,0.5,False
Fuzzy,0153,mean_shift,negative,1.5,global_E_all,1026,386,0.3762183235867446,0.3762183235867446,0.0,0.0,0.5,False
RPM,0002,additive,positive,0.5,global_A_bus,1061,57,0.05372290292177191,0.05372290292177191,0.0,0.0,0.5,False
RPM,0002,additive,positive,0.5,global_B_id_population,1061,3,0.002827521206409048,0.002827521206409048,0.0,0.0,0.5,False
RPM,0002,additive,positive,0.5,global_C_cross_id,1061,7,0.006597549481621112,0.007540056550424128,-0.0009425070688030158,-0.25911633509815046,0.6022272592349462,False
RPM,0002,additive,positive,0.5,global_D_bus_idpop,1061,17,0.016022620169651274,0.016022620169651274,0.0,0.0,0.5,False
RPM,0002,additive,positive,0.5,global_E_all,1061,9,0.008482563619227144,0.008482563619227144,0.0,0.0,0.5,False
RPM,0002,additive,positive,1.0,global_A_bus,1061,58,0.05466540999057493,0.05372290292177191,0.000942507068803021,0.09588486990944092,0.46180600563551105,False
RPM,0002,additive,positive,1.0,global_B_id_population,1061,3,0.002827521206409048,0.002827521206409048,0.0,0.0,0.5,False
RPM,0002,additive,positive,1.0,global_C_cross_id,1061,7,0.006597549481621112,0.007540056550424128,-0.0009425070688030158,-0.25911633509815046,0.6022272592349462,False
RPM,0002,additive,positive,1.0,global_D_bus_idpop,1061,17,0.016022620169651274,0.016022620169651274,0.0,0.0,0.5,False
RPM,0002,additive,positive,1.0,global_E_all,1061,9,0.008482563619227144,0.008482563619227144,0.0,0.0,0.5,False
RPM,0002,additive,positive,1.5,global_A_bus,1061,57,0.05372290292177191,0.05372290292177191,0.0,0.0,0.5,False
RPM,0002,additive,positive,1.5,global_B_id_population,1061,3,0.002827521206409048,0.002827521206409048,0.0,0.0,0.5,False
RPM,0002,additive,positive,1.5,global_C_cross_id,1061,8,0.007540056550424128,0.007540056550424128,0.0,0.0,0.5,False
RPM,0002,additive,positive,1.5,global_D_bus_idpop,1061,17,0.016022620169651274,0.016022620169651274,0.0,0.0,0.5,False
RPM,0002,additive,positive,1.5,global_E_all,1061,9,0.008482563619227144,0.008482563619227144,0.0,0.0,0.5,False
RPM,0002,additive,negative,0.5,global_A_bus,1061,57,0.05372290292177191,0.05372290292177191,0.0,0.0,0.5,False
RPM,0002,additive,negative,0.5,global_B_id_population,1061,3,0.002827521206409048,0.002827521206409048,0.0,0.0,0.5,False
RPM,0002,additive,negative,0.5,global_C_cross_id,1061,9,0.008482563619227144,0.007540056550424128,0.0009425070688030158,0.24351301565663275,0.40380400174446296,False
RPM,0002,additive,negative,0.5,global_D_bus_idpop,1061,17,0.016022620169651274,0.016022620169651274,0.0,0.0,0.5,False
RPM,0002,additive,negative,0.5,global_E_all,1061,9,0.008482563619227144,0.008482563619227144,0.0,0.0,0.5,False
RPM,0002,additive,negative,1.0,global_A_bus,1061,58,0.05466540999057493,0.05372290292177191,0.000942507068803021,0.09588486990944092,0.46180600563551105,False
RPM,0002,additive,negative,1.0,global_B_id_population,1061,3,0.002827521206409048,0.002827521206409048,0.0,0.0,0.5,False
RPM,0002,additive,negative,1.0,global_C_cross_id,1061,9,0.008482563619227144,0.007540056550424128,0.0009425070688030158,0.24351301565663275,0.40380400174446296,False
RPM,0002,additive,negative,1.0,global_D_bus_idpop,1061,18,0.016965127238454288,0.016022620169651274,0.000942507068803014,0.1704423223723034,0.43233114530238254,False
RPM,0002,additive,negative,1.0,global_E_all,1061,9,0.008482563619227144,0.008482563619227144,0.0,0.0,0.5,False
RPM,0002,additive,negative,1.5,global_A_bus,1061,61,0.057492931196983975,0.05372290292177191,0.003770028275212063,0.37891589076615767,0.35237516173692174,False
RPM,0002,additive,negative,1.5,global_B_id_population,1061,3,0.002827521206409048,0.002827521206409048,0.0,0.0,0.5,False
RPM,0002,additive,negative,1.5,global_C_cross_id,1061,8,0.007540056550424128,0.007540056550424128,0.0,0.0,0.5,False
RPM,0002,additive,negative,1.5,global_D_bus_idpop,1061,18,0.016965127238454288,0.016022620169651274,0.000942507068803014,0.1704423223723034,0.43233114530238254,False
RPM,0002,additive,negative,1.5,global_E_all,1061,9,0.008482563619227144,0.008482563619227144,0.0,0.0,0.5,False
RPM,0002,mean_shift,positive,0.5,global_A_bus,1061,57,0.05372290292177191,0.05372290292177191,0.0,0.0,0.5,False
RPM,0002,mean_shift,positive,0.5,global_B_id_population,1061,3,0.002827521206409048,0.002827521206409048,0.0,0.0,0.5,False
RPM,0002,mean_shift,positive,0.5,global_C_cross_id,1061,7,0.006597549481621112,0.007540056550424128,-0.0009425070688030158,-0.25911633509815046,0.6022272592349462,False
RPM,0002,mean_shift,positive,0.5,global_D_bus_idpop,1061,17,0.016022620169651274,0.016022620169651274,0.0,0.0,0.5,False
RPM,0002,mean_shift,positive,0.5,global_E_all,1061,9,0.008482563619227144,0.008482563619227144,0.0,0.0,0.5,False
RPM,0002,mean_shift,positive,1.0,global_A_bus,1061,57,0.05372290292177191,0.05372290292177191,0.0,0.0,0.5,False
RPM,0002,mean_shift,positive,1.0,global_B_id_population,1061,3,0.002827521206409048,0.002827521206409048,0.0,0.0,0.5,False
RPM,0002,mean_shift,positive,1.0,global_C_cross_id,1061,7,0.006597549481621112,0.007540056550424128,-0.0009425070688030158,-0.25911633509815046,0.6022272592349462,False
RPM,0002,mean_shift,positive,1.0,global_D_bus_idpop,1061,17,0.016022620169651274,0.016022620169651274,0.0,0.0,0.5,False
RPM,0002,mean_shift,positive,1.0,global_E_all,1061,9,0.008482563619227144,0.008482563619227144,0.0,0.0,0.5,False
RPM,0002,mean_shift,positive,1.5,global_A_bus,1061,58,0.05466540999057493,0.05372290292177191,0.000942507068803021,0.09588486990944092,0.46180600563551105,False
RPM,0002,mean_shift,positive,1.5,global_B_id_population,1061,3,0.002827521206409048,0.002827521206409048,0.0,0.0,0.5,False
RPM,0002,mean_shift,positive,1.5,global_C_cross_id,1061,7,0.006597549481621112,0.007540056550424128,-0.0009425070688030158,-0.25911633509815046,0.6022272592349462,False
RPM,0002,mean_shift,positive,1.5,global_D_bus_idpop,1061,17,0.016022620169651274,0.016022620169651274,0.0,0.0,0.5,False
RPM,0002,mean_shift,positive,1.5,global_E_all,1061,9,0.008482563619227144,0.008482563619227144,0.0,0.0,0.5,False
RPM,0002,mean_shift,negative,0.5,global_A_bus,1061,57,0.05372290292177191,0.05372290292177191,0.0,0.0,0.5,False
RPM,0002,mean_shift,negative,0.5,global_B_id_population,1061,3,0.002827521206409048,0.002827521206409048,0.0,0.0,0.5,False
RPM,0002,mean_shift,negative,0.5,global_C_cross_id,1061,8,0.007540056550424128,0.007540056550424128,0.0,0.0,0.5,False
RPM,0002,mean_shift,negative,0.5,global_D_bus_idpop,1061,17,0.016022620169651274,0.016022620169651274,0.0,0.0,0.5,False
RPM,0002,mean_shift,negative,0.5,global_E_all,1061,9,0.008482563619227144,0.008482563619227144,0.0,0.0,0.5,False
RPM,0002,mean_shift,negative,1.0,global_A_bus,1061,58,0.05466540999057493,0.05372290292177191,0.000942507068803021,0.09588486990944092,0.46180600563551105,False
RPM,0002,mean_shift,negative,1.0,global_B_id_population,1061,3,0.002827521206409048,0.002827521206409048,0.0,0.0,0.5,False
RPM,0002,mean_shift,negative,1.0,global_C_cross_id,1061,7,0.006597549481621112,0.007540056550424128,-0.0009425070688030158,-0.25911633509815046,0.6022272592349462,False
RPM,0002,mean_shift,negative,1.0,global_D_bus_idpop,1061,17,0.016022620169651274,0.016022620169651274,0.0,0.0,0.5,False
RPM,0002,mean_shift,negative,1.0,global_E_all,1061,9,0.008482563619227144,0.008482563619227144,0.0,0.0,0.5,False
RPM,0002,mean_shift,negative,1.5,global_A_bus,1061,58,0.05466540999057493,0.05372290292177191,0.000942507068803021,0.09588486990944092,0.46180600563551105,False
RPM,0002,mean_shift,negative,1.5,global_B_id_population,1061,3,0.002827521206409048,0.002827521206409048,0.0,0.0,0.5,False
RPM,0002,mean_shift,negative,1.5,global_C_cross_id,1061,6,0.005655042412818096,0.007540056550424128,-0.0018850141376060316,-0.5362945262830087,0.7041224934934421,False
RPM,0002,mean_shift,negative,1.5,global_D_bus_idpop,1061,17,0.016022620169651274,0.016022620169651274,0.0,0.0,0.5,False
RPM,0002,mean_shift,negative,1.5,global_E_all,1061,9,0.008482563619227144,0.008482563619227144,0.0,0.0,0.5,False
RPM,018f,additive,positive,0.5,global_A_bus,1058,48,0.045368620037807186,0.045368620037807186,0.0,0.0,0.5,False
RPM,018f,additive,positive,0.5,global_B_id_population,1058,2,0.001890359168241966,0.001890359168241966,0.0,0.0,0.5,False
RPM,018f,additive,positive,0.5,global_C_cross_id,1058,6,0.005671077504725898,0.004725897920604915,0.0009451795841209833,0.3022981149321209,0.38121240761444275,False
RPM,018f,additive,positive,0.5,global_D_bus_idpop,1058,29,0.027410207939508508,0.027410207939508508,0.0,0.0,0.5,False
RPM,018f,additive,positive,0.5,global_E_all,1058,10,0.00945179584120983,0.00945179584120983,0.0,0.0,0.5,False
RPM,018f,additive,positive,1.0,global_A_bus,1058,48,0.045368620037807186,0.045368620037807186,0.0,0.0,0.5,False
RPM,018f,additive,positive,1.0,global_B_id_population,1058,2,0.001890359168241966,0.001890359168241966,0.0,0.0,0.5,False
RPM,018f,additive,positive,1.0,global_C_cross_id,1058,6,0.005671077504725898,0.004725897920604915,0.0009451795841209833,0.3022981149321209,0.38121240761444275,False
RPM,018f,additive,positive,1.0,global_D_bus_idpop,1058,29,0.027410207939508508,0.027410207939508508,0.0,0.0,0.5,False
RPM,018f,additive,positive,1.0,global_E_all,1058,10,0.00945179584120983,0.00945179584120983,0.0,0.0,0.5,False
RPM,018f,additive,positive,1.5,global_A_bus,1058,48,0.045368620037807186,0.045368620037807186,0.0,0.0,0.5,False
RPM,018f,additive,positive,1.5,global_B_id_population,1058,2,0.001890359168241966,0.001890359168241966,0.0,0.0,0.5,False
RPM,018f,additive,positive,1.5,global_C_cross_id,1058,6,0.005671077504725898,0.004725897920604915,0.0009451795841209833,0.3022981149321209,0.38121240761444275,False
RPM,018f,additive,positive,1.5,global_D_bus_idpop,1058,29,0.027410207939508508,0.027410207939508508,0.0,0.0,0.5,False
RPM,018f,additive,positive,1.5,global_E_all,1058,10,0.00945179584120983,0.00945179584120983,0.0,0.0,0.5,False
RPM,018f,additive,negative,0.5,global_A_bus,1058,48,0.045368620037807186,0.045368620037807186,0.0,0.0,0.5,False
RPM,018f,additive,negative,0.5,global_B_id_population,1058,2,0.001890359168241966,0.001890359168241966,0.0,0.0,0.5,False
RPM,018f,additive,negative,0.5,global_C_cross_id,1058,6,0.005671077504725898,0.004725897920604915,0.0009451795841209833,0.3022981149321209,0.38121240761444275,False
RPM,018f,additive,negative,0.5,global_D_bus_idpop,1058,29,0.027410207939508508,0.027410207939508508,0.0,0.0,0.5,False
RPM,018f,additive,negative,0.5,global_E_all,1058,10,0.00945179584120983,0.00945179584120983,0.0,0.0,0.5,False
RPM,018f,additive,negative,1.0,global_A_bus,1058,48,0.045368620037807186,0.045368620037807186,0.0,0.0,0.5,False
RPM,018f,additive,negative,1.0,global_B_id_population,1058,2,0.001890359168241966,0.001890359168241966,0.0,0.0,0.5,False
RPM,018f,additive,negative,1.0,global_C_cross_id,1058,7,0.006616257088846881,0.004725897920604915,0.0018903591682419658,0.5789943644093126,0.2812964878999997,False
RPM,018f,additive,negative,1.0,global_D_bus_idpop,1058,29,0.027410207939508508,0.027410207939508508,0.0,0.0,0.5,False
RPM,018f,additive,negative,1.0,global_E_all,1058,10,0.00945179584120983,0.00945179584120983,0.0,0.0,0.5,False
RPM,018f,additive,negative,1.5,global_A_bus,1058,48,0.045368620037807186,0.045368620037807186,0.0,0.0,0.5,False
RPM,018f,additive,negative,1.5,global_B_id_population,1058,2,0.001890359168241966,0.001890359168241966,0.0,0.0,0.5,False
RPM,018f,additive,negative,1.5,global_C_cross_id,1058,7,0.006616257088846881,0.004725897920604915,0.0018903591682419658,0.5789943644093126,0.2812964878999997,False
RPM,018f,additive,negative,1.5,global_D_bus_idpop,1058,29,0.027410207939508508,0.027410207939508508,0.0,0.0,0.5,False
RPM,018f,additive,negative,1.5,global_E_all,1058,10,0.00945179584120983,0.00945179584120983,0.0,0.0,0.5,False
RPM,018f,mean_shift,positive,0.5,global_A_bus,1058,48,0.045368620037807186,0.045368620037807186,0.0,0.0,0.5,False
RPM,018f,mean_shift,positive,0.5,global_B_id_population,1058,2,0.001890359168241966,0.001890359168241966,0.0,0.0,0.5,False
RPM,018f,mean_shift,positive,0.5,global_C_cross_id,1058,7,0.006616257088846881,0.004725897920604915,0.0018903591682419658,0.5789943644093126,0.2812964878999997,False
RPM,018f,mean_shift,positive,0.5,global_D_bus_idpop,1058,29,0.027410207939508508,0.027410207939508508,0.0,0.0,0.5,False
RPM,018f,mean_shift,positive,0.5,global_E_all,1058,10,0.00945179584120983,0.00945179584120983,0.0,0.0,0.5,False
RPM,018f,mean_shift,positive,1.0,global_A_bus,1058,48,0.045368620037807186,0.045368620037807186,0.0,0.0,0.5,False
RPM,018f,mean_shift,positive,1.0,global_B_id_population,1058,2,0.001890359168241966,0.001890359168241966,0.0,0.0,0.5,False
RPM,018f,mean_shift,positive,1.0,global_C_cross_id,1058,6,0.005671077504725898,0.004725897920604915,0.0009451795841209833,0.3022981149321209,0.38121240761444275,False
RPM,018f,mean_shift,positive,1.0,global_D_bus_idpop,1058,29,0.027410207939508508,0.027410207939508508,0.0,0.0,0.5,False
RPM,018f,mean_shift,positive,1.0,global_E_all,1058,10,0.00945179584120983,0.00945179584120983,0.0,0.0,0.5,False
RPM,018f,mean_shift,positive,1.5,global_A_bus,1058,48,0.045368620037807186,0.045368620037807186,0.0,0.0,0.5,False
RPM,018f,mean_shift,positive,1.5,global_B_id_population,1058,2,0.001890359168241966,0.001890359168241966,0.0,0.0,0.5,False
RPM,018f,mean_shift,positive,1.5,global_C_cross_id,1058,5,0.004725897920604915,0.004725897920604915,0.0,0.0,0.5,False
RPM,018f,mean_shift,positive,1.5,global_D_bus_idpop,1058,29,0.027410207939508508,0.027410207939508508,0.0,0.0,0.5,False
RPM,018f,mean_shift,positive,1.5,global_E_all,1058,9,0.008506616257088847,0.00945179584120983,-0.0009451795841209833,-0.23045270809620655,0.5911299960154094,False
RPM,018f,mean_shift,negative,0.5,global_A_bus,1058,48,0.045368620037807186,0.045368620037807186,0.0,0.0,0.5,False
RPM,018f,mean_shift,negative,0.5,global_B_id_population,1058,2,0.001890359168241966,0.001890359168241966,0.0,0.0,0.5,False
RPM,018f,mean_shift,negative,0.5,global_C_cross_id,1058,7,0.006616257088846881,0.004725897920604915,0.0018903591682419658,0.5789943644093126,0.2812964878999997,False
RPM,018f,mean_shift,negative,0.5,global_D_bus_idpop,1058,29,0.027410207939508508,0.027410207939508508,0.0,0.0,0.5,False
RPM,018f,mean_shift,negative,0.5,global_E_all,1058,10,0.00945179584120983,0.00945179584120983,0.0,0.0,0.5,False
RPM,018f,mean_shift,negative,1.0,global_A_bus,1058,48,0.045368620037807186,0.045368620037807186,0.0,0.0,0.5,False
RPM,018f,mean_shift,negative,1.0,global_B_id_population,1058,2,0.001890359168241966,0.001890359168241966,0.0,0.0,0.5,False
RPM,018f,mean_shift,negative,1.0,global_C_cross_id,1058,7,0.006616257088846881,0.004725897920604915,0.0018903591682419658,0.5789943644093126,0.2812964878999997,False
RPM,018f,mean_shift,negative,1.0,global_D_bus_idpop,1058,29,0.027410207939508508,0.027410207939508508,0.0,0.0,0.5,False
RPM,018f,mean_shift,negative,1.0,global_E_all,1058,10,0.00945179584120983,0.00945179584120983,0.0,0.0,0.5,False
RPM,018f,mean_shift,negative,1.5,global_A_bus,1058,48,0.045368620037807186,0.045368620037807186,0.0,0.0,0.5,False
RPM,018f,mean_shift,negative,1.5,global_B_id_population,1058,2,0.001890359168241966,0.001890359168241966,0.0,0.0,0.5,False
RPM,018f,mean_shift,negative,1.5,global_C_cross_id,1058,7,0.006616257088846881,0.004725897920604915,0.0018903591682419658,0.5789943644093126,0.2812964878999997,False
RPM,018f,mean_shift,negative,1.5,global_D_bus_idpop,1058,29,0.027410207939508508,0.027410207939508508,0.0,0.0,0.5,False
RPM,018f,mean_shift,negative,1.5,global_E_all,1058,10,0.00945179584120983,0.00945179584120983,0.0,0.0,0.5,False
RPM,0153,additive,positive,0.5,global_A_bus,1065,59,0.05539906103286385,0.05539906103286385,0.0,0.0,0.5,False
RPM,0153,additive,positive,0.5,global_B_id_population,1065,3,0.0028169014084507044,0.0028169014084507044,0.0,0.0,0.5,False
RPM,0153,additive,positive,0.5,global_C_cross_id,1065,7,0.006572769953051643,0.006572769953051643,0.0,0.0,0.5,False
RPM,0153,additive,positive,0.5,global_D_bus_idpop,1065,18,0.016901408450704224,0.016901408450704224,0.0,0.0,0.5,False
RPM,0153,additive,positive,0.5,global_E_all,1065,9,0.008450704225352112,0.008450704225352112,0.0,0.0,0.5,False
RPM,0153,additive,positive,1.0,global_A_bus,1065,59,0.05539906103286385,0.05539906103286385,0.0,0.0,0.5,False
RPM,0153,additive,positive,1.0,global_B_id_population,1065,3,0.0028169014084507044,0.0028169014084507044,0.0,0.0,0.5,False
RPM,0153,additive,positive,1.0,global_C_cross_id,1065,7,0.006572769953051643,0.006572769953051643,0.0,0.0,0.5,False
RPM,0153,additive,positive,1.0,global_D_bus_idpop,1065,18,0.016901408450704224,0.016901408450704224,0.0,0.0,0.5,False
RPM,0153,additive,positive,1.0,global_E_all,1065,9,0.008450704225352112,0.008450704225352112,0.0,0.0,0.5,False
RPM,0153,additive,positive,1.5,global_A_bus,1065,59,0.05539906103286385,0.05539906103286385,0.0,0.0,0.5,False
RPM,0153,additive,positive,1.5,global_B_id_population,1065,3,0.0028169014084507044,0.0028169014084507044,0.0,0.0,0.5,False
RPM,0153,additive,positive,1.5,global_C_cross_id,1065,7,0.006572769953051643,0.006572769953051643,0.0,0.0,0.5,False
RPM,0153,additive,positive,1.5,global_D_bus_idpop,1065,18,0.016901408450704224,0.016901408450704224,0.0,0.0,0.5,False
RPM,0153,additive,positive,1.5,global_E_all,1065,9,0.008450704225352112,0.008450704225352112,0.0,0.0,0.5,False
RPM,0153,additive,negative,0.5,global_A_bus,1065,59,0.05539906103286385,0.05539906103286385,0.0,0.0,0.5,False
RPM,0153,additive,negative,0.5,global_B_id_population,1065,3,0.0028169014084507044,0.0028169014084507044,0.0,0.0,0.5,False
RPM,0153,additive,negative,0.5,global_C_cross_id,1065,7,0.006572769953051643,0.006572769953051643,0.0,0.0,0.5,False
RPM,0153,additive,negative,0.5,global_D_bus_idpop,1065,18,0.016901408450704224,0.016901408450704224,0.0,0.0,0.5,False
RPM,0153,additive,negative,0.5,global_E_all,1065,9,0.008450704225352112,0.008450704225352112,0.0,0.0,0.5,False
RPM,0153,additive,negative,1.0,global_A_bus,1065,59,0.05539906103286385,0.05539906103286385,0.0,0.0,0.5,False
RPM,0153,additive,negative,1.0,global_B_id_population,1065,3,0.0028169014084507044,0.0028169014084507044,0.0,0.0,0.5,False
RPM,0153,additive,negative,1.0,global_C_cross_id,1065,7,0.006572769953051643,0.006572769953051643,0.0,0.0,0.5,False
RPM,0153,additive,negative,1.0,global_D_bus_idpop,1065,18,0.016901408450704224,0.016901408450704224,0.0,0.0,0.5,False
RPM,0153,additive,negative,1.0,global_E_all,1065,9,0.008450704225352112,0.008450704225352112,0.0,0.0,0.5,False
RPM,0153,additive,negative,1.5,global_A_bus,1065,59,0.05539906103286385,0.05539906103286385,0.0,0.0,0.5,False
RPM,0153,additive,negative,1.5,global_B_id_population,1065,3,0.0028169014084507044,0.0028169014084507044,0.0,0.0,0.5,False
RPM,0153,additive,negative,1.5,global_C_cross_id,1065,7,0.006572769953051643,0.006572769953051643,0.0,0.0,0.5,False
RPM,0153,additive,negative,1.5,global_D_bus_idpop,1065,18,0.016901408450704224,0.016901408450704224,0.0,0.0,0.5,False
RPM,0153,additive,negative,1.5,global_E_all,1065,9,0.008450704225352112,0.008450704225352112,0.0,0.0,0.5,False
RPM,0153,mean_shift,positive,0.5,global_A_bus,1065,59,0.05539906103286385,0.05539906103286385,0.0,0.0,0.5,False
RPM,0153,mean_shift,positive,0.5,global_B_id_population,1065,3,0.0028169014084507044,0.0028169014084507044,0.0,0.0,0.5,False
RPM,0153,mean_shift,positive,0.5,global_C_cross_id,1065,7,0.006572769953051643,0.006572769953051643,0.0,0.0,0.5,False
RPM,0153,mean_shift,positive,0.5,global_D_bus_idpop,1065,18,0.016901408450704224,0.016901408450704224,0.0,0.0,0.5,False
RPM,0153,mean_shift,positive,0.5,global_E_all,1065,9,0.008450704225352112,0.008450704225352112,0.0,0.0,0.5,False
RPM,0153,mean_shift,positive,1.0,global_A_bus,1065,59,0.05539906103286385,0.05539906103286385,0.0,0.0,0.5,False
RPM,0153,mean_shift,positive,1.0,global_B_id_population,1065,3,0.0028169014084507044,0.0028169014084507044,0.0,0.0,0.5,False
RPM,0153,mean_shift,positive,1.0,global_C_cross_id,1065,7,0.006572769953051643,0.006572769953051643,0.0,0.0,0.5,False
RPM,0153,mean_shift,positive,1.0,global_D_bus_idpop,1065,18,0.016901408450704224,0.016901408450704224,0.0,0.0,0.5,False
RPM,0153,mean_shift,positive,1.0,global_E_all,1065,9,0.008450704225352112,0.008450704225352112,0.0,0.0,0.5,False
RPM,0153,mean_shift,positive,1.5,global_A_bus,1065,59,0.05539906103286385,0.05539906103286385,0.0,0.0,0.5,False
RPM,0153,mean_shift,positive,1.5,global_B_id_population,1065,3,0.0028169014084507044,0.0028169014084507044,0.0,0.0,0.5,False
RPM,0153,mean_shift,positive,1.5,global_C_cross_id,1065,7,0.006572769953051643,0.006572769953051643,0.0,0.0,0.5,False
RPM,0153,mean_shift,positive,1.5,global_D_bus_idpop,1065,18,0.016901408450704224,0.016901408450704224,0.0,0.0,0.5,False
RPM,0153,mean_shift,positive,1.5,global_E_all,1065,9,0.008450704225352112,0.008450704225352112,0.0,0.0,0.5,False
RPM,0153,mean_shift,negative,0.5,global_A_bus,1065,59,0.05539906103286385,0.05539906103286385,0.0,0.0,0.5,False
RPM,0153,mean_shift,negative,0.5,global_B_id_population,1065,3,0.0028169014084507044,0.0028169014084507044,0.0,0.0,0.5,False
RPM,0153,mean_shift,negative,0.5,global_C_cross_id,1065,7,0.006572769953051643,0.006572769953051643,0.0,0.0,0.5,False
RPM,0153,mean_shift,negative,0.5,global_D_bus_idpop,1065,18,0.016901408450704224,0.016901408450704224,0.0,0.0,0.5,False
RPM,0153,mean_shift,negative,0.5,global_E_all,1065,9,0.008450704225352112,0.008450704225352112,0.0,0.0,0.5,False
RPM,0153,mean_shift,negative,1.0,global_A_bus,1065,59,0.05539906103286385,0.05539906103286385,0.0,0.0,0.5,False
RPM,0153,mean_shift,negative,1.0,global_B_id_population,1065,3,0.0028169014084507044,0.0028169014084507044,0.0,0.0,0.5,False
RPM,0153,mean_shift,negative,1.0,global_C_cross_id,1065,7,0.006572769953051643,0.006572769953051643,0.0,0.0,0.5,False
RPM,0153,mean_shift,negative,1.0,global_D_bus_idpop,1065,18,0.016901408450704224,0.016901408450704224,0.0,0.0,0.5,False
RPM,0153,mean_shift,negative,1.0,global_E_all,1065,9,0.008450704225352112,0.008450704225352112,0.0,0.0,0.5,False
RPM,0153,mean_shift,negative,1.5,global_A_bus,1065,59,0.05539906103286385,0.05539906103286385,0.0,0.0,0.5,False
RPM,0153,mean_shift,negative,1.5,global_B_id_population,1065,3,0.0028169014084507044,0.0028169014084507044,0.0,0.0,0.5,False
RPM,0153,mean_shift,negative,1.5,global_C_cross_id,1065,7,0.006572769953051643,0.006572769953051643,0.0,0.0,0.5,False
RPM,0153,mean_shift,negative,1.5,global_D_bus_idpop,1065,18,0.016901408450704224,0.016901408450704224,0.0,0.0,0.5,False
RPM,0153,mean_shift,negative,1.5,global_E_all,1065,9,0.008450704225352112,0.008450704225352112,0.0,0.0,0.5,False
gear,0316,additive,positive,0.5,global_A_bus,1061,18,0.016965127238454288,0.016965127238454288,0.0,0.0,0.5,False
gear,0316,additive,positive,0.5,global_B_id_population,1061,6,0.005655042412818096,0.005655042412818096,0.0,0.0,0.5,False
gear,0316,additive,positive,0.5,global_C_cross_id,1061,8,0.007540056550424128,0.007540056550424128,0.0,0.0,0.5,False
gear,0316,additive,positive,0.5,global_D_bus_idpop,1061,10,0.00942507068803016,0.00942507068803016,0.0,0.0,0.5,False
gear,0316,additive,positive,0.5,global_E_all,1061,2,0.001885014137606032,0.001885014137606032,0.0,0.0,0.5,False
gear,0316,additive,positive,1.0,global_A_bus,1061,19,0.017907634307257305,0.016965127238454288,0.0009425070688030175,0.16585126871381345,0.43413699909259185,False
gear,0316,additive,positive,1.0,global_B_id_population,1061,6,0.005655042412818096,0.005655042412818096,0.0,0.0,0.5,False
gear,0316,additive,positive,1.0,global_C_cross_id,1061,9,0.008482563619227144,0.007540056550424128,0.0009425070688030158,0.24351301565663275,0.40380400174446296,False
gear,0316,additive,positive,1.0,global_D_bus_idpop,1061,10,0.00942507068803016,0.00942507068803016,0.0,0.0,0.5,False
gear,0316,additive,positive,1.0,global_E_all,1061,2,0.001885014137606032,0.001885014137606032,0.0,0.0,0.5,False
gear,0316,additive,positive,1.5,global_A_bus,1061,18,0.016965127238454288,0.016965127238454288,0.0,0.0,0.5,False
gear,0316,additive,positive,1.5,global_B_id_population,1061,6,0.005655042412818096,0.005655042412818096,0.0,0.0,0.5,False
gear,0316,additive,positive,1.5,global_C_cross_id,1061,9,0.008482563619227144,0.007540056550424128,0.0009425070688030158,0.24351301565663275,0.40380400174446296,False
gear,0316,additive,positive,1.5,global_D_bus_idpop,1061,10,0.00942507068803016,0.00942507068803016,0.0,0.0,0.5,False
gear,0316,additive,positive,1.5,global_E_all,1061,2,0.001885014137606032,0.001885014137606032,0.0,0.0,0.5,False
gear,0316,additive,negative,0.5,global_A_bus,1061,19,0.017907634307257305,0.016965127238454288,0.0009425070688030175,0.16585126871381345,0.43413699909259185,False
gear,0316,additive,negative,0.5,global_B_id_population,1061,6,0.005655042412818096,0.005655042412818096,0.0,0.0,0.5,False
gear,0316,additive,negative,0.5,global_C_cross_id,1061,9,0.008482563619227144,0.007540056550424128,0.0009425070688030158,0.24351301565663275,0.40380400174446296,False
gear,0316,additive,negative,0.5,global_D_bus_idpop,1061,10,0.00942507068803016,0.00942507068803016,0.0,0.0,0.5,False
gear,0316,additive,negative,0.5,global_E_all,1061,2,0.001885014137606032,0.001885014137606032,0.0,0.0,0.5,False
gear,0316,additive,negative,1.0,global_A_bus,1061,19,0.017907634307257305,0.016965127238454288,0.0009425070688030175,0.16585126871381345,0.43413699909259185,False
gear,0316,additive,negative,1.0,global_B_id_population,1061,6,0.005655042412818096,0.005655042412818096,0.0,0.0,0.5,False
gear,0316,additive,negative,1.0,global_C_cross_id,1061,8,0.007540056550424128,0.007540056550424128,0.0,0.0,0.5,False
gear,0316,additive,negative,1.0,global_D_bus_idpop,1061,10,0.00942507068803016,0.00942507068803016,0.0,0.0,0.5,False
gear,0316,additive,negative,1.0,global_E_all,1061,3,0.002827521206409048,0.001885014137606032,0.0009425070688030162,0.44774140589903894,0.32716991761183334,False
gear,0316,additive,negative,1.5,global_A_bus,1061,18,0.016965127238454288,0.016965127238454288,0.0,0.0,0.5,False
gear,0316,additive,negative,1.5,global_B_id_population,1061,6,0.005655042412818096,0.005655042412818096,0.0,0.0,0.5,False
gear,0316,additive,negative,1.5,global_C_cross_id,1061,8,0.007540056550424128,0.007540056550424128,0.0,0.0,0.5,False
gear,0316,additive,negative,1.5,global_D_bus_idpop,1061,10,0.00942507068803016,0.00942507068803016,0.0,0.0,0.5,False
gear,0316,additive,negative,1.5,global_E_all,1061,3,0.002827521206409048,0.001885014137606032,0.0009425070688030162,0.44774140589903894,0.32716991761183334,False
gear,0316,mean_shift,positive,0.5,global_A_bus,1061,18,0.016965127238454288,0.016965127238454288,0.0,0.0,0.5,False
gear,0316,mean_shift,positive,0.5,global_B_id_population,1061,6,0.005655042412818096,0.005655042412818096,0.0,0.0,0.5,False
gear,0316,mean_shift,positive,0.5,global_C_cross_id,1061,9,0.008482563619227144,0.007540056550424128,0.0009425070688030158,0.24351301565663275,0.40380400174446296,False
gear,0316,mean_shift,positive,0.5,global_D_bus_idpop,1061,10,0.00942507068803016,0.00942507068803016,0.0,0.0,0.5,False
gear,0316,mean_shift,positive,0.5,global_E_all,1061,2,0.001885014137606032,0.001885014137606032,0.0,0.0,0.5,False
gear,0316,mean_shift,positive,1.0,global_A_bus,1061,18,0.016965127238454288,0.016965127238454288,0.0,0.0,0.5,False
gear,0316,mean_shift,positive,1.0,global_B_id_population,1061,6,0.005655042412818096,0.005655042412818096,0.0,0.0,0.5,False
gear,0316,mean_shift,positive,1.0,global_C_cross_id,1061,9,0.008482563619227144,0.007540056550424128,0.0009425070688030158,0.24351301565663275,0.40380400174446296,False
gear,0316,mean_shift,positive,1.0,global_D_bus_idpop,1061,10,0.00942507068803016,0.00942507068803016,0.0,0.0,0.5,False
gear,0316,mean_shift,positive,1.0,global_E_all,1061,2,0.001885014137606032,0.001885014137606032,0.0,0.0,0.5,False
gear,0316,mean_shift,positive,1.5,global_A_bus,1061,17,0.016022620169651274,0.016965127238454288,-0.000942507068803014,-0.1704423223723034,0.5676688546976175,False
gear,0316,mean_shift,positive,1.5,global_B_id_population,1061,6,0.005655042412818096,0.005655042412818096,0.0,0.0,0.5,False
gear,0316,mean_shift,positive,1.5,global_C_cross_id,1061,10,0.00942507068803016,0.007540056550424128,0.0018850141376060316,0.47341669056617847,0.31795796222077866,False
gear,0316,mean_shift,positive,1.5,global_D_bus_idpop,1061,10,0.00942507068803016,0.00942507068803016,0.0,0.0,0.5,False
gear,0316,mean_shift,positive,1.5,global_E_all,1061,2,0.001885014137606032,0.001885014137606032,0.0,0.0,0.5,False
gear,0316,mean_shift,negative,0.5,global_A_bus,1061,19,0.017907634307257305,0.016965127238454288,0.0009425070688030175,0.16585126871381345,0.43413699909259185,False
gear,0316,mean_shift,negative,0.5,global_B_id_population,1061,6,0.005655042412818096,0.005655042412818096,0.0,0.0,0.5,False
gear,0316,mean_shift,negative,0.5,global_C_cross_id,1061,9,0.008482563619227144,0.007540056550424128,0.0009425070688030158,0.24351301565663275,0.40380400174446296,False
gear,0316,mean_shift,negative,0.5,global_D_bus_idpop,1061,10,0.00942507068803016,0.00942507068803016,0.0,0.0,0.5,False
gear,0316,mean_shift,negative,0.5,global_E_all,1061,2,0.001885014137606032,0.001885014137606032,0.0,0.0,0.5,False
gear,0316,mean_shift,negative,1.0,global_A_bus,1061,19,0.017907634307257305,0.016965127238454288,0.0009425070688030175,0.16585126871381345,0.43413699909259185,False
gear,0316,mean_shift,negative,1.0,global_B_id_population,1061,6,0.005655042412818096,0.005655042412818096,0.0,0.0,0.5,False
gear,0316,mean_shift,negative,1.0,global_C_cross_id,1061,9,0.008482563619227144,0.007540056550424128,0.0009425070688030158,0.24351301565663275,0.40380400174446296,False
gear,0316,mean_shift,negative,1.0,global_D_bus_idpop,1061,10,0.00942507068803016,0.00942507068803016,0.0,0.0,0.5,False
gear,0316,mean_shift,negative,1.0,global_E_all,1061,1,0.000942507068803016,0.001885014137606032,-0.000942507068803016,-0.5777588199678589,0.7182865194155035,False
gear,0316,mean_shift,negative,1.5,global_A_bus,1061,18,0.016965127238454288,0.016965127238454288,0.0,0.0,0.5,False
gear,0316,mean_shift,negative,1.5,global_B_id_population,1061,6,0.005655042412818096,0.005655042412818096,0.0,0.0,0.5,False
gear,0316,mean_shift,negative,1.5,global_C_cross_id,1061,9,0.008482563619227144,0.007540056550424128,0.0009425070688030158,0.24351301565663275,0.40380400174446296,False
gear,0316,mean_shift,negative,1.5,global_D_bus_idpop,1061,10,0.00942507068803016,0.00942507068803016,0.0,0.0,0.5,False
gear,0316,mean_shift,negative,1.5,global_E_all,1061,3,0.002827521206409048,0.001885014137606032,0.0009425070688030162,0.44774140589903894,0.32716991761183334,False
gear,018f,additive,positive,0.5,global_A_bus,1051,19,0.01807802093244529,0.01807802093244529,0.0,0.0,0.5,False
gear,018f,additive,positive,0.5,global_B_id_population,1051,6,0.005708848715509039,0.005708848715509039,0.0,0.0,0.5,False
gear,018f,additive,positive,0.5,global_C_cross_id,1051,8,0.007611798287345386,0.006660323501427212,0.0009514747859181733,0.2591251113861843,0.3977693551241149,False
gear,018f,additive,positive,0.5,global_D_bus_idpop,1051,10,0.009514747859181731,0.009514747859181731,0.0,0.0,0.5,False
gear,018f,additive,positive,0.5,global_E_all,1051,3,0.0028544243577545195,0.0028544243577545195,0.0,0.0,0.5,False
gear,018f,additive,positive,1.0,global_A_bus,1051,18,0.017126546146527116,0.01807802093244529,-0.000951474785918175,-0.1658652722188638,0.5658685111830236,False
gear,018f,additive,positive,1.0,global_B_id_population,1051,6,0.005708848715509039,0.005708848715509039,0.0,0.0,0.5,False
gear,018f,additive,positive,1.0,global_C_cross_id,1051,8,0.007611798287345386,0.006660323501427212,0.0009514747859181733,0.2591251113861843,0.3977693551241149,False
gear,018f,additive,positive,1.0,global_D_bus_idpop,1051,10,0.009514747859181731,0.009514747859181731,0.0,0.0,0.5,False
gear,018f,additive,positive,1.0,global_E_all,1051,3,0.0028544243577545195,0.0028544243577545195,0.0,0.0,0.5,False
gear,018f,additive,positive,1.5,global_A_bus,1051,18,0.017126546146527116,0.01807802093244529,-0.000951474785918175,-0.1658652722188638,0.5658685111830236,False
gear,018f,additive,positive,1.5,global_B_id_population,1051,6,0.005708848715509039,0.005708848715509039,0.0,0.0,0.5,False
gear,018f,additive,positive,1.5,global_C_cross_id,1051,8,0.007611798287345386,0.006660323501427212,0.0009514747859181733,0.2591251113861843,0.3977693551241149,False
gear,018f,additive,positive,1.5,global_D_bus_idpop,1051,10,0.009514747859181731,0.009514747859181731,0.0,0.0,0.5,False
gear,018f,additive,positive,1.5,global_E_all,1051,3,0.0028544243577545195,0.0028544243577545195,0.0,0.0,0.5,False
gear,018f,additive,negative,0.5,global_A_bus,1051,19,0.01807802093244529,0.01807802093244529,0.0,0.0,0.5,False
gear,018f,additive,negative,0.5,global_B_id_population,1051,6,0.005708848715509039,0.005708848715509039,0.0,0.0,0.5,False
gear,018f,additive,negative,0.5,global_C_cross_id,1051,7,0.006660323501427212,0.006660323501427212,0.0,0.0,0.5,False
gear,018f,additive,negative,0.5,global_D_bus_idpop,1051,11,0.010466222645099905,0.009514747859181731,0.0009514747859181733,0.21931617774764078,0.4132018803174007,False
gear,018f,additive,negative,0.5,global_E_all,1051,3,0.0028544243577545195,0.0028544243577545195,0.0,0.0,0.5,False
gear,018f,additive,negative,1.0,global_A_bus,1051,19,0.01807802093244529,0.01807802093244529,0.0,0.0,0.5,False
gear,018f,additive,negative,1.0,global_B_id_population,1051,6,0.005708848715509039,0.005708848715509039,0.0,0.0,0.5,False
gear,018f,additive,negative,1.0,global_C_cross_id,1051,7,0.006660323501427212,0.006660323501427212,0.0,0.0,0.5,False
gear,018f,additive,negative,1.0,global_D_bus_idpop,1051,11,0.010466222645099905,0.009514747859181731,0.0009514747859181733,0.21931617774764078,0.4132018803174007,False
gear,018f,additive,negative,1.0,global_E_all,1051,3,0.0028544243577545195,0.0028544243577545195,0.0,0.0,0.5,False
gear,018f,additive,negative,1.5,global_A_bus,1051,19,0.01807802093244529,0.01807802093244529,0.0,0.0,0.5,False
gear,018f,additive,negative,1.5,global_B_id_population,1051,6,0.005708848715509039,0.005708848715509039,0.0,0.0,0.5,False
gear,018f,additive,negative,1.5,global_C_cross_id,1051,7,0.006660323501427212,0.006660323501427212,0.0,0.0,0.5,False
gear,018f,additive,negative,1.5,global_D_bus_idpop,1051,11,0.010466222645099905,0.009514747859181731,0.0009514747859181733,0.21931617774764078,0.4132018803174007,False
gear,018f,additive,negative,1.5,global_E_all,1051,3,0.0028544243577545195,0.0028544243577545195,0.0,0.0,0.5,False
gear,018f,mean_shift,positive,0.5,global_A_bus,1051,19,0.01807802093244529,0.01807802093244529,0.0,0.0,0.5,False
gear,018f,mean_shift,positive,0.5,global_B_id_population,1051,6,0.005708848715509039,0.005708848715509039,0.0,0.0,0.5,False
gear,018f,mean_shift,positive,0.5,global_C_cross_id,1051,8,0.007611798287345386,0.006660323501427212,0.0009514747859181733,0.2591251113861843,0.3977693551241149,False
gear,018f,mean_shift,positive,0.5,global_D_bus_idpop,1051,11,0.010466222645099905,0.009514747859181731,0.0009514747859181733,0.21931617774764078,0.4132018803174007,False
gear,018f,mean_shift,positive,0.5,global_E_all,1051,3,0.0028544243577545195,0.0028544243577545195,0.0,0.0,0.5,False
gear,018f,mean_shift,positive,1.0,global_A_bus,1051,19,0.01807802093244529,0.01807802093244529,0.0,0.0,0.5,False
gear,018f,mean_shift,positive,1.0,global_B_id_population,1051,6,0.005708848715509039,0.005708848715509039,0.0,0.0,0.5,False
gear,018f,mean_shift,positive,1.0,global_C_cross_id,1051,7,0.006660323501427212,0.006660323501427212,0.0,0.0,0.5,False
gear,018f,mean_shift,positive,1.0,global_D_bus_idpop,1051,11,0.010466222645099905,0.009514747859181731,0.0009514747859181733,0.21931617774764078,0.4132018803174007,False
gear,018f,mean_shift,positive,1.0,global_E_all,1051,3,0.0028544243577545195,0.0028544243577545195,0.0,0.0,0.5,False
gear,018f,mean_shift,positive,1.5,global_A_bus,1051,19,0.01807802093244529,0.01807802093244529,0.0,0.0,0.5,False
gear,018f,mean_shift,positive,1.5,global_B_id_population,1051,6,0.005708848715509039,0.005708848715509039,0.0,0.0,0.5,False
gear,018f,mean_shift,positive,1.5,global_C_cross_id,1051,7,0.006660323501427212,0.006660323501427212,0.0,0.0,0.5,False
gear,018f,mean_shift,positive,1.5,global_D_bus_idpop,1051,10,0.009514747859181731,0.009514747859181731,0.0,0.0,0.5,False
gear,018f,mean_shift,positive,1.5,global_E_all,1051,3,0.0028544243577545195,0.0028544243577545195,0.0,0.0,0.5,False
gear,018f,mean_shift,negative,0.5,global_A_bus,1051,19,0.01807802093244529,0.01807802093244529,0.0,0.0,0.5,False
gear,018f,mean_shift,negative,0.5,global_B_id_population,1051,6,0.005708848715509039,0.005708848715509039,0.0,0.0,0.5,False
gear,018f,mean_shift,negative,0.5,global_C_cross_id,1051,8,0.007611798287345386,0.006660323501427212,0.0009514747859181733,0.2591251113861843,0.3977693551241149,False
gear,018f,mean_shift,negative,0.5,global_D_bus_idpop,1051,11,0.010466222645099905,0.009514747859181731,0.0009514747859181733,0.21931617774764078,0.4132018803174007,False
gear,018f,mean_shift,negative,0.5,global_E_all,1051,3,0.0028544243577545195,0.0028544243577545195,0.0,0.0,0.5,False
gear,018f,mean_shift,negative,1.0,global_A_bus,1051,19,0.01807802093244529,0.01807802093244529,0.0,0.0,0.5,False
gear,018f,mean_shift,negative,1.0,global_B_id_population,1051,6,0.005708848715509039,0.005708848715509039,0.0,0.0,0.5,False
gear,018f,mean_shift,negative,1.0,global_C_cross_id,1051,6,0.005708848715509039,0.006660323501427212,-0.0009514747859181733,-0.27821174465625237,0.6095750901505035,False
gear,018f,mean_shift,negative,1.0,global_D_bus_idpop,1051,11,0.010466222645099905,0.009514747859181731,0.0009514747859181733,0.21931617774764078,0.4132018803174007,False
gear,018f,mean_shift,negative,1.0,global_E_all,1051,3,0.0028544243577545195,0.0028544243577545195,0.0,0.0,0.5,False
gear,018f,mean_shift,negative,1.5,global_A_bus,1051,20,0.019029495718363463,0.01807802093244529,0.0009514747859181716,0.16163463928049213,0.43579678888747025,False
gear,018f,mean_shift,negative,1.5,global_B_id_population,1051,6,0.005708848715509039,0.005708848715509039,0.0,0.0,0.5,False
gear,018f,mean_shift,negative,1.5,global_C_cross_id,1051,6,0.005708848715509039,0.006660323501427212,-0.0009514747859181733,-0.27821174465625237,0.6095750901505035,False
gear,018f,mean_shift,negative,1.5,global_D_bus_idpop,1051,11,0.010466222645099905,0.009514747859181731,0.0009514747859181733,0.21931617774764078,0.4132018803174007,False
gear,018f,mean_shift,negative,1.5,global_E_all,1051,3,0.0028544243577545195,0.0028544243577545195,0.0,0.0,0.5,False
gear,0260,additive,positive,0.5,global_A_bus,1043,16,0.015340364333652923,0.015340364333652923,0.0,0.0,0.5,False
gear,0260,additive,positive,0.5,global_B_id_population,1043,6,0.005752636625119847,0.005752636625119847,0.0,0.0,0.5,False
gear,0260,additive,positive,0.5,global_C_cross_id,1043,7,0.006711409395973154,0.005752636625119847,0.0009587727708533075,0.27821838471012,0.3904223614137665,False
gear,0260,additive,positive,0.5,global_D_bus_idpop,1043,11,0.010546500479386385,0.010546500479386385,0.0,0.0,0.5,False
gear,0260,additive,positive,0.5,global_E_all,1043,4,0.003835091083413231,0.003835091083413231,0.0,0.0,0.5,False
gear,0260,additive,positive,1.0,global_A_bus,1043,16,0.015340364333652923,0.015340364333652923,0.0,0.0,0.5,False
gear,0260,additive,positive,1.0,global_B_id_population,1043,6,0.005752636625119847,0.005752636625119847,0.0,0.0,0.5,False
gear,0260,additive,positive,1.0,global_C_cross_id,1043,7,0.006711409395973154,0.005752636625119847,0.0009587727708533075,0.27821838471012,0.3904223614137665,False
gear,0260,additive,positive,1.0,global_D_bus_idpop,1043,11,0.010546500479386385,0.010546500479386385,0.0,0.0,0.5,False
gear,0260,additive,positive,1.0,global_E_all,1043,4,0.003835091083413231,0.003835091083413231,0.0,0.0,0.5,False
gear,0260,additive,positive,1.5,global_A_bus,1043,16,0.015340364333652923,0.015340364333652923,0.0,0.0,0.5,False
gear,0260,additive,positive,1.5,global_B_id_population,1043,6,0.005752636625119847,0.005752636625119847,0.0,0.0,0.5,False
gear,0260,additive,positive,1.5,global_C_cross_id,1043,7,0.006711409395973154,0.005752636625119847,0.0009587727708533075,0.27821838471012,0.3904223614137665,False
gear,0260,additive,positive,1.5,global_D_bus_idpop,1043,11,0.010546500479386385,0.010546500479386385,0.0,0.0,0.5,False
gear,0260,additive,positive,1.5,global_E_all,1043,4,0.003835091083413231,0.003835091083413231,0.0,0.0,0.5,False
gear,0260,additive,negative,0.5,global_A_bus,1043,18,0.01725790987535954,0.015340364333652923,0.0019175455417066167,0.34582709055584554,0.3647363322912982,False
gear,0260,additive,negative,0.5,global_B_id_population,1043,6,0.005752636625119847,0.005752636625119847,0.0,0.0,0.5,False
gear,0260,additive,negative,0.5,global_C_cross_id,1043,7,0.006711409395973154,0.005752636625119847,0.0009587727708533075,0.27821838471012,0.3904223614137665,False
gear,0260,additive,negative,0.5,global_D_bus_idpop,1043,11,0.010546500479386385,0.010546500479386385,0.0,0.0,0.5,False
gear,0260,additive,negative,0.5,global_E_all,1043,4,0.003835091083413231,0.003835091083413231,0.0,0.0,0.5,False
gear,0260,additive,negative,1.0,global_A_bus,1043,18,0.01725790987535954,0.015340364333652923,0.0019175455417066167,0.34582709055584554,0.3647363322912982,False
gear,0260,additive,negative,1.0,global_B_id_population,1043,6,0.005752636625119847,0.005752636625119847,0.0,0.0,0.5,False
gear,0260,additive,negative,1.0,global_C_cross_id,1043,6,0.005752636625119847,0.005752636625119847,0.0,0.0,0.5,False
gear,0260,additive,negative,1.0,global_D_bus_idpop,1043,11,0.010546500479386385,0.010546500479386385,0.0,0.0,0.5,False
gear,0260,additive,negative,1.0,global_E_all,1043,4,0.003835091083413231,0.003835091083413231,0.0,0.0,0.5,False
gear,0260,additive,negative,1.5,global_A_bus,1043,18,0.01725790987535954,0.015340364333652923,0.0019175455417066167,0.34582709055584554,0.3647363322912982,False
gear,0260,additive,negative,1.5,global_B_id_population,1043,6,0.005752636625119847,0.005752636625119847,0.0,0.0,0.5,False
gear,0260,additive,negative,1.5,global_C_cross_id,1043,6,0.005752636625119847,0.005752636625119847,0.0,0.0,0.5,False
gear,0260,additive,negative,1.5,global_D_bus_idpop,1043,11,0.010546500479386385,0.010546500479386385,0.0,0.0,0.5,False
gear,0260,additive,negative,1.5,global_E_all,1043,4,0.003835091083413231,0.003835091083413231,0.0,0.0,0.5,False
gear,0260,mean_shift,positive,0.5,global_A_bus,1043,17,0.016299137104506232,0.015340364333652923,0.0009587727708533084,0.17547114396227592,0.4303547213855051,False
gear,0260,mean_shift,positive,0.5,global_B_id_population,1043,6,0.005752636625119847,0.005752636625119847,0.0,0.0,0.5,False
gear,0260,mean_shift,positive,0.5,global_C_cross_id,1043,7,0.006711409395973154,0.005752636625119847,0.0009587727708533075,0.27821838471012,0.3904223614137665,False
gear,0260,mean_shift,positive,0.5,global_D_bus_idpop,1043,11,0.010546500479386385,0.010546500479386385,0.0,0.0,0.5,False
gear,0260,mean_shift,positive,0.5,global_E_all,1043,4,0.003835091083413231,0.003835091083413231,0.0,0.0,0.5,False
gear,0260,mean_shift,positive,1.0,global_A_bus,1043,17,0.016299137104506232,0.015340364333652923,0.0009587727708533084,0.17547114396227592,0.4303547213855051,False
gear,0260,mean_shift,positive,1.0,global_B_id_population,1043,6,0.005752636625119847,0.005752636625119847,0.0,0.0,0.5,False
gear,0260,mean_shift,positive,1.0,global_C_cross_id,1043,7,0.006711409395973154,0.005752636625119847,0.0009587727708533075,0.27821838471012,0.3904223614137665,False
gear,0260,mean_shift,positive,1.0,global_D_bus_idpop,1043,10,0.009587727708533078,0.010546500479386385,-0.0009587727708533066,-0.2193246660096811,0.5868014255371926,False
gear,0260,mean_shift,positive,1.0,global_E_all,1043,4,0.003835091083413231,0.003835091083413231,0.0,0.0,0.5,False
gear,0260,mean_shift,positive,1.5,global_A_bus,1043,16,0.015340364333652923,0.015340364333652923,0.0,0.0,0.5,False
gear,0260,mean_shift,positive,1.5,global_B_id_population,1043,6,0.005752636625119847,0.005752636625119847,0.0,0.0,0.5,False
gear,0260,mean_shift,positive,1.5,global_C_cross_id,1043,7,0.006711409395973154,0.005752636625119847,0.0009587727708533075,0.27821838471012,0.3904223614137665,False
gear,0260,mean_shift,positive,1.5,global_D_bus_idpop,1043,10,0.009587727708533078,0.010546500479386385,-0.0009587727708533066,-0.2193246660096811,0.5868014255371926,False
gear,0260,mean_shift,positive,1.5,global_E_all,1043,4,0.003835091083413231,0.003835091083413231,0.0,0.0,0.5,False
gear,0260,mean_shift,negative,0.5,global_A_bus,1043,16,0.015340364333652923,0.015340364333652923,0.0,0.0,0.5,False
gear,0260,mean_shift,negative,0.5,global_B_id_population,1043,6,0.005752636625119847,0.005752636625119847,0.0,0.0,0.5,False
gear,0260,mean_shift,negative,0.5,global_C_cross_id,1043,7,0.006711409395973154,0.005752636625119847,0.0009587727708533075,0.27821838471012,0.3904223614137665,False
gear,0260,mean_shift,negative,0.5,global_D_bus_idpop,1043,11,0.010546500479386385,0.010546500479386385,0.0,0.0,0.5,False
gear,0260,mean_shift,negative,0.5,global_E_all,1043,4,0.003835091083413231,0.003835091083413231,0.0,0.0,0.5,False
gear,0260,mean_shift,negative,1.0,global_A_bus,1043,16,0.015340364333652923,0.015340364333652923,0.0,0.0,0.5,False
gear,0260,mean_shift,negative,1.0,global_B_id_population,1043,6,0.005752636625119847,0.005752636625119847,0.0,0.0,0.5,False
gear,0260,mean_shift,negative,1.0,global_C_cross_id,1043,6,0.005752636625119847,0.005752636625119847,0.0,0.0,0.5,False
gear,0260,mean_shift,negative,1.0,global_D_bus_idpop,1043,11,0.010546500479386385,0.010546500479386385,0.0,0.0,0.5,False
gear,0260,mean_shift,negative,1.0,global_E_all,1043,4,0.003835091083413231,0.003835091083413231,0.0,0.0,0.5,False
gear,0260,mean_shift,negative,1.5,global_A_bus,1043,17,0.016299137104506232,0.015340364333652923,0.0009587727708533084,0.17547114396227592,0.4303547213855051,False
gear,0260,mean_shift,negative,1.5,global_B_id_population,1043,6,0.005752636625119847,0.005752636625119847,0.0,0.0,0.5,False
gear,0260,mean_shift,negative,1.5,global_C_cross_id,1043,7,0.006711409395973154,0.005752636625119847,0.0009587727708533075,0.27821838471012,0.3904223614137665,False
gear,0260,mean_shift,negative,1.5,global_D_bus_idpop,1043,11,0.010546500479386385,0.010546500479386385,0.0,0.0,0.5,False
gear,0260,mean_shift,negative,1.5,global_E_all,1043,4,0.003835091083413231,0.003835091083413231,0.0,0.0,0.5,False
