dataset,rule,fpr_target,threshold_pird,threshold_global,n_test,n_attack,actual_fpr,precision,recall,f1,roc_auc,pr_auc,tp,fp,fn,tn,false_alarms_per_hour,false_alarms_per_window
DoS,pird,0.01,0.5009767672276519,0.4453250416819562,23692,5834,0.05498936051069549,0.05576923076923077,0.00994172094617758,0.016875181844631947,0.8936678423734599,0.6304890448608542,58,982,5776,16876,216134.64094199042,0.04144859024143171
DoS,global,0.01,0.5009767672276519,0.4453250416819562,23692,5834,0.6657520439018927,0.3291767759408678,1.0,0.49530924990448694,0.848989536469339,0.5136798128965463,5834,11889,0,5969,2616725.8107528756,0.5018149586358265
DoS,or,0.01,0.5009767672276519,0.4453250416819562,23692,5834,0.6768955090155673,0.32552170516683404,1.0,0.49116012796767133,,,5834,12088,0,5770,2660524.989518106,0.5102144183690698
DoS,max,0.01,0.5009767672276519,0.4453250416819562,23692,5834,0.6684959121962146,0.3282691874859329,1.0,0.49428111497077015,0.8489890757441106,0.5136794609200476,5834,11938,0,5920,2627510.533162405,0.5038831673138612
DoS,weighted_0.25,0.01,0.5009767672276519,0.4453250416819562,23692,5834,0.6558965169671855,0.3324784863509432,1.0,0.49903768016765754,0.8654267200590895,0.5730511733230281,5834,11713,0,6145,2577988.848628853,0.49438629073104845
DoS,weighted_0.5,0.01,0.5009767672276519,0.4453250416819562,23692,5834,0.5338223765259268,0.3796446931736839,1.0,0.5503513985189378,0.8949094200763245,0.6197910045666708,5834,9533,0,8325,2098178.7495926623,0.4023721087286848
DoS,weighted_0.75,0.01,0.5009767672276519,0.4453250416819562,23692,5834,0.34225557173255683,0.48836430604386405,1.0,0.6562429696287964,0.9276322374510253,0.643186123268566,5834,6112,0,11746,1345229.0483069709,0.25797737632956275
Fuzzy,pird,0.01,0.39518344917040255,0.47487716110173034,20695,1296,0.1441311407804526,0.31183854294856017,0.9776234567901234,0.47284941220376936,0.972770726377012,0.7592283393158402,1267,2796,29,16603,530001.0071004104,0.13510509784972216
Fuzzy,global,0.01,0.39518344917040255,0.47487716110173034,20695,1296,0.35156451363472346,0.13812713256666245,0.8433641975308642,0.2373764795308937,0.7973355306910945,0.15895236686124786,1093,6820,203,12579,1292777.8499373386,0.32954820004832086
Fuzzy,or,0.01,0.39518344917040255,0.47487716110173034,20695,1296,0.36666838496829735,0.15381870092790864,0.9976851851851852,0.2665429808286951,,,1293,7113,3,12286,1348318.0126985763,0.3437062092292824
Fuzzy,max,0.01,0.39518344917040255,0.47487716110173034,20695,1296,0.33594515181194906,0.15898825654923215,0.9506172839506173,0.27241569928137094,0.8802646454984633,0.31579608089607303,1232,6517,64,12882,1235342.1184811783,0.3149069823628896
Fuzzy,weighted_0.25,0.01,0.39518344917040255,0.47487716110173034,20695,1296,0.34006907572555284,0.14668218859138532,0.875,0.2512462612163509,0.8851756867956155,0.33708442520718584,1134,6597,162,12802,1250506.6680405606,0.318772650398647
Fuzzy,weighted_0.5,0.01,0.39518344917040255,0.47487716110173034,20695,1296,0.34311046961183567,0.16129032258064516,0.9876543209876543,0.2772963604852686,0.9303705994772543,0.5500022821797905,1280,6656,16,12743,1261690.523340605,0.3216235805750181
Fuzzy,weighted_0.75,0.01,0.39518344917040255,0.47487716110173034,20695,1296,0.33367699365946696,0.16670957775489187,0.9992283950617284,0.2857458075904678,0.9637418865933652,0.6931215936304576,1295,6473,1,12926,1227001.616223518,0.312780864943223
RPM,pird,0.01,0.6268439411854895,0.6307008867903118,23705,4934,0.004208619679292526,0.9842315369261477,0.9993919740575598,0.9917538213998391,0.9988320822875381,0.9910135815797572,4931,79,3,18692,24144.24581296645,0.003332630246783379
RPM,global,0.01,0.6268439411854895,0.6307008867903118,23705,4934,0.008523786692238028,0.1919191919191919,0.007701661937576003,0.01480904130943102,0.5290497126666316,0.24491158782043587,38,160,4896,18611,48899.738355375084,0.006749630879561274
RPM,or,0.01,0.6268439411854895,0.6307008867903118,23705,4934,0.012679132704704065,0.9539562778100212,0.9993919740575598,0.9761456992972384,,,4931,238,3,18533,72738.36080362044,0.010040075933347395
RPM,max,0.01,0.6268439411854895,0.6307008867903118,23705,4934,0.007884502690320174,0.9708604055916519,0.9993919740575598,0.9849196045141316,0.9982377472671764,0.9882973706925714,4931,148,3,18623,45232.25797872195,0.006243408563594178
RPM,weighted_0.25,0.01,0.6268439411854895,0.6307008867903118,23705,4934,0.008417239358585052,0.6742268041237114,0.06627482772598298,0.12068647351909946,0.8126807501338267,0.5021786467922089,327,158,4607,18613,48288.4916259329,0.006665260493566758
RPM,weighted_0.5,0.01,0.6268439411854895,0.6307008867903118,23705,4934,0.008577060359064515,0.8961960025789814,0.2817186866639643,0.42868157286044717,0.9682708669897335,0.8557190649710857,1390,161,3544,18610,49205.361720096174,0.006791816072558532
RPM,weighted_0.75,0.01,0.6268439411854895,0.6307008867903118,23705,4934,0.004528261680251452,0.9748446285883398,0.6676124847993514,0.7924936845904006,0.9963699297511014,0.9777688689282116,3294,85,1640,18686,25977.98600129301,0.003585741404766927
gear,pird,0.01,0.5317229291254862,0.6321330305363264,23702,5209,0.03157951657383875,0.898961937716263,0.9975043194471108,0.9456729456729457,0.9994354201275767,0.9955142447665495,5196,584,13,17909,181862.2829178836,0.024639270947599358
gear,global,0.01,0.5317229291254862,0.6321330305363264,23702,5209,0.0029200237927864596,0.35714285714285715,0.005759262814359762,0.011335726431135461,0.40221952266041383,0.20128393714642648,30,54,5179,18439,16816.033009530332,0.0022782887520040505
gear,or,0.01,0.5317229291254862,0.6321330305363264,23702,5209,0.03428324230790029,0.8912521440823328,0.9975043194471108,0.9413896186248755,,,5196,634,13,17859,197432.6838526339,0.02674879756982533
gear,max,0.01,0.5317229291254862,0.6321330305363264,23702,5209,0.0318498891472449,0.8981849611063094,0.9975043194471108,0.9452428597416772,0.9994264613435162,0.9954921233346653,5196,589,13,17904,183419.32301135862,0.024850223609821954
gear,weighted_0.25,0.01,0.5317229291254862,0.6321330305363264,23702,5209,0.003244470880873844,0.8802395209580839,0.0846611633710885,0.15446584938704028,0.7683461078707984,0.5198526065425889,441,60,4768,18433,18684.48112170037,0.002531431946671167
gear,weighted_0.5,0.01,0.5317229291254862,0.6321330305363264,23702,5209,0.011842318715189532,0.9397524071526823,0.6557880591284315,0.7725011307100859,0.9869237774714028,0.9408561997390079,3416,219,1793,18274,68198.35609420635,0.00923972660534976
gear,weighted_0.75,0.01,0.5317229291254862,0.6321330305363264,23702,5209,0.025252798356134754,0.9175348755076814,0.9975043194471108,0.9558498896247241,0.998690678381033,0.993425006826442,5196,467,13,18026,145427.54473056787,0.019702978651590583
