rule,rate,alpha_end,n,detection_probability_any,detection_significant,mean_attack_alarm_rate,mean_control_alarm_rate,median_delay_windows_significant
global,fast,0.25,48,0.75,0.0,0.3700694444444445,0.37000000000000005,
global,fast,0.5,48,0.75,0.0,0.3700694444444445,0.37000000000000005,
global,fast,0.75,48,0.75,0.0,0.37013888888888896,0.37000000000000005,
global,fast,1.0,48,0.75,0.0,0.37013888888888896,0.37000000000000005,
global,fast,1.5,48,0.75,0.0,0.37000000000000005,0.37000000000000005,
global,fast,2.0,48,0.75,0.0,0.3699305555555556,0.37000000000000005,
global,fast,3.0,48,0.75,0.0,0.36999999999999994,0.37000000000000005,
global,medium,0.25,48,0.75,0.0,0.3700694444444445,0.37000000000000005,
global,medium,0.5,48,0.75,0.0,0.3700694444444445,0.37000000000000005,
global,medium,0.75,48,0.75,0.0,0.37013888888888896,0.37000000000000005,
global,medium,1.0,48,0.75,0.0,0.37013888888888896,0.37000000000000005,
global,medium,1.5,48,0.75,0.0,0.37000000000000005,0.37000000000000005,
global,medium,2.0,48,0.75,0.0,0.3699305555555556,0.37000000000000005,
global,medium,3.0,48,0.75,0.0,0.3699305555555556,0.37000000000000005,
global,slow,0.25,48,0.75,0.0,0.3700694444444445,0.37000000000000005,
global,slow,0.5,48,0.75,0.0,0.3700694444444445,0.37000000000000005,
global,slow,0.75,48,0.75,0.0,0.3700694444444445,0.37000000000000005,
global,slow,1.0,48,0.75,0.0,0.37013888888888896,0.37000000000000005,
global,slow,1.5,48,0.75,0.0,0.37013888888888896,0.37000000000000005,
global,slow,2.0,48,0.75,0.0,0.37000000000000005,0.37000000000000005,
global,slow,3.0,48,0.75,0.0,0.3699305555555556,0.37000000000000005,
max,fast,0.25,48,0.9166666666666666,0.0625,0.36833333333333335,0.3669444444444445,1.0
max,fast,0.5,48,0.9166666666666666,0.125,0.37486111111111114,0.3669444444444445,4.5
max,fast,0.75,48,0.9166666666666666,0.1875,0.38930555555555557,0.3669444444444445,8.0
max,fast,1.0,48,0.9166666666666666,0.20833333333333334,0.40986111111111106,0.3669444444444445,8.0
max,fast,1.5,48,1.0,0.3541666666666667,0.5318055555555556,0.3669444444444445,13.0
max,fast,2.0,48,1.0,0.5,0.640625,0.3669444444444445,50.5
max,fast,3.0,48,1.0,0.5625,0.7240277777777778,0.3669444444444445,40.0
max,medium,0.25,48,0.9166666666666666,0.0625,0.3680555555555556,0.3669444444444445,1.0
max,medium,0.5,48,0.9166666666666666,0.0625,0.3720833333333333,0.3669444444444445,1.0
max,medium,0.75,48,0.9166666666666666,0.125,0.3811805555555556,0.3669444444444445,4.5
max,medium,1.0,48,0.9166666666666666,0.125,0.395,0.3669444444444445,4.5
max,medium,1.5,48,1.0,0.2916666666666667,0.4753472222222223,0.3669444444444445,10.5
max,medium,2.0,48,1.0,0.4166666666666667,0.5636111111111112,0.3669444444444445,32.5
max,medium,3.0,48,1.0,0.5416666666666666,0.6495833333333333,0.3669444444444445,63.5
max,slow,0.25,48,0.9166666666666666,0.041666666666666664,0.3673611111111111,0.3669444444444445,1.0
max,slow,0.5,48,0.9166666666666666,0.0625,0.3687500000000001,0.3669444444444445,1.0
max,slow,0.75,48,0.9166666666666666,0.10416666666666667,0.3728472222222223,0.3669444444444445,1.0
max,slow,1.0,48,0.9166666666666666,0.125,0.37951388888888893,0.3669444444444445,4.5
max,slow,1.5,48,1.0,0.20833333333333334,0.39875,0.3669444444444445,10.5
max,slow,2.0,48,1.0,0.3333333333333333,0.4313194444444444,0.3669444444444445,10.5
max,slow,3.0,48,1.0,0.4166666666666667,0.5102083333333334,0.3669444444444445,32.0
or,fast,0.25,48,0.9166666666666666,0.0625,0.3766666666666667,0.37555555555555564,0.0
or,fast,0.5,48,0.9166666666666666,0.20833333333333334,0.4046527777777779,0.37555555555555564,32.0
or,fast,0.75,48,0.9166666666666666,0.3125,0.43520833333333336,0.37555555555555564,13.0
or,fast,1.0,48,0.9166666666666666,0.3541666666666667,0.46541666666666665,0.37555555555555564,33.0
or,fast,1.5,48,1.0,0.4791666666666667,0.5875694444444445,0.37555555555555564,29.0
or,fast,2.0,48,1.0,0.6041666666666666,0.693888888888889,0.37555555555555564,34.0
or,fast,3.0,48,1.0,0.6458333333333334,0.7716666666666666,0.37555555555555564,25.0
or,medium,0.25,48,0.9166666666666666,0.0625,0.3763888888888889,0.37555555555555564,0.0
or,medium,0.5,48,0.9166666666666666,0.10416666666666667,0.38729166666666676,0.37555555555555564,13.0
or,medium,0.75,48,0.9166666666666666,0.22916666666666666,0.4065277777777778,0.37555555555555564,51.0
or,medium,1.0,48,0.9166666666666666,0.2708333333333333,0.42868055555555556,0.37555555555555564,51.0
or,medium,1.5,48,1.0,0.4375,0.5198611111111111,0.37555555555555564,48.0
or,medium,2.0,48,1.0,0.5416666666666666,0.613125,0.37555555555555564,37.0
or,medium,3.0,48,1.0,0.625,0.6995138888888889,0.37555555555555564,37.0
or,slow,0.25,48,0.9166666666666666,0.041666666666666664,0.3756944444444444,0.37555555555555564,0.0
or,slow,0.5,48,0.9166666666666666,0.0625,0.3780555555555556,0.37555555555555564,0.0
or,slow,0.75,48,0.9166666666666666,0.10416666666666667,0.3829861111111111,0.37555555555555564,0.0
or,slow,1.0,48,0.9166666666666666,0.125,0.39125000000000004,0.37555555555555564,4.0
or,slow,1.5,48,1.0,0.2916666666666667,0.4194444444444445,0.37555555555555564,54.5
or,slow,2.0,48,1.0,0.4375,0.4595833333333334,0.37555555555555564,37.0
or,slow,3.0,48,1.0,0.5625,0.5511111111111111,0.37555555555555564,37.0
pird,fast,0.25,48,0.375,0.10416666666666667,0.06277777777777777,0.07305555555555555,13.0
pird,fast,0.5,48,0.4583333333333333,0.25,0.12833333333333333,0.07305555555555555,53.5
pird,fast,0.75,48,0.4791666666666667,0.3541666666666667,0.16916666666666666,0.07305555555555555,42.0
pird,fast,1.0,48,0.5208333333333334,0.4166666666666667,0.20604166666666668,0.07305555555555555,35.0
pird,fast,1.5,48,0.6458333333333334,0.5833333333333334,0.359375,0.07305555555555555,42.0
pird,fast,2.0,48,0.7708333333333334,0.7708333333333334,0.5765277777777778,0.07305555555555555,43.0
pird,fast,3.0,48,0.8333333333333334,0.8333333333333334,0.7021527777777777,0.07305555555555555,40.0
pird,medium,0.25,48,0.375,0.10416666666666667,0.06236111111111111,0.07305555555555555,13.0
pird,medium,0.5,48,0.4375,0.1875,0.11090277777777778,0.07305555555555555,112.0
pird,medium,0.75,48,0.4583333333333333,0.25,0.14020833333333335,0.07305555555555555,67.0
pird,medium,1.0,48,0.5,0.3333333333333333,0.16819444444444445,0.07305555555555555,66.0
pird,medium,1.5,48,0.6458333333333334,0.5625,0.2864583333333333,0.07305555555555555,57.0
pird,medium,2.0,48,0.7708333333333334,0.75,0.4625694444444444,0.07305555555555555,82.5
pird,medium,3.0,48,0.8333333333333334,0.8333333333333334,0.5967361111111111,0.07305555555555555,74.5
pird,slow,0.25,48,0.375,0.0625,0.06041666666666667,0.07305555555555555,5.0
pird,slow,0.5,48,0.4375,0.1875,0.0796527777777778,0.07305555555555555,156.0
pird,slow,0.75,48,0.4583333333333333,0.22916666666666666,0.10104166666666665,0.07305555555555555,150.0
pird,slow,1.0,48,0.4583333333333333,0.2708333333333333,0.12180555555555557,0.07305555555555555,133.0
pird,slow,1.5,48,0.6041666666666666,0.4166666666666667,0.1620138888888889,0.07305555555555555,104.5
pird,slow,2.0,48,0.7916666666666666,0.5833333333333334,0.2199305555555556,0.07305555555555555,81.5
pird,slow,3.0,48,0.8541666666666666,0.7916666666666666,0.36118055555555556,0.07305555555555555,132.5
weighted_0.25,fast,0.25,48,0.7708333333333334,0.0,0.36861111111111117,0.3738888888888889,
weighted_0.25,fast,0.5,48,0.7916666666666666,0.0,0.3709027777777778,0.3738888888888889,
weighted_0.25,fast,0.75,48,0.8333333333333334,0.041666666666666664,0.3732638888888889,0.3738888888888889,93.5
weighted_0.25,fast,1.0,48,0.8541666666666666,0.08333333333333333,0.37548611111111113,0.3738888888888889,57.5
weighted_0.25,fast,1.5,48,0.9791666666666666,0.25,0.3836805555555555,0.3738888888888889,45.5
weighted_0.25,fast,2.0,48,1.0,0.4166666666666667,0.3899305555555555,0.3738888888888889,36.0
weighted_0.25,fast,3.0,48,1.0,0.6041666666666666,0.40729166666666666,0.3738888888888889,36.0
weighted_0.25,medium,0.25,48,0.7916666666666666,0.0,0.36847222222222226,0.3738888888888889,
weighted_0.25,medium,0.5,48,0.7916666666666666,0.0,0.3695138888888889,0.3738888888888889,
weighted_0.25,medium,0.75,48,0.7916666666666666,0.0,0.3709027777777778,0.3738888888888889,
weighted_0.25,medium,1.0,48,0.8333333333333334,0.020833333333333332,0.37250000000000005,0.3738888888888889,83.0
weighted_0.25,medium,1.5,48,0.8541666666666666,0.0625,0.37541666666666657,0.3738888888888889,83.0
weighted_0.25,medium,2.0,48,0.9375,0.125,0.3799305555555555,0.3738888888888889,79.0
weighted_0.25,medium,3.0,48,1.0,0.375,0.3921527777777778,0.3738888888888889,66.0
weighted_0.25,slow,0.25,48,0.7916666666666666,0.0,0.36833333333333335,0.3738888888888889,
weighted_0.25,slow,0.5,48,0.7916666666666666,0.0,0.3684027777777778,0.3738888888888889,
weighted_0.25,slow,0.75,48,0.7708333333333334,0.0,0.3686805555555555,0.3738888888888889,
weighted_0.25,slow,1.0,48,0.7916666666666666,0.0,0.36944444444444446,0.3738888888888889,
weighted_0.25,slow,1.5,48,0.7916666666666666,0.0,0.3704861111111111,0.3738888888888889,
weighted_0.25,slow,2.0,48,0.8333333333333334,0.0,0.37180555555555556,0.3738888888888889,
weighted_0.25,slow,3.0,48,0.9583333333333334,0.08333333333333333,0.3756944444444444,0.3738888888888889,160.5
weighted_0.5,fast,0.25,48,0.7291666666666666,0.125,0.3443055555555555,0.3466666666666667,2.0
weighted_0.5,fast,0.5,48,0.7291666666666666,0.16666666666666666,0.35618055555555556,0.3466666666666667,3.0
weighted_0.5,fast,0.75,48,0.7291666666666666,0.3333333333333333,0.36847222222222226,0.3466666666666667,6.5
weighted_0.5,fast,1.0,48,0.7916666666666666,0.4166666666666667,0.38083333333333336,0.3466666666666667,11.5
weighted_0.5,fast,1.5,48,0.9583333333333334,0.6666666666666666,0.44930555555555557,0.3466666666666667,30.0
weighted_0.5,fast,2.0,48,0.9791666666666666,0.7083333333333334,0.5538888888888889,0.3466666666666667,31.5
weighted_0.5,fast,3.0,48,1.0,0.8125,0.6613888888888888,0.3466666666666667,28.0
weighted_0.5,medium,0.25,48,0.7291666666666666,0.125,0.3475,0.3466666666666667,2.0
weighted_0.5,medium,0.5,48,0.7291666666666666,0.125,0.35055555555555556,0.3466666666666667,2.0
weighted_0.5,medium,0.75,48,0.7291666666666666,0.20833333333333334,0.3590972222222222,0.3466666666666667,3.0
weighted_0.5,medium,1.0,48,0.7291666666666666,0.2916666666666667,0.3670138888888889,0.3466666666666667,6.5
weighted_0.5,medium,1.5,48,0.9375,0.5,0.4100694444444444,0.3466666666666667,13.5
weighted_0.5,medium,2.0,48,0.9375,0.6458333333333334,0.4920833333333334,0.3466666666666667,30.0
weighted_0.5,medium,3.0,48,0.9791666666666666,0.7083333333333334,0.5872916666666667,0.3466666666666667,36.0
weighted_0.5,slow,0.25,48,0.75,0.0625,0.346875,0.3466666666666667,1.0
weighted_0.5,slow,0.5,48,0.7291666666666666,0.125,0.3481944444444444,0.3466666666666667,2.0
weighted_0.5,slow,0.75,48,0.7291666666666666,0.14583333333333334,0.34875000000000006,0.3466666666666667,3.0
weighted_0.5,slow,1.0,48,0.7291666666666666,0.16666666666666666,0.3513888888888889,0.3466666666666667,3.0
weighted_0.5,slow,1.5,48,0.8333333333333334,0.20833333333333334,0.3631250000000001,0.3466666666666667,3.0
weighted_0.5,slow,2.0,48,0.8541666666666666,0.3958333333333333,0.3909722222222223,0.3466666666666667,13.0
weighted_0.5,slow,3.0,48,0.9166666666666666,0.5208333333333334,0.45576388888888886,0.3466666666666667,14.0
weighted_0.75,fast,0.25,48,0.6875,0.125,0.23263888888888887,0.25277777777777777,14.0
weighted_0.75,fast,0.5,48,0.7083333333333334,0.25,0.2685416666666667,0.25277777777777777,39.0
weighted_0.75,fast,0.75,48,0.7083333333333334,0.3958333333333333,0.3107638888888889,0.25277777777777777,24.0
weighted_0.75,fast,1.0,48,0.7083333333333334,0.5208333333333334,0.37562500000000004,0.25277777777777777,35.0
weighted_0.75,fast,1.5,48,0.8541666666666666,0.6875,0.5427777777777777,0.25277777777777777,45.0
weighted_0.75,fast,2.0,48,0.9166666666666666,0.7708333333333334,0.6482638888888889,0.25277777777777777,41.0
weighted_0.75,fast,3.0,48,0.9583333333333334,0.8541666666666666,0.7574305555555556,0.25277777777777777,33.0
weighted_0.75,medium,0.25,48,0.7083333333333334,0.0625,0.22777777777777777,0.25277777777777777,14.0
weighted_0.75,medium,0.5,48,0.6875,0.14583333333333334,0.24604166666666663,0.25277777777777777,30.0
weighted_0.75,medium,0.75,48,0.7083333333333334,0.2708333333333333,0.2764583333333333,0.25277777777777777,43.0
weighted_0.75,medium,1.0,48,0.7083333333333334,0.3958333333333333,0.32069444444444445,0.25277777777777777,51.0
weighted_0.75,medium,1.5,48,0.8333333333333334,0.625,0.44437499999999996,0.25277777777777777,61.0
weighted_0.75,medium,2.0,48,0.8958333333333334,0.7291666666666666,0.5470833333333333,0.25277777777777777,58.0
weighted_0.75,medium,3.0,48,0.9375,0.7708333333333334,0.6598611111111111,0.25277777777777777,51.0
weighted_0.75,slow,0.25,48,0.7083333333333334,0.020833333333333332,0.22381944444444443,0.25277777777777777,14.0
weighted_0.75,slow,0.5,48,0.7083333333333334,0.0625,0.228125,0.25277777777777777,14.0
weighted_0.75,slow,0.75,48,0.7083333333333334,0.14583333333333334,0.238125,0.25277777777777777,14.0
weighted_0.75,slow,1.0,48,0.6875,0.1875,0.24888888888888885,0.25277777777777777,14.0
weighted_0.75,slow,1.5,48,0.7916666666666666,0.3333333333333333,0.2884027777777778,0.25277777777777777,49.5
weighted_0.75,slow,2.0,48,0.875,0.5625,0.34694444444444444,0.25277777777777777,61.0
weighted_0.75,slow,3.0,48,0.9166666666666666,0.7083333333333334,0.4584722222222222,0.25277777777777777,70.5
