experiment,dataset,representation,detector,seed,precision,recall,f1,roc_auc,pr_auc,fpr,threshold,n_train_normals,train_seconds,score_seconds,runtime_seconds,peak_rss_mb,model_bytes,tp,fp,fn,tn,precision_point,precision_ci_low,precision_ci_high,precision_mean,precision_std,recall_point,recall_ci_low,recall_ci_high,recall_mean,recall_std,f1_point,f1_ci_low,f1_ci_high,f1_mean,f1_std,roc_auc_point,roc_auc_ci_low,roc_auc_ci_high,roc_auc_mean,roc_auc_std,pr_auc_point,pr_auc_ci_low,pr_auc_ci_high,pr_auc_mean,pr_auc_std,fpr_point,fpr_ci_low,fpr_ci_high,fpr_mean,fpr_std,protocol_version,phase
baseline,DoS,residual,isolation_forest,0,0.0557692307692307,0.0099417209461775,0.0168751818446319,0.8936678423734599,0.6304890448608542,0.0549893605106954,0.5009767672276519,8064,0.2725015000000894,0.1593211999997947,0.4318226999998842,334.25390625,1757055,58,982,5776,16876,0.0557692307692307,0.0,0.1246437089596497,0.0565409488929457,0.030676051808558,0.0099417209461775,0.0,0.0241243072995312,0.0102930710209549,0.005973223970647,0.0168751818446319,0.0,0.0398449387573066,0.0174042775637678,0.0099853489451967,0.8936678423734599,0.8824891147793712,0.9030654381041536,0.89371884612599,0.0052432915397872,0.6304890448608542,0.6068606603635961,0.6568165593747386,0.631428713835826,0.0130653461193174,0.0549893605106954,0.0499177347528557,0.0614816316146302,0.0550666184843171,0.0030701376148709,hcrl_temporal_v1,A
baseline,DoS,residual,one_class_svm,0,0.0497854077253218,0.0099417209461775,0.016573796256608,0.7908864364911582,0.395492171666462,0.0619890245268227,0.0211228923721189,8064,0.0400167999996483,0.3407346999997571,0.3807514999994055,331.58984375,32122,58,1107,5776,16751,0.0497854077253218,0.0,0.1095407310081223,0.0508411936292952,0.0278628270040091,0.0099417209461775,0.0,0.0241243072995312,0.0102930710209549,0.005973223970647,0.016573796256608,0.0,0.0395285326537893,0.0171049370894738,0.0098124107906676,0.7908864364911582,0.7819981076772025,0.7987816166271008,0.7912157767999498,0.0043121461862481,0.395492171666462,0.3710236027377143,0.4237630290497733,0.3961011096517595,0.0141501553295507,0.0619890245268227,0.0559778800340057,0.0682118441212656,0.0617674294052126,0.0030991862647095,hcrl_temporal_v1,A
baseline,DoS,residual,lof,0,0.0,0.0,0.0,0.8497458505262231,0.4689195165373577,0.0178071452570276,28.953906337907537,8064,0.2900641000001087,1.189007500000116,1.4790716000002249,336.10546875,2514956,0,318,5834,17540,0.0,0.0,0.0,0.0,0.0,0.0,0.0,0.0,0.0,0.0,0.0,0.0,0.0,0.0,0.0,0.8497458505262231,0.8409577487805412,0.8591704690392108,0.8502233880186151,0.004414786266009,0.4689195165373577,0.440323391385886,0.4989725361738587,0.4697816972026006,0.0152914177568827,0.0178071452570276,0.0150022704657354,0.0201087625247024,0.0175836507262839,0.0013524908083635,hcrl_temporal_v1,A
baseline,DoS,residual,hbos,0,0.2529207451847174,0.1372985944463489,0.1779802244195089,0.7559967227846632,0.5119731662585943,0.1324896404972561,13.45311044436789,8064,0.00259350000033,0.0060364999999364,0.0086300000002665,335.12109375,3711,801,2366,5033,15492,0.2529207451847174,0.1926480782556119,0.3263500994698617,0.2543571452281431,0.034661133754042,0.1372985944463489,0.0995642249186105,0.1831760581329795,0.138181797798631,0.021834491148579,0.1779802244195089,0.1320755842053608,0.2344105391950975,0.1789940562565088,0.0267047485633612,0.7559967227846632,0.7229850165799392,0.7860073067846283,0.7567480351538345,0.0162535241094169,0.5119731662585943,0.4930368386173823,0.5355440982911801,0.5136517530402128,0.0111574265366901,0.1324896404972561,0.1154136355357643,0.1524181114022396,0.1321082580586536,0.0093720201428927,hcrl_temporal_v1,A
baseline,DoS,residual,elliptic_envelope,0,0.0201318986463033,0.0099417209461775,0.0133103843947217,0.6776019159719346,0.3101147428120832,0.1580804121402172,2954.022117461652,8064,0.2299063000000387,0.0035625000000436,0.2334688000000824,335.58203125,66831,58,2823,5776,15035,0.0201318986463033,0.0,0.0473619182931086,0.0208604914758157,0.0119386719945909,0.0099417209461775,0.0,0.0241243072995312,0.0102930710209549,0.005973223970647,0.0133103843947217,0.0,0.0317072957811152,0.01377424434666,0.0079445813420077,0.6776019159719346,0.6432732146001658,0.7116382373713276,0.6783965018081634,0.0167924956653776,0.3101147428120832,0.2948444111891051,0.3281933692495943,0.3115469646003087,0.0088708717750852,0.1580804121402172,0.1416815655578356,0.1798571952344758,0.1574638197186715,0.0099379801957787,hcrl_temporal_v1,A
baseline,DoS,residual,autoencoder,0,0.0546654099905749,0.0099417209461775,0.0168237853517041,0.6209129688891833,0.2774455318191067,0.0561653040654048,0.3923990753764999,8064,0.6009499000001597,0.0075120000001334,0.6084619000002931,336.8828125,18610,58,1003,5776,16855,0.0546654099905749,0.0,0.1203181052084616,0.0559100999123791,0.0304778594860467,0.0099417209461775,0.0,0.0241243072995312,0.0102930710209549,0.005973223970647,0.0168237853517041,0.0,0.0402010031413685,0.017367835047002,0.0099613443723335,0.6209129688891833,0.6057973991146856,0.6361071814238091,0.6215455794059236,0.0078470602676918,0.2774455318191067,0.2583438292575313,0.2981695051578568,0.2780876512601227,0.0105786076593152,0.0561653040654048,0.0506736445673478,0.0611651250320395,0.0557403305713339,0.0027543683777589,hcrl_temporal_v1,A
baseline,Fuzzy,residual,isolation_forest,0,0.3118385429485601,0.9776234567901234,0.4728494122037693,0.972770726377012,0.7592283393158402,0.1441311407804526,0.3951834491704025,7884,0.2281768000002557,0.1372153000002072,0.3653921000004629,340.50390625,1247359,1267,2796,29,16603,0.3118385429485601,0.2799659030367608,0.3514742868790783,0.3137165984179299,0.0192958295575313,0.9776234567901234,0.9657755659217472,0.9871142109851788,0.9773307075002934,0.0057498087522012,0.4728494122037693,0.4357618162152451,0.5164998790114999,0.4746211065981148,0.0218602070136709,0.972770726377012,0.9670119244478006,0.9789961240723328,0.9731464420972384,0.0032747728506676,0.7592283393158402,0.726246713991281,0.801619782406149,0.7625387893774003,0.0201325911370773,0.1441311407804526,0.1197333185165397,0.1682832419207603,0.1429294997670182,0.0130404100503696,hcrl_temporal_v1,A
baseline,Fuzzy,residual,one_class_svm,0,0.4170096021947874,0.7037037037037037,0.5236864771748493,0.8015631692227995,0.6184330131237864,0.0657250373730604,-0.3787329219540483,7884,0.04335970000011,0.2748259999998481,0.3181856999999581,339.3125,30010,912,1275,384,18124,0.4170096021947874,0.373863765194603,0.4744891432978639,0.4185855495605309,0.0243166786832173,0.7037037037037037,0.6712405285579196,0.7408050065300582,0.7041140548009491,0.0182311768608257,0.5236864771748493,0.4870086080640193,0.5622908680669223,0.5244858075662461,0.0188515084710345,0.8015631692227995,0.7745690141070061,0.8304348612137383,0.8020982280203299,0.0141963127163881,0.6184330131237864,0.5885080884203481,0.6504199025292964,0.6193817265381055,0.0157674493012855,0.0657250373730604,0.0552892130967033,0.0754072087174364,0.065234354413248,0.0049435707429194,hcrl_temporal_v1,A
baseline,Fuzzy,residual,lof,0,0.6040992448759439,0.4320987654320987,0.5038236617183987,0.8385513619449647,0.5548798633585252,0.0189185009536574,116.66059972340209,7884,0.1946670000002086,0.912134799999876,1.1068018000000848,345.1328125,2514956,560,367,736,19032,0.6040992448759439,0.5398967238324432,0.6591657358869548,0.6013553521776397,0.0299743995871511,0.4320987654320987,0.3895539667759606,0.4709427964640822,0.4304976675605242,0.0209554301645053,0.5038236617183987,0.4579552094510608,0.5389582029891368,0.5014480309990605,0.0210265052739925,0.8385513619449647,0.817013668026078,0.8563040910366132,0.8382367774832409,0.0098983329837424,0.5548798633585252,0.5128756715564681,0.5923553943308211,0.5536006976764087,0.0206481034617129,0.0189185009536574,0.0163711400996937,0.0217549603079506,0.018968260745227,0.0013624441068197,hcrl_temporal_v1,A
baseline,Fuzzy,residual,hbos,0,0.2861325525685387,0.8294753086419753,0.4254898080348308,0.911919420881438,0.5566752385166889,0.1382545492035672,4.615779430475199,7884,0.0022190999998201,0.0038091999999778,0.006028299999798,344.23046875,3711,1075,2682,221,16717,0.2861325525685387,0.2544069395373907,0.3271413875323151,0.28783197711712,0.0177989282621028,0.8294753086419753,0.7884193276691505,0.8635627171864426,0.8295489725833503,0.0188574888639972,0.4254898080348308,0.3919151559700441,0.4677320990525884,0.4269352205307468,0.0186770216129015,0.911919420881438,0.8986207536841694,0.924721207431946,0.912317665208781,0.0067800551241938,0.5566752385166889,0.5222026880630549,0.6003010749737137,0.5593833183936908,0.0193540617453508,0.1382545492035672,0.1121807868509707,0.162103867266516,0.1371922592090761,0.0124725845366473,hcrl_temporal_v1,A
baseline,Fuzzy,residual,elliptic_envelope,0,0.2551841912661625,0.8070987654320988,0.3877664504170529,0.9346157988925228,0.6917365713089767,0.1573792463529048,527.7012985218732,7884,0.2324648999997407,0.003586599999835,0.2360514999995757,344.875,66831,1046,3053,250,16346,0.2551841912661625,0.228184698269759,0.2879671090102329,0.2561297495882654,0.015414407188851,0.8070987654320988,0.7737897761187493,0.8429752606156206,0.8065876283922044,0.0173778794097975,0.3877664504170529,0.3561849382045127,0.4238385472540402,0.3884732458583761,0.0174112982116519,0.9346157988925228,0.9232045497411168,0.9454153065202436,0.934788851663816,0.0055780977222515,0.6917365713089767,0.6641244409169902,0.7233128160948086,0.6923082265622054,0.0153261584570245,0.1573792463529048,0.1318301572286018,0.1836601437269664,0.1565325230825813,0.0136510855219081,hcrl_temporal_v1,A
baseline,Fuzzy,residual,autoencoder,0,0.2307838299487568,0.9382716049382716,0.3704493526275704,0.9375635612501344,0.6294382038226399,0.2089282952729522,0.002663791906716,7884,0.6788966999997683,0.0072809999996934,0.6861776999994618,343.19921875,18610,1216,4053,80,15346,0.2307838299487568,0.2090504085940461,0.256740427227252,0.2313907485749866,0.0124336320738037,0.9382716049382716,0.9214610873275288,0.9536034245903248,0.937914029664106,0.008212395794166,0.3704493526275704,0.3420527884462008,0.4031582785396825,0.3710162467895824,0.0158170075598516,0.9375635612501344,0.9263646588395722,0.9477002708039574,0.9377289791318058,0.0052400723557481,0.6294382038226399,0.6001608266690005,0.6616534168594682,0.6307414662173492,0.0153778877323222,0.2089282952729522,0.1797286058775305,0.2398838837963894,0.2079273288526164,0.0152466132307347,hcrl_temporal_v1,A
baseline,RPM,residual,isolation_forest,0,0.9842315369261476,0.9993919740575598,0.9917538213998393,0.998832082287538,0.9910135815797572,0.0042086196792925,0.6268439411854895,7304,0.2844571999999061,0.1951343000000633,0.4795914999999695,345.125,1958047,4931,79,3,18692,0.9842315369261476,0.9797808871967678,0.9887685049024124,0.9842902311687136,0.0023261505279583,0.9993919740575598,0.9984742817089012,1.0,0.9993872969275004,0.0003668907290943,0.9917538213998393,0.989492053663344,0.99412341306988,0.9917798911108022,0.0011923848327965,0.998832082287538,0.9983163750078026,0.9992687513165854,0.9988164534866631,0.0002454612236822,0.9910135815797572,0.9857366973205076,0.9951615057220612,0.9909322767409032,0.0025476015943198,0.0042086196792925,0.0028930341851069,0.0053705944230686,0.0041902143932187,0.0006537466195171,hcrl_temporal_v1,A
baseline,RPM,residual,one_class_svm,0,0.8064727034978751,1.0,0.8928700687658343,0.9998668158329338,0.998987649321725,0.0630760215225613,10.90415049254523,7304,0.0443491000005451,0.354053500000191,0.3984026000007361,345.4765625,31994,4934,1184,0,17587,0.8064727034978751,0.7908118822189754,0.8200858901927173,0.8062284607406162,0.0078530992291259,1.0,1.0,1.0,1.0,0.0,0.8928700687658343,0.8831881107241859,0.9011507583836948,0.8926994098109344,0.0048186366174543,0.9998668158329338,0.9997568942297468,0.999973030590828,0.9998657206101162,5.79943301968882e-05,0.998987649321725,0.9981035661431816,0.9997853905711188,0.998981183957828,0.0004325926179766,0.0630760215225613,0.0610858187738791,0.0648665792818111,0.0630132567307273,0.0009979090728039,hcrl_temporal_v1,A
baseline,RPM,residual,lof,0,0.8268811798223563,1.0,0.9052380515549032,0.9998522071439966,0.9994785045282168,0.0550316978317617,13.101643044004708,7304,0.2767975999995542,1.009950000000572,1.286747600000126,350.71875,2514956,4934,1033,0,17738,0.8268811798223563,0.8090064488882805,0.8432903246688276,0.8267568810653149,0.0089343040180556,1.0,1.0,1.0,1.0,0.0,0.9052380515549032,0.894420745385532,0.9149837256017438,0.905137348127657,0.0053595802139659,0.9998522071439966,0.9997033640740892,0.999954060045772,0.9998499892267958,6.462559337821681e-05,0.9994785045282168,0.9988996889461804,0.9998339975886782,0.99946778659741,0.0002342693051779,0.0550316978317617,0.0520514356619483,0.0579650289347512,0.0549265723371303,0.0015569992526926,hcrl_temporal_v1,A
baseline,RPM,residual,hbos,0,0.9543520309477757,1.0,0.9766429136975456,0.9999988662879984,0.9999957230013246,0.012572585371051,23.13903550651263,7304,0.0024587000007159,0.0067765999992843,0.0092353000000002,346.73046875,3711,4934,236,0,18535,0.9543520309477757,0.947705682176988,0.9615199869870458,0.9544721845485494,0.0036247318536991,1.0,1.0,1.0,1.0,0.0,0.9766429136975456,0.9731508110787604,0.9803825536137372,0.9767023062227672,0.0018978014308573,0.9999988662879984,0.9999970183269296,0.999999967527869,0.9999988814068016,7.743101391312765e-07,0.9999957230013246,0.9999888732065836,0.9999998741767696,0.999995758337364,2.9499523316849177e-06,0.012572585371051,0.010424040768473,0.0146227503937187,0.0125202999946573,0.0010735227969622,hcrl_temporal_v1,A
baseline,RPM,residual,elliptic_envelope,0,0.948481353325644,1.0,0.973559589581689,1.0,1.0,0.0142773427094986,1713.5647506460496,7304,0.2468622999995204,0.0068725000000995,0.25373479999962,348.4375,66831,4934,268,0,18503,0.948481353325644,0.936905219099568,0.9600479186211937,0.9487559645602024,0.0058691249879941,1.0,1.0,1.0,1.0,0.0,0.973559589581689,0.9674249513371744,0.9796167833317632,0.9736949144022706,0.00309368276962,1.0,1.0,1.0,1.0,4.370952418903846e-17,1.0,1.0,1.0,1.0,1.6653345369377347e-17,0.0142773427094986,0.0107336328139185,0.0180539923445214,0.0141935907315666,0.0018245726815745,hcrl_temporal_v1,A
baseline,RPM,residual,autoencoder,0,0.8117801908522541,1.0,0.8961133309117326,1.0,1.0,0.0609450748495018,3.2974848146679783,7304,0.6637016000004223,0.0086534000001847,0.6723550000006071,348.81640625,18610,4934,1144,0,17627,0.8117801908522541,0.7966918465462727,0.825845239890973,0.8115160579493105,0.0075793125846739,1.0,1.0,1.0,1.0,0.0,0.8961133309117326,0.8868430581252176,0.9046169103188852,0.8959330325938819,0.0046232488190021,1.0,1.0,1.0,1.0,4.191000011072726e-17,1.0,1.0,1.0,1.0,2.001483021243361e-17,0.0609450748495018,0.0591428099639741,0.0625493326454517,0.0608940115559063,0.0009054366064048,hcrl_temporal_v1,A
baseline,gear,residual,isolation_forest,0,0.898961937716263,0.9975043194471108,0.9456729456729456,0.9994354201275768,0.9955142447665496,0.0315795165738387,0.5317229291254862,7311,0.2511393000004318,0.1554667999998855,0.4066061000003174,352.140625,1762511,5196,584,13,17909,0.898961937716263,0.8860736943383746,0.9119507744773075,0.8992712394107193,0.0064923433306556,0.9975043194471108,0.9950057351552606,0.9992441445742272,0.9973834818374686,0.0011320521016747,0.9456729456729456,0.9380728498779934,0.952609640797853,0.9457772578756146,0.0036403314055411,0.9994354201275768,0.9991187924093134,0.9996824138347772,0.999439084233522,0.000140642799478,0.9955142447665496,0.9915756993453576,0.9985661903060336,0.9956616262164252,0.0017987075280256,0.0315795165738387,0.0267246840391711,0.0353888364338822,0.0313830349173829,0.0023107752023491,hcrl_temporal_v1,A
baseline,gear,residual,one_class_svm,0,0.9135391090845316,1.0,0.9548162404912474,0.9994592548531878,0.9961751768980684,0.0266587357378467,2.992493590681144,7311,0.0429904000002352,0.3114243999998507,0.3544148000000859,348.046875,32650,5209,493,0,18000,0.9135391090845316,0.9027624643644254,0.9243965000940628,0.9133794071356368,0.0056490177996231,1.0,1.0,1.0,1.0,0.0,0.9548162404912474,0.9488966501803734,0.9607131379090036,0.9547198898109605,0.0030868494821908,0.9994592548531878,0.9990410445926488,0.9998098903199272,0.9994643711954608,0.0002036655195179,0.9961751768980684,0.993257151113559,0.9986385488104546,0.9962056131458862,0.0014349647462765,0.0266587357378467,0.0234476562588054,0.029714574047628,0.0266152121084517,0.0016227072512627,hcrl_temporal_v1,A
baseline,gear,residual,lof,0,0.9818353831598864,0.9961604914570936,0.9889460644177624,0.99993919861154,0.9997954987656612,0.0051911534093981,81.16897931314436,7311,0.2846552000000883,1.102856900000006,1.3875121000000945,353.3359375,2514956,5189,96,20,18397,0.9818353831598864,0.976773817959933,0.9862176435065724,0.9818289680742822,0.0025988786797149,0.9961604914570936,0.9923198050062392,0.9990409519540062,0.996033923572573,0.0018377816617619,0.9889460644177624,0.9855301745245586,0.9918548102162642,0.9888782162817168,0.0017064887584473,0.99993919861154,0.99987508922182,0.999984670714616,0.9999368487365592,3.023488095731669e-05,0.9997954987656612,0.9995667413825112,0.9999481432648388,0.9997857402839484,0.0001054219623177,0.0051911534093981,0.004097538684467,0.006397326523986,0.0051612660961753,0.0006291773269662,hcrl_temporal_v1,A
baseline,gear,residual,hbos,0,0.8495994768677456,0.997696294874256,0.9177114603567014,0.9976905438124144,0.9842178401042508,0.0497485535067322,14.61986215257763,7311,0.0028311999994912,0.0072458000004189,0.0100769999999101,351.34765625,3711,5197,920,12,17573,0.8495994768677456,0.8340240293284452,0.8644472267136489,0.8496237322591551,0.0075697947501871,0.997696294874256,0.9955415985597056,0.9994132471248448,0.9976168654162406,0.0010350876343205,0.9177114603567014,0.9085120326939312,0.926615712540281,0.9176737845633112,0.0044480778883752,0.9976905438124144,0.9970206616586104,0.9982768414296372,0.9976810575657132,0.0003352889216223,0.9842178401042508,0.9783751455078884,0.9893113596654686,0.984216024965491,0.0027442592574197,0.0497485535067322,0.0434774915313617,0.0545686022550685,0.0495973213612542,0.0030108500906246,hcrl_temporal_v1,A
baseline,gear,residual,elliptic_envelope,0,0.7457408732999284,1.0,0.8543546006232574,0.9984316729785956,0.971164474365506,0.0960363380738657,147.7596837505073,7311,0.2618426999997609,0.0040427000003546,0.2658854000001156,350.96484375,66831,5209,1776,0,16717,0.7457408732999284,0.7244069818730701,0.7677177213982529,0.7455313991940611,0.0112256737947521,1.0,1.0,1.0,1.0,0.0,0.8543546006232574,0.8401809791610285,0.8685976377154196,0.8541697509168132,0.0073653675304183,0.9984316729785956,0.9975405291950232,0.999291793204292,0.9984574774087808,0.0004541455318691,0.971164474365506,0.9594064782623108,0.9846647916570894,0.9718361878139408,0.0066921426896739,0.0960363380738657,0.0829459647643374,0.108883880195431,0.0959744602799573,0.006805324115374,hcrl_temporal_v1,A
baseline,gear,residual,autoencoder,0,0.925550817341862,1.0,0.9613361631447818,0.9999983494244896,0.9999941447580032,0.0226572216514356,1.2041007197061644,7311,0.7496930999996039,0.0102282999996532,0.7599213999992571,351.20703125,18610,5209,419,0,18074,0.925550817341862,0.914806016576489,0.9352952068454156,0.925201778948437,0.0055471296180512,1.0,1.0,1.0,1.0,0.0,0.9613361631447818,0.9555077724150348,0.9665659309876138,0.9611392268444624,0.0029941000589726,0.9999983494244896,0.9999956782416854,0.9999998214830386,0.9999983104123972,1.1548124969848606e-06,0.9999941447580032,0.9999841588371567,0.999999353145405,0.9999939722031438,4.1891473179689175e-06,0.0226572216514356,0.0194327499022094,0.0258499620958657,0.0226987047919723,0.0017346582576718,hcrl_temporal_v1,A
