corpus,dataset,capture,attack_type,representation,detector,n_seeds,precision_mean,precision_std,precision_ci95_low,precision_ci95_high,recall_mean,recall_std,recall_ci95_low,recall_ci95_high,f1_mean,f1_std,f1_ci95_low,f1_ci95_high,roc_auc_mean,roc_auc_std,roc_auc_ci95_low,roc_auc_ci95_high,pr_auc_mean,pr_auc_std,pr_auc_ci95_low,pr_auc_ci95_high,fpr_mean,fpr_std,fpr_ci95_low,fpr_ci95_high,protocol_version,phase
hcrl,DoS,DoS,DoS,raw,autoencoder,5,0.1512262692628159,0.0953740739361995,0.0676272075187421,0.2348253310068897,0.007953376756942,0.0044460727697973,0.0040562221460404,0.0118505313678436,0.0150698911486042,0.0084278107052468,0.0076825893543387,0.0224571929428697,0.8160563164411372,0.1178907619806988,0.7127205074195658,0.9193921254627084,0.4673430166684706,0.1439866803870639,0.3411331266300664,0.5935529067068749,0.0136857430843319,0.0052864250578043,0.009051987215746,0.0183194989529178,hcrl_temporal_v1,C
hcrl,DoS,DoS,DoS,raw,elliptic_envelope,5,0.3642244749221494,0.2050814496848209,0.1844626584537201,0.5439862913905786,0.007953376756942,0.0044460727697973,0.0040562221460404,0.0118505313678436,0.0155659184231989,0.0087016397144778,0.0079385949196234,0.0231932419267744,0.6318984513220569,0.0155025907579792,0.6183098313912739,0.6454870712528399,0.2807936951183548,0.0089846594453168,0.2729182938827844,0.2886690963539251,0.0045917795945794,0.0015778925751601,0.0032086957713533,0.0059748634178056,hcrl_temporal_v1,C
hcrl,DoS,DoS,DoS,raw,hbos,5,0.2188679245283019,0.0,0.2188679245283019,0.2188679245283019,0.0099417209461775,0.0,0.0099417209461775,0.0099417209461775,0.0190195113953107,0.0,0.0190195113953107,0.0190195113953107,0.2506228717134021,0.0,0.2506228717134021,0.2506228717134021,0.3004832883295875,0.0,0.3004832883295875,0.3004832883295875,0.0115914436107066,0.0,0.0115914436107066,0.0115914436107066,hcrl_temporal_v1,C
hcrl,DoS,DoS,DoS,raw,isolation_forest,5,0.0,0.0,0.0,0.0,0.0,0.0,0.0,0.0,0.0,0.0,0.0,0.0,0.8539905600472213,0.0198600599364565,0.8365824499776076,0.871398670116835,0.502097823204206,0.034216871938176,0.4721054125647887,0.5320902338436233,0.0010191510807481,0.0001213992798111,0.0009127399202538,0.0011255622412424,hcrl_temporal_v1,C
hcrl,DoS,DoS,DoS,raw,lof,5,0.0,0.0,0.0,0.0,0.0,0.0,0.0,0.0,0.0,0.0,0.0,0.0,0.953520338120102,0.006860654917008,0.9475067089403796,0.9595339672998244,0.7074168287752729,0.0256199113786279,0.684959986314581,0.7298736712359648,0.0038414156120506,0.0005800521519802,0.00333297748346,0.0043498537406411,hcrl_temporal_v1,C
hcrl,DoS,DoS,DoS,raw,one_class_svm,5,0.2842896826744606,0.0330016233902222,0.2553624843532541,0.3132168809956672,0.0099417209461775,0.0,0.0099417209461775,0.0099417209461775,0.0192043046986228,8.164116987406074e-05,0.0191327430580272,0.0192758663392184,0.9851857239066444,0.0006524014825553,0.9846138687937072,0.9857575790195816,0.8668835847961314,0.0041007402497841,0.8632891274851494,0.8704780421071133,0.0083100011199462,0.0014421890042334,0.0070458667211976,0.0095741355186948,hcrl_temporal_v1,C
hcrl,DoS,DoS,DoS,residual,autoencoder,5,0.0499656817356826,0.017144286229545,0.0349380522771719,0.0649933111941933,0.0099417209461775,0.0,0.0099417209461775,0.0099417209461775,0.0163899182230587,0.0008629853013238,0.0156334782545001,0.0171463581916173,0.7655725050394702,0.0816592069883357,0.6939950542161295,0.8371499558628108,0.3818278919348875,0.0595676464962161,0.3296145476594027,0.4340412362103724,0.0672527718669503,0.0205925880300055,0.0492025726131959,0.0853029711207048,hcrl_temporal_v1,C
hcrl,DoS,DoS,DoS,residual,elliptic_envelope,5,0.0199252922296876,0.0003520357973967,0.0196167192480785,0.0202338652112966,0.0099417209461775,0.0,0.0099417209461775,0.0099417209461775,0.0132641795410379,7.799623299620899e-05,0.0131958128284823,0.0133325462535935,0.6765408331363413,0.0007416591457495,0.6758907402320573,0.6771909260406253,0.3095277845163885,0.0004911393421919,0.3090972819018068,0.3099582871309702,0.1597939298913652,0.0028795362083039,0.1572699051188328,0.1623179546638975,hcrl_temporal_v1,C
hcrl,DoS,DoS,DoS,residual,hbos,5,0.2529207451847174,0.0,0.2529207451847174,0.2529207451847174,0.1372985944463489,0.0,0.1372985944463489,0.1372985944463489,0.1779802244195089,0.0,0.1779802244195089,0.1779802244195089,0.7559967227846632,0.0,0.7559967227846632,0.7559967227846632,0.5119731662585943,0.0,0.5119731662585943,0.5119731662585943,0.1324896404972561,0.0,0.1324896404972561,0.1324896404972561,hcrl_temporal_v1,C
hcrl,DoS,DoS,DoS,residual,isolation_forest,5,0.0469122928277944,0.0064213497521462,0.041283731602979,0.0525408540526097,0.0099417209461775,0.0,0.0099417209461775,0.0099417209461775,0.0163716196343287,0.000387538061309,0.0160319275463382,0.0167113117223193,0.8782965878727982,0.0155074992176798,0.8647036654873895,0.8918895102582068,0.5747076732121835,0.045560620487347,0.5347720285655267,0.6146433178588403,0.0670063836935827,0.0093684356703475,0.0587945877649042,0.0752181796222612,hcrl_temporal_v1,C
hcrl,DoS,DoS,DoS,residual,lof,5,0.0,0.0,0.0,0.0,0.0,0.0,0.0,0.0,0.0,0.0,0.0,0.0,0.8086662837784061,0.0274632464372071,0.7845936868991679,0.8327388806576443,0.4186412938131401,0.0325183456201097,0.3901377071347601,0.44714488049152,0.022690110874678,0.0055306240787515,0.0178423051266284,0.0275379166227275,hcrl_temporal_v1,C
hcrl,DoS,DoS,DoS,residual,one_class_svm,5,0.0607276587825477,0.0061472141935426,0.0553393879694146,0.0661159295956808,0.0099417209461775,0.0,0.0099417209461775,0.0099417209461775,0.017067005670316,0.0002766274290139,0.0168245310379153,0.0173094803027167,0.817128771511117,0.0178131605634043,0.801514847848872,0.832742695173362,0.4252299308507263,0.0206249118327346,0.407151398534656,0.4433084631667966,0.0507447642513159,0.0063051580968772,0.0452180495028236,0.0562714789998081,hcrl_temporal_v1,C
hcrl,Fuzzy,Fuzzy,Fuzzy,raw,autoencoder,5,0.2386198464623759,0.0824803029590746,0.1663226732876389,0.3109170196371129,0.1279320987654321,0.0897592473729022,0.0492546495013008,0.2066095480295633,0.159980179959905,0.0980929090868255,0.0739979541309963,0.2459624057888138,0.8256383172353928,0.0132239979076295,0.8140469719991291,0.8372296624716565,0.2375940609564082,0.0325869836871147,0.2090303103596306,0.2661578115531858,0.0233104799216454,0.011676764214085,0.0130753448139924,0.0335456150292984,hcrl_temporal_v1,C
hcrl,Fuzzy,Fuzzy,Fuzzy,raw,elliptic_envelope,5,0.2063242429222544,0.0074294648962737,0.1998120298128039,0.2128364560317049,0.3864197530864198,0.1070021600624956,0.2926282244599109,0.4802112817129287,0.2652878700045145,0.0167693290642346,0.2505889049924354,0.2799868350165936,0.8405692606020801,0.0138279788728247,0.8284485027076619,0.8526900184964984,0.2284749424075803,0.0046174417083364,0.224427576299123,0.2325223085160376,0.1001288726223001,0.031927210465084,0.0721434387530068,0.1281143064915933,hcrl_temporal_v1,C
hcrl,Fuzzy,Fuzzy,Fuzzy,raw,hbos,5,0.2908093278463649,0.0,0.2908093278463649,0.2908093278463649,0.1635802469135802,0.0,0.1635802469135802,0.1635802469135802,0.2093827160493827,0.0,0.2093827160493827,0.2093827160493827,0.7781902894956403,0.0,0.7781902894956403,0.7781902894956403,0.2528052821456337,0.0,0.2528052821456337,0.2528052821456337,0.0266508582916645,0.0,0.0266508582916645,0.0266508582916645,hcrl_temporal_v1,C
hcrl,Fuzzy,Fuzzy,Fuzzy,raw,isolation_forest,5,0.3442931166475849,0.0086825805028287,0.3366824992796047,0.3519037340155652,0.1123456790123456,0.0102452168385491,0.1033653505046188,0.1213260075200724,0.1692370273681573,0.0119841227156104,0.1587324806553779,0.1797415740809366,0.8801976874205684,0.0116157752614354,0.8700160114869637,0.890379363354173,0.3009312909357314,0.0088405748725931,0.2931821853966158,0.3086803964748471,0.0142893963606371,0.0011711962065694,0.0132627976221485,0.0153159950991257,hcrl_temporal_v1,C
hcrl,Fuzzy,Fuzzy,Fuzzy,raw,lof,5,0.2420305780260784,0.043048000538086,0.2042973418706241,0.2797638141815328,0.0719135802469135,0.0169173392912064,0.0570848785507158,0.0867422819431113,0.1107594971005174,0.0245213215768846,0.0892656110584511,0.1322533831425836,0.6587865711863727,0.0066854275251375,0.6529265355876692,0.6646466067850763,0.1567208456727903,0.0160338642296712,0.1426665440118479,0.1707751473337328,0.0149182947574617,0.0012288800250001,0.0138411339228017,0.0159954555921217,hcrl_temporal_v1,C
hcrl,Fuzzy,Fuzzy,Fuzzy,raw,one_class_svm,5,0.4309617557028757,0.0138341914378036,0.4188355522551554,0.4430879591505961,0.3958333333333333,0.0081841062637332,0.3886596479005439,0.4030070187661227,0.4124462546626799,0.0038963522947946,0.4090309512932642,0.4158615580320956,0.6149520641575644,0.0079439282014505,0.6079889040785706,0.6219152242365582,0.2222566168757436,0.0038544855703424,0.2188780113083412,0.2256352224431461,0.0349914944069281,0.0024881161879009,0.032810564409559,0.0371724244042973,hcrl_temporal_v1,C
hcrl,Fuzzy,Fuzzy,Fuzzy,residual,autoencoder,5,0.2952260098320131,0.0958833180094601,0.2111805759768791,0.379271443687147,0.912037037037037,0.039257178539861,0.8776266028676066,0.9464474712064672,0.4374829060816305,0.0958847554443647,0.3534362122592497,0.5215295999040112,0.9399292409752572,0.0069406513446152,0.9338454918351008,0.9460129901154136,0.6789653003669616,0.077262606631639,0.6112416396724706,0.7466889610614525,0.1624207433372854,0.0643198018797195,0.1060419512107557,0.2187995354638151,hcrl_temporal_v1,C
hcrl,Fuzzy,Fuzzy,Fuzzy,residual,elliptic_envelope,5,0.2479983787080181,0.01375763892838,0.2359392764933461,0.2600574809226901,0.8290123456790124,0.044881281908861,0.7896721675509188,0.8683525238071059,0.3811592980265761,0.0125356378178921,0.3701713270121435,0.3921472690410088,0.9345142520392103,0.0006776248701723,0.933920287652214,0.9351082164262068,0.6887224260337261,0.0072941141677661,0.6823288530687365,0.6951159989987158,0.1691118098871075,0.0234161405774575,0.1485866577031681,0.1896369620710469,hcrl_temporal_v1,C
hcrl,Fuzzy,Fuzzy,Fuzzy,residual,hbos,5,0.2861325525685387,0.0,0.2861325525685387,0.2861325525685387,0.8294753086419753,0.0,0.8294753086419753,0.8294753086419753,0.4254898080348307,6.206335383118183e-17,0.4254898080348306,0.4254898080348308,0.911919420881438,0.0,0.911919420881438,0.911919420881438,0.5566752385166889,0.0,0.5566752385166889,0.5566752385166889,0.1382545492035672,0.0,0.1382545492035672,0.1382545492035672,hcrl_temporal_v1,C
hcrl,Fuzzy,Fuzzy,Fuzzy,residual,isolation_forest,5,0.3226218239259515,0.016693217805259,0.3079895733738501,0.337254074478053,0.9734567901234568,0.0100249270178467,0.964669554157156,0.9822440260897576,0.4843692859081711,0.0178522167540689,0.4687211279853968,0.5000174438309454,0.9750022194729396,0.0015298519173917,0.9736612451428834,0.9763431938029958,0.7737650685450329,0.0097153939655267,0.7652491502616702,0.7822809868283956,0.1370379916490541,0.0114138720966278,0.1270332916423912,0.1470426916557169,hcrl_temporal_v1,C
hcrl,Fuzzy,Fuzzy,Fuzzy,residual,lof,5,0.5118828219390544,0.0838031760787473,0.4384260993496088,0.5853395445285,0.3859567901234568,0.1081367914826107,0.2911707132069123,0.4807428670400012,0.437763947506853,0.0993608853419018,0.3506702914866634,0.5248576035270426,0.8242840250770213,0.0135761201494435,0.812384031087276,0.8361840190667665,0.4860669106745895,0.0914309262614339,0.4059241702589854,0.5662096510901936,0.02399092736739,0.0038395564323939,0.0206254077663685,0.0273564469684116,hcrl_temporal_v1,C
hcrl,Fuzzy,Fuzzy,Fuzzy,residual,one_class_svm,5,0.4158763430770407,0.004479023477718,0.4119503058971946,0.4198023802568868,0.7032407407407406,0.0058662277187494,0.6980987654320987,0.7083827160493825,0.5226373083723412,0.0030652758346048,0.5199504756390434,0.5253241411056391,0.7990090490855135,0.0087383177599073,0.7913495758576161,0.8066685223134109,0.6166568567042526,0.0028432862289391,0.614164606439593,0.6191491069689122,0.0660034022372287,0.0015756647938421,0.0646222711504252,0.0673845333240321,hcrl_temporal_v1,C
hcrl,RPM,RPM,RPM,raw,autoencoder,5,0.1900213550766841,0.4249006671280904,-0.1824205008736167,0.5624632110269849,0.1983785974868261,0.4435880292616121,-0.1904434535873531,0.5872006485610053,0.1941100644521566,0.4340432992318878,-0.1863456618740703,0.5745657907783837,0.97664069559213,0.0122381039637475,0.9659135244996996,0.9873678666845604,0.7888331888653415,0.0816211259603309,0.7172891175347713,0.8603772601959117,0.0136487134409461,0.0025864900169986,0.0113815549805018,0.0159158719013904,hcrl_temporal_v1,C
hcrl,RPM,RPM,RPM,raw,elliptic_envelope,5,0.0,0.0,0.0,0.0,0.0,0.0,0.0,0.0,0.0,0.0,0.0,0.0,0.8376044259425525,0.0176095681380349,0.8221689589094167,0.8530398929756883,0.4027638559253839,0.024714206748463,0.3811008985759613,0.4244268132748065,0.0112407437003888,0.0017568198229014,0.009700823229484,0.0127806641712937,hcrl_temporal_v1,C
hcrl,RPM,RPM,RPM,raw,hbos,5,0.0,0.0,0.0,0.0,0.0,0.0,0.0,0.0,0.0,0.0,0.0,0.0,0.6157699836121391,0.0,0.6157699836121391,0.6157699836121391,0.375838655071408,0.0,0.375838655071408,0.375838655071408,0.0095359863619412,0.0,0.0095359863619412,0.0095359863619412,hcrl_temporal_v1,C
hcrl,RPM,RPM,RPM,raw,isolation_forest,5,0.0,0.0,0.0,0.0,0.0,0.0,0.0,0.0,0.0,0.0,0.0,0.0,0.8737772025287089,0.0153458832524591,0.8603259427828175,0.8872284622746004,0.4631998278823318,0.0269027575815057,0.4396185211464295,0.4867811346182341,0.0051249267487081,0.0015266414882175,0.0037867664838971,0.006463087013519,hcrl_temporal_v1,C
hcrl,RPM,RPM,RPM,raw,lof,5,0.0035034633344055,6.065702134463807e-05,0.0034502951109741,0.0035566315578369,0.0008107012565869,0.0,0.0008107012565869,0.0008107012565869,0.0013166667592133,4.269060177204273e-06,0.0013129247629808,0.0013204087554457,0.7412682721712984,0.0049620034642477,0.7369188843674447,0.7456176599751522,0.3072832781964686,0.003820695134749,0.3039342912517687,0.3106322651411685,0.0606254328485429,0.0010486931801731,0.0597062127470872,0.0615446529499987,hcrl_temporal_v1,C
hcrl,RPM,RPM,RPM,raw,one_class_svm,5,0.0,0.0,0.0,0.0,0.0,0.0,0.0,0.0,0.0,0.0,0.0,0.0,0.9751301787505356,0.0023631183027587,0.9730588142303094,0.977201543270762,0.7728418280058497,0.0139424845997845,0.7606207014164277,0.7850629545952716,0.0109743753662564,0.0012657401705307,0.0098649051894981,0.0120838455430147,hcrl_temporal_v1,C
hcrl,RPM,RPM,RPM,residual,autoencoder,5,0.8127134335797989,0.0071917136524753,0.8064096186239528,0.819017248535645,1.0,0.0,1.0,1.0,0.8966677693128833,0.0043724530317504,0.892835145247575,0.9005003933781915,1.0,0.0,1.0,1.0,1.0,0.0,1.0,1.0,0.060593468648447,0.0028551405322011,0.0580908276288428,0.0630961096680512,hcrl_temporal_v1,C
hcrl,RPM,RPM,RPM,residual,elliptic_envelope,5,0.947476101587286,0.0041708440813279,0.9438201955586404,0.9511320076159316,1.0,0.0,1.0,1.0,0.9730259900212012,0.0022002150943383,0.971097416458905,0.9749545635834972,1.0,0.0,1.0,1.0,1.0,0.0,1.0,1.0,0.014575675243727,0.0012221634042338,0.013504401786747,0.015646948700707,hcrl_temporal_v1,C
hcrl,RPM,RPM,RPM,residual,hbos,5,0.9543520309477757,0.0,0.9543520309477757,0.9543520309477757,1.0,0.0,1.0,1.0,0.9766429136975456,1.2412670766236366e-16,0.9766429136975456,0.976642913697546,0.9999988662879984,0.0,0.9999988662879984,0.9999988662879984,0.9999957230013246,0.0,0.9999957230013246,0.9999957230013246,0.012572585371051,0.0,0.012572585371051,0.012572585371051,hcrl_temporal_v1,C
hcrl,RPM,RPM,RPM,residual,isolation_forest,5,0.9832576603711052,0.0030948781664114,0.980544880049932,0.985970440692278,0.9993514389947304,0.0001695703337118,0.9992028040438168,0.999500073945644,0.9912371186970408,0.0015197610153916,0.9899049894325728,0.992569247961509,0.9994113572936132,0.0003592291725224,0.9990964790407026,0.9997262355465236,0.9952938946766844,0.0027668992238244,0.99286860057415,0.9977191887792184,0.0044749880134249,0.0008423306324032,0.0037366526604199,0.0052133233664299,hcrl_temporal_v1,C
hcrl,RPM,RPM,RPM,residual,lof,5,0.8371180023229698,0.0091863757944995,0.8290657889115728,0.8451702157343669,1.0,0.0,1.0,1.0,0.911316518676653,0.0054459014324404,0.9065429756023864,0.9160900617509194,0.9998568262106092,7.415500878785146e-06,0.9998503262375008,0.9998633261837178,0.9994933528415746,2.400749712646953e-05,0.9994723093425212,0.999514396340628,0.051174684353524,0.003448950521081,0.0481515459295851,0.0541978227774629,hcrl_temporal_v1,C
hcrl,RPM,RPM,RPM,residual,one_class_svm,5,0.8057633471601775,0.0013611923427977,0.80457020946547,0.806956484854885,1.0,0.0,1.0,1.0,0.8924346521625062,0.0008353978743619,0.8917023936398559,0.8931669106851564,0.9998668158329338,0.0,0.9998668158329338,0.9998668158329338,0.9989876493217252,1.2412670766236366e-16,0.998987649321725,0.9989876493217252,0.0633636993234244,0.0005518390778361,0.0628799910446768,0.0638474076021719,hcrl_temporal_v1,C
hcrl,gear,gear,gear,raw,autoencoder,5,0.0072463768115942,0.0162033911413028,-0.0069565217391304,0.0214492753623188,0.0001919754271453,0.0004292701051065,-0.0001842964100595,0.0005682472643501,0.0003740415186085,0.000836382262016,-0.0003590798578642,0.0011071628950813,0.9390105850369392,0.0611510161977523,0.8854093560252843,0.9926118140485942,0.695995637454071,0.1443416549939573,0.5694745984539572,0.8225166764541848,0.0104904558481587,0.0030083125605799,0.0078535536260136,0.0131273580703038,hcrl_temporal_v1,C
hcrl,gear,gear,gear,raw,elliptic_envelope,5,0.0,0.0,0.0,0.0,0.0,0.0,0.0,0.0,0.0,0.0,0.0,0.0,0.737761136746994,0.0828488427824845,0.6651409241740133,0.8103813493199746,0.3252061869334855,0.0749943881526593,0.2594707073960678,0.3909416664709032,0.0197480127615854,0.0111706351855506,0.0099565193079024,0.0295395062152684,hcrl_temporal_v1,C
hcrl,gear,gear,gear,raw,hbos,5,0.0,0.0,0.0,0.0,0.0,0.0,0.0,0.0,0.0,0.0,0.0,0.0,0.5783916962473502,0.0,0.5783916962473502,0.5783916962473502,0.2629738770507687,0.0,0.2629738770507687,0.2629738770507687,0.0030822473368301,0.0,0.0030822473368301,0.0030822473368301,hcrl_temporal_v1,C
hcrl,gear,gear,gear,raw,isolation_forest,5,0.0,0.0,0.0,0.0,0.0,0.0,0.0,0.0,0.0,0.0,0.0,0.0,0.74293999284979,0.051866545498117,0.6974769612249748,0.7884030244746051,0.3228973964943055,0.048582544605332,0.2803129185693898,0.3654818744192212,0.0072567998702211,0.0008441514969086,0.0065168684591059,0.0079967312813364,hcrl_temporal_v1,C
hcrl,gear,gear,gear,raw,lof,5,0.9611119204953892,0.0032657411835126,0.9582493721363534,0.9639744688544252,0.2268765598003455,0.0319272508472971,0.1988910905344818,0.2548620290662092,0.3662319974298623,0.0422828427892187,0.3291694516124793,0.4032945432472452,0.9614038682451664,0.0020101718381213,0.9596418749415804,0.9631658615487524,0.8761433881315934,0.0056230862927442,0.8712145356795754,0.8810722405836114,0.0025631319958903,0.0001896466545909,0.002396899373833,0.0027293646179476,hcrl_temporal_v1,C
hcrl,gear,gear,gear,raw,one_class_svm,5,0.0,0.0,0.0,0.0,0.0,0.0,0.0,0.0,0.0,0.0,0.0,0.0,0.9396349904858856,0.0074145241452894,0.9331358735220908,0.9461341074496804,0.669638412487342,0.0115844965244675,0.6594841535755247,0.6797926713991593,0.0099929703130914,0.0019584382811639,0.0082763234715345,0.0117096171546482,hcrl_temporal_v1,C
hcrl,gear,gear,gear,residual,autoencoder,5,0.9095778048696096,0.033547316391595,0.8801722855432041,0.9389833241960148,1.0,0.0,1.0,1.0,0.952386963939621,0.0185801731308575,0.9361007241191304,0.9686732037601116,0.9999984366247052,6.791413248089092e-08,0.9999983770953434,0.999998496154067,0.999994452119641,2.3898511932544644e-07,0.999994242639948,0.999994661599334,0.0283458605959011,0.0116741730111214,0.0181129967777884,0.0385787244140138,hcrl_temporal_v1,C
hcrl,gear,gear,gear,residual,elliptic_envelope,5,0.7752334539779923,0.0722136448526381,0.7119354034109299,0.8385315045450547,1.0,0.0,1.0,1.0,0.8719714042435911,0.043518651407647,0.8338256244116378,0.9101171840755444,0.9984316854357692,2.7855087126208708e-08,0.9984316610197088,0.9984317098518296,0.971164518102528,9.77367923565038e-08,0.9711644324324522,0.9711646037726036,0.0839236467852701,0.0302840938891012,0.0573784680966477,0.1104688254738925,hcrl_temporal_v1,C
hcrl,gear,gear,gear,residual,hbos,5,0.8495994768677455,1.2412670766236366e-16,0.8495994768677454,0.8495994768677456,0.997696294874256,0.0,0.997696294874256,0.997696294874256,0.9177114603567011,1.2412670766236366e-16,0.9177114603567011,0.9177114603567014,0.9976905438124144,1.2412670766236366e-16,0.9976905438124144,0.9976905438124144,0.9842178401042508,0.0,0.9842178401042508,0.9842178401042508,0.0497485535067322,0.0,0.0497485535067322,0.0497485535067322,hcrl_temporal_v1,C
hcrl,gear,gear,gear,residual,isolation_forest,5,0.8640702569460901,0.02774660329569,0.839749286829448,0.8883912270627321,0.9993088884622768,0.0010567371045899,0.9983826175501948,1.000235159374359,0.9265809507218756,0.015599703141633,0.9129072080337004,0.940254693410051,0.9993974672718128,0.0004070399104186,0.999040681059386,0.9997542534842392,0.994750126112662,0.0044530144667243,0.9908468868361268,0.9986533653891972,0.0445574000973341,0.0105335017135035,0.0353243787553123,0.0537904214393558,hcrl_temporal_v1,C
hcrl,gear,gear,gear,residual,lof,5,0.9815501920576504,0.0018178471347992,0.9799567787893336,0.9831436053259672,0.9966980226531004,0.0006279680258704,0.9961475844092316,0.9972484608969692,0.9890656087425566,0.0011227889033002,0.9880814408761892,0.990049776608924,0.9999534932183198,1.279416905381558e-05,0.9999422786346857,0.999964707801954,0.9998424215924372,4.256859605881184e-05,0.9998051085728356,0.999879734612039,0.0052776726328881,0.000527884707159,0.0048149612858079,0.0057403839799682,hcrl_temporal_v1,C
hcrl,gear,gear,gear,residual,one_class_svm,5,0.910228984472595,0.0068817347759491,0.9041968779818336,0.9162610909633564,1.0,0.0,1.0,1.0,0.9529941824597638,0.003788941652353,0.9496730286695666,0.9563153362499608,0.9994592548531877,1.2412670766236366e-16,0.9994592548531877,0.9994592548531878,0.9961751768980684,0.0,0.9961751768980684,0.9961751768980684,0.0277943005461525,0.0023620104545332,0.0257239070977112,0.0298646939945939,hcrl_temporal_v1,C
road,correlated_signal_attack,correlated_signal_attack_1,correlated_signal_attack,raw,autoencoder,5,0.5403241752461505,0.2518841158671664,0.3195380130778348,0.7611103374144661,0.3012139966674601,0.2363491944904996,0.0940447934666943,0.5083831998682259,0.3746484685258082,0.2538295541996115,0.1521570544733991,0.5971398825782173,0.9517877812336292,0.0243135767558316,0.9304759915559672,0.9730995709112908,0.5170457831104376,0.0865133602458926,0.441213479357514,0.5928780868633612,0.014175456650373,0.0040573419909709,0.010619039590461,0.0177318737102849,pre_injection_v1,C
road,correlated_signal_attack,correlated_signal_attack_1,correlated_signal_attack,raw,elliptic_envelope,5,0.0006772009029345,0.0015142672533858,-0.0006501128668171,0.0020045146726862,0.0001428231373482,0.0003193622438704,-0.0001371102118543,0.0004227564865508,0.0002358954196972,0.0005274781940239,-0.0002264596029093,0.0006982504423039,0.8075938378168537,0.0599420338673208,0.7550523285415794,0.8601353470921279,0.1645686188966849,0.0616965262958204,0.1104892292016462,0.2186480085917236,0.0195854312911169,0.002371407956155,0.017506800569317,0.0216640620129167,pre_injection_v1,C
road,correlated_signal_attack,correlated_signal_attack_1,correlated_signal_attack,raw,hbos,5,0.0,0.0,0.0,0.0,0.0,0.0,0.0,0.0,0.0,0.0,0.0,0.0,0.5930209235187586,0.0,0.5930209235187586,0.5930209235187586,0.0990406505086569,0.0,0.0990406505086569,0.0990406505086569,0.0148847807710683,1.939479807224432e-18,0.0148847807710683,0.0148847807710683,pre_injection_v1,C
road,correlated_signal_attack,correlated_signal_attack_1,correlated_signal_attack,raw,isolation_forest,5,0.0,0.0,0.0,0.0,0.0,0.0,0.0,0.0,0.0,0.0,0.0,0.0,0.8007909530893785,0.0135644894965916,0.78890115381635,0.8126807523624071,0.1487813544845672,0.0076447220926984,0.1420804601233668,0.1554822488457675,0.0147377705906134,0.0015533114380538,0.0133762330840525,0.0160993080971742,pre_injection_v1,C
road,correlated_signal_attack,correlated_signal_attack_1,correlated_signal_attack,raw,lof,5,0.0012570401814985,0.001570561384539,-0.0001196175698183,0.0026336979328153,0.0002856462746965,0.0002607581801976,5.7081652184954565e-05,0.000514210897208,0.0004433815221867,0.000410148601042,8.387042228662157e-05,0.0008028926220868,0.5428475479145449,0.0279580533922759,0.5183412336162955,0.5673538622127944,0.0722146359846278,0.0059355116185815,0.0670119306601556,0.0774173413091,0.0226579440626263,0.0096656835448535,0.0141855988841512,0.0311302892411014,pre_injection_v1,C
road,correlated_signal_attack,correlated_signal_attack_1,correlated_signal_attack,raw,one_class_svm,5,0.0,0.0,0.0,0.0,0.0,0.0,0.0,0.0,0.0,0.0,0.0,0.0,0.804340400340636,0.022169310602771,0.7849081428159718,0.8237726578653003,0.2389694040166599,0.0158298950466494,0.2250938892274697,0.2528449188058501,0.0185857620640229,0.000666706768765,0.0180013678148638,0.0191701563131819,pre_injection_v1,C
road,correlated_signal_attack,correlated_signal_attack_1,correlated_signal_attack,residual,autoencoder,5,0.2203916219453471,0.0200085818429571,0.2028533266847328,0.2379299172059615,0.999523922875506,1.2412670766236366e-16,0.9995239228755058,0.999523922875506,0.3607961177438507,0.0270265074289112,0.3371063394841149,0.3844858960035865,0.9083749864365088,0.0008989382902764,0.9075870322836516,0.909162940589366,0.2747759363379946,0.0017751942190439,0.2732199099987522,0.276331962677237,0.2753537432467198,0.0330945301997963,0.2463451085163354,0.3043623779771042,pre_injection_v1,C
road,correlated_signal_attack,correlated_signal_attack_1,correlated_signal_attack,residual,elliptic_envelope,5,0.2563631777023037,0.0018678641265241,0.2547259226077243,0.2580004327968832,0.9990478457510116,0.0,0.9990478457510116,0.9990478457510116,0.4080214506084282,0.0023649544115241,0.4059484766679087,0.4100944245489477,0.9084231802999988,0.0001591606395219,0.908283669848348,0.9085626907516496,0.2747780801537986,0.0004006150820578,0.2744269255517317,0.2751292347558655,0.2237311183799478,0.0021883586920403,0.2218129374124823,0.2256492993474132,pre_injection_v1,C
road,correlated_signal_attack,correlated_signal_attack_1,correlated_signal_attack,residual,hbos,5,0.2168251343530384,0.0,0.2168251343530384,0.2168251343530384,0.9988098071887646,0.0,0.9988098071887646,0.9988098071887646,0.3563028064365473,0.0,0.3563028064365473,0.3563028064365473,0.9407545648327624,1.2412670766236366e-16,0.9407545648327622,0.9407545648327624,0.4162626833062651,6.206335383118183e-17,0.4162626833062651,0.4162626833062652,0.2785107868719909,0.0,0.2785107868719909,0.2785107868719909,pre_injection_v1,C
road,correlated_signal_attack,correlated_signal_attack_1,correlated_signal_attack,residual,isolation_forest,5,0.2743929333275276,0.0198814778830117,0.2569660496000151,0.2918198170550401,0.9989050226136632,0.0002714057189,0.9986671250119816,0.9991429202153448,0.4302177034298456,0.0244027259784368,0.4088277710132043,0.4516076358464869,0.9619080656386634,0.0054243006027887,0.9571534565263976,0.966662674750929,0.4917346143417982,0.040847765084574,0.4559299695942426,0.527539259089354,0.205097578007277,0.0203139573862935,0.1872916092810247,0.2229035467335292,pre_injection_v1,C
road,correlated_signal_attack,correlated_signal_attack_1,correlated_signal_attack,residual,lof,5,0.1810567010141807,0.016200640990795,0.1668562130766617,0.1952571889516997,0.9998095691502022,0.0002607581801976,0.9995810045276908,1.0000381337727138,0.3063363762223798,0.0231876967124577,0.2860114639148239,0.3266612885299358,0.908814739693516,0.0001932996018719,0.9086453051219908,0.9089841742650412,0.2755896063654122,0.0004724566096112,0.2751754798879723,0.276003732842852,0.3518504906464773,0.0382798135688876,0.318296754646505,0.3854042266464495,pre_injection_v1,C
road,correlated_signal_attack,correlated_signal_attack_1,correlated_signal_attack,residual,one_class_svm,5,0.1578014550895431,0.0043458472227612,0.1539921520440534,0.1616107581350328,0.9999523922875506,0.0001064540812901,0.9998590811711496,1.0000457034039516,0.2725667687289188,0.0064811450351808,0.2668857946276046,0.278247742830233,0.9290494618656652,9.008315885430026e-05,0.9289705004954693,0.9291284232358608,0.3527425254806807,0.0002942016667829,0.3524846463496807,0.3530004046116807,0.412293726340549,0.013512930518335,0.4004491205045714,0.4241383321765267,pre_injection_v1,C
road,fuzzing_attack,fuzzing_attack_1,fuzzing_attack,raw,autoencoder,5,0.6967154965024751,0.1113989120914455,0.5990700448005248,0.7943609482044254,0.0953556023673387,0.0405024445308556,0.0598536444307828,0.1308575603038946,0.1632364784199055,0.0603887525804836,0.1103034029281256,0.2161695539116854,0.584949407928168,0.0177315096137961,0.5694070544788333,0.6004917613775026,0.3850134899307845,0.0216918401285223,0.3659997537296864,0.4040272261318826,0.018647193331858,0.0175553824092201,0.0032592221841541,0.0340351644795619,pre_injection_v1,C
road,fuzzing_attack,fuzzing_attack_1,fuzzing_attack,raw,elliptic_envelope,5,0.5690899366763233,0.0170396831826532,0.5541539958310261,0.5840258775216206,0.1473969304845019,0.0029728284283789,0.1447911314755926,0.1500027294934112,0.234109331931724,0.0039956508319613,0.2306069895568733,0.2376116743065748,0.6038299209958484,0.0005066227524273,0.6033858465738051,0.6042739954178917,0.4236753053533295,0.0014533352440476,0.4224014008446131,0.424949209862046,0.0411005384672125,0.0028568858667705,0.038596367594406,0.0436047093400189,pre_injection_v1,C
road,fuzzing_attack,fuzzing_attack_1,fuzzing_attack,raw,hbos,5,0.5354545454545454,0.0,0.5354545454545454,0.5354545454545454,0.0590831577891463,0.0,0.0590831577891463,0.0590831577891463,0.1064233444755623,0.0,0.1064233444755623,0.1064233444755623,0.6018701920040049,0.0,0.6018701920040049,0.6018701920040049,0.3699985998612879,0.0,0.3699985998612879,0.3699985998612879,0.0188463524378549,0.0,0.0188463524378549,0.0188463524378549,pre_injection_v1,C
road,fuzzing_attack,fuzzing_attack_1,fuzzing_attack,raw,isolation_forest,5,0.6627814937147132,0.0107405991312841,0.6533669434822756,0.6721960439471507,0.0588223492827766,0.000907245986927,0.0580271131127361,0.059617585452817,0.1080541314190915,0.0016483651562191,0.1066092756550006,0.1094989871831823,0.5947095637251463,0.0042880243190737,0.5909509446894308,0.5984681827608618,0.3838840885610308,0.0027387854618541,0.3814834372573811,0.3862847398646805,0.0110053846721251,0.0004061970908684,0.0106493372236068,0.0113614321206433,pre_injection_v1,C
road,fuzzing_attack,fuzzing_attack_1,fuzzing_attack,raw,lof,5,0.2184313667172678,0.0241399608332827,0.1972717581054859,0.2395909753290497,0.0145651519711104,0.0022568852303593,0.0125869048444508,0.0165433990977699,0.0273032346404444,0.0041490146445918,0.0236664629567443,0.0309400063241446,0.4810495289694727,0.0019653626202164,0.4793268126771302,0.4827722452618152,0.2549601566727836,0.0014070564479189,0.2537268173174189,0.2561934960281483,0.019067640333407,0.0011627854813332,0.0180484139206388,0.0200868667461753,pre_injection_v1,C
road,fuzzing_attack,fuzzing_attack_1,fuzzing_attack,raw,one_class_svm,5,0.6735824737661311,0.0043954978560936,0.6697296500216686,0.6774352975105936,0.1021366235329521,0.0035333104276341,0.099039540390647,0.1052337066752572,0.1773643594740322,0.0054785154260725,0.1725622289739082,0.1821664899741562,0.6101998984341316,0.0012406585384296,0.6091124132772442,0.611287383591019,0.4046435571411024,0.0021146031544888,0.4027900257527443,0.4064970885294604,0.0181898650143837,0.0002727721780202,0.0179507696584735,0.0184289603702938,pre_injection_v1,C
road,fuzzing_attack,fuzzing_attack_1,fuzzing_attack,residual,autoencoder,5,0.2220238847832563,0.0084823413497263,0.2145887847716489,0.2294589847948638,0.299448289698064,0.0310145376510684,0.2722628488224858,0.3266337305736422,0.2547497876038332,0.0162734033196849,0.2404855206729834,0.2690140545346831,0.4638436670089462,0.0110038646516593,0.4541983543734298,0.4734889796444626,0.2677818517415201,0.0046661697614002,0.2636917736113505,0.2718719298716898,0.3849745518920115,0.0231383952788711,0.3646928541963556,0.4052562495876673,pre_injection_v1,C
road,fuzzing_attack,fuzzing_attack_1,fuzzing_attack,residual,elliptic_envelope,5,0.2203867660481756,0.0020745465565579,0.2185683458159785,0.2222051862803726,0.2846022670277861,0.0026362896948319,0.2822914572251038,0.2869130768304684,0.2483978410817044,0.0010473060825774,0.2474798368248986,0.2493158453385101,0.4847544515681729,0.0013402527123477,0.4835796682688124,0.4859292348675333,0.2765667391476757,0.0007914906130109,0.2758729670364915,0.2772605112588598,0.3702146492586855,0.007130027401767,0.3639649046855849,0.3764643938317861,pre_injection_v1,C
road,fuzzing_attack,fuzzing_attack_1,fuzzing_attack,residual,hbos,5,0.2299186578546009,0.0,0.2299186578546009,0.2299186578546009,0.1814625338549503,0.0,0.1814625338549503,0.1814625338549503,0.2028367999102988,0.0,0.2028367999102988,0.2028367999102988,0.4874200583881286,6.206335383118183e-17,0.4874200583881286,0.4874200583881287,0.2848192963507998,0.0,0.2848192963507998,0.2848192963507998,0.2234638931917091,0.0,0.2234638931917091,0.2234638931917091,pre_injection_v1,C
road,fuzzing_attack,fuzzing_attack_1,fuzzing_attack,residual,isolation_forest,5,0.2646072662958927,0.0208001121065846,0.2463751641687964,0.282839368422989,0.1735580298926672,0.0112940969208444,0.1636583174565514,0.1834577423287831,0.2089300507645355,0.0066662816308356,0.2030867972821225,0.2147733042469486,0.5069025249202675,0.0069117876504766,0.5008440759235239,0.5129609739170112,0.304131933075861,0.0118537044386638,0.293741703023124,0.3145221631285981,0.1791989378181013,0.0280372287629062,0.1546232232475896,0.2037746523886131,pre_injection_v1,C
road,fuzzing_attack,fuzzing_attack_1,fuzzing_attack,residual,lof,5,0.2162600775535915,0.0017545726049729,0.2147221268560497,0.2177980282511334,0.2937907513291203,0.0027630162939844,0.291368860764655,0.2962126418935855,0.2491205526675465,0.000909540749451,0.2483233050494677,0.2499178002856253,0.4579801504306339,0.0001603508141227,0.4578395967449485,0.4581207041163192,0.2697618848580416,0.0001900340262062,0.2695953126897926,0.2699284570262906,0.3915099210739839,0.0070194552865313,0.3853570972331878,0.39766274491478,pre_injection_v1,C
road,fuzzing_attack,fuzzing_attack_1,fuzzing_attack,residual,one_class_svm,5,0.2182060796540095,0.0002743328610982,0.2179656162990654,0.2184465430089536,0.3058080048149262,0.0010342250110367,0.3049014666228724,0.3067145430069801,0.2546841072551911,0.0004508504446381,0.2542889194163674,0.2550792950940147,0.4678269001833691,0.000854920914884,0.4670775289611908,0.4685762714055474,0.2507412168487936,0.0002877709124469,0.2504889745224996,0.2509934591750875,0.4028398613262521,0.001324804384993,0.4016786190828523,0.4040011035696519,pre_injection_v1,C
road,max_engine_coolant_temp_attack,max_engine_coolant_temp_attack,max_engine_coolant_temp_attack,raw,autoencoder,5,0.3591476243589785,0.2011209936877262,0.1828573006324582,0.5354379480854988,0.7215686274509804,0.4172487283930728,0.3558339915277755,1.0873032633741853,0.4785507407362689,0.2696782957037484,0.2421672922463194,0.7149341892262183,0.971295613997939,0.0524159041624813,0.9253510482726454,1.0172401797232329,0.3093871457522061,0.1607624873893307,0.1684726125386836,0.4503016789657287,0.0086969042476601,0.0014958525240529,0.0073857316998461,0.0100080767954742,pre_injection_v1,C
road,max_engine_coolant_temp_attack,max_engine_coolant_temp_attack,max_engine_coolant_temp_attack,raw,elliptic_envelope,5,0.4370239621075208,0.0203681128398321,0.4191705240332865,0.4548774001817552,0.9215686274509804,0.0768842506929319,0.8541766103591562,0.9889606445428044,0.5927344625759607,0.0345931994811971,0.5624121863010871,0.6230567388508343,0.99272067646353,0.0002185260199579,0.9925291299616223,0.9929122229654376,0.3067211910960728,0.0054129972754562,0.3019764897870557,0.3114658924050899,0.0086969042476601,0.0001182986085324,0.0085932109453739,0.0088005975499464,pre_injection_v1,C
road,max_engine_coolant_temp_attack,max_engine_coolant_temp_attack,max_engine_coolant_temp_attack,raw,hbos,5,0.0,0.0,0.0,0.0,0.0,0.0,0.0,0.0,0.0,0.0,0.0,0.0,0.8056113158006184,0.0,0.8056113158006184,0.8056113158006184,0.0217458281679529,0.0,0.0217458281679529,0.0217458281679529,0.0121670266378689,0.0,0.0121670266378689,0.0121670266378689,pre_injection_v1,C
road,max_engine_coolant_temp_attack,max_engine_coolant_temp_attack,max_engine_coolant_temp_attack,raw,isolation_forest,5,0.0,0.0,0.0,0.0,0.0,0.0,0.0,0.0,0.0,0.0,0.0,0.0,0.9755778596535808,0.0009964319812391,0.9747044485127384,0.9764512707944228,0.125315685641004,0.0055403556932336,0.1204593497567614,0.1301720215252465,0.010755939524838,0.0007526755961805,0.0100961902759965,0.0114156887736794,pre_injection_v1,C
road,max_engine_coolant_temp_attack,max_engine_coolant_temp_attack,max_engine_coolant_temp_attack,raw,lof,5,0.0,0.0,0.0,0.0,0.0,0.0,0.0,0.0,0.0,0.0,0.0,0.0,0.7388123773627522,0.0211496643912192,0.7202738791489636,0.7573508755765408,0.0137267288966918,0.0012191427590773,0.0126581031519309,0.0147953546414527,0.0073146148308135,0.0036524573431428,0.0041130948123727,0.0105161348492543,pre_injection_v1,C
road,max_engine_coolant_temp_attack,max_engine_coolant_temp_attack,max_engine_coolant_temp_attack,raw,one_class_svm,5,0.1895658416875522,0.2035938490878447,0.0111079646339404,0.3680237187411639,0.4,0.4738145124769357,-0.0153167317807453,0.8153167317807454,0.2556463866397651,0.2856755438205395,0.0052407319269221,0.5060520413526082,0.9885095780572848,0.0044648209878991,0.9845959899086512,0.9924231662059184,0.2433217871368245,0.0890460256503909,0.1652695042764826,0.3213740699971664,0.0093736501079913,0.0002897712281857,0.0091196544276457,0.0096276457883369,pre_injection_v1,C
road,max_engine_coolant_temp_attack,max_engine_coolant_temp_attack,max_engine_coolant_temp_attack,residual,autoencoder,5,0.1116421584912941,0.0069354291679391,0.1055629867908166,0.1177213301917716,1.0,0.0,1.0,1.0,0.2008039884592681,0.0111993592212573,0.1909873172781852,0.2106206596403509,1.0,0.0,1.0,1.0,1.0,0.0,1.0,1.0,0.0586321094312455,0.0040083403561058,0.0551186441980678,0.0621455746644232,pre_injection_v1,C
road,max_engine_coolant_temp_attack,max_engine_coolant_temp_attack,max_engine_coolant_temp_attack,residual,elliptic_envelope,5,0.1209723273041046,0.0008325353686663,0.1202425778783243,0.1217020767298848,1.0,0.0,1.0,1.0,0.2158338490051744,0.0013251358064649,0.2146723162580459,0.2169953817523028,1.0,0.0,1.0,1.0,1.0,0.0,1.0,1.0,0.0533621310295176,0.0004179388127775,0.0529957915079616,0.0537284705510736,pre_injection_v1,C
road,max_engine_coolant_temp_attack,max_engine_coolant_temp_attack,max_engine_coolant_temp_attack,residual,hbos,5,0.1520119225037257,0.0,0.1520119225037257,0.1520119225037257,1.0,0.0,1.0,1.0,0.2639068564036222,0.0,0.2639068564036222,0.2639068564036222,1.0,0.0,1.0,1.0,1.0,0.0,1.0,1.0,0.0409647228221742,0.0,0.0409647228221742,0.0409647228221742,pre_injection_v1,C
road,max_engine_coolant_temp_attack,max_engine_coolant_temp_attack,max_engine_coolant_temp_attack,residual,isolation_forest,5,0.1519348567949775,0.0353919100555592,0.1209124798337643,0.1829572337561907,1.0,0.0,1.0,1.0,0.2624841101853765,0.0531852594085042,0.2158651748535332,0.3091030455172198,1.0,0.0,1.0,1.0,1.0,0.0,1.0,1.0,0.0432253419726421,0.0123500658445057,0.0324000319647162,0.0540506519805681,pre_injection_v1,C
road,max_engine_coolant_temp_attack,max_engine_coolant_temp_attack,max_engine_coolant_temp_attack,residual,lof,5,0.0931331413287903,0.0057495228179358,0.0880934623760267,0.0981728202815539,1.0,0.0,1.0,1.0,0.1703559790181721,0.0096782781398502,0.1618725941904367,0.1788393638459074,1.0,0.0,1.0,1.0,0.9999999999999998,1.6653345369377348e-16,0.9999999999999996,1.0,0.0717638588912887,0.0052421003315072,0.0671689553583279,0.0763587624242494,pre_injection_v1,C
road,max_engine_coolant_temp_attack,max_engine_coolant_temp_attack,max_engine_coolant_temp_attack,residual,one_class_svm,5,0.0980924251396382,0.003651292435556,0.0948919262077176,0.1012929240715588,1.0,0.0,1.0,1.0,0.1786435660193475,0.006060759596841,0.1733310760014497,0.1839560560372452,0.990561555075594,0.0004798565999851,0.9901409422206028,0.9909821679305852,0.28036004259045,0.0100494525840029,0.2715513090175694,0.2891687761633307,0.0676025917926565,0.0028160701534352,0.0651341974700006,0.0700709861153124,pre_injection_v1,C
road,max_speedometer_attack,max_speedometer_attack_1,max_speedometer_attack,raw,autoencoder,5,0.1240728404969483,0.1686668848672487,-0.0237702025886407,0.2719158835825375,0.4017493897477623,0.5459495791398831,-0.076796515779956,0.8802952952754808,0.1894518264567205,0.2574213792815075,-0.0361879610938805,0.4150916140073216,0.7929201922053266,0.0850344805216797,0.7183841836852064,0.8674562007254468,0.1571381248412132,0.0683838218037888,0.0971970621883276,0.2170791874940988,0.168280343604884,0.0110041853779852,0.1586347498403477,0.1779259373694203,pre_injection_v1,C
road,max_speedometer_attack,max_speedometer_attack_1,max_speedometer_attack,raw,elliptic_envelope,5,0.1753643260370873,0.0618064178503355,0.1211886121475175,0.2295400399266572,0.1142392188771358,0.0494491789243957,0.0708951024785883,0.1575833352756834,0.1379904405426256,0.0558041082867581,0.0890759829578689,0.1869048981273822,0.9375603722949992,0.0012074991820311,0.936501952595511,0.9386187919944876,0.334892349549195,0.002865870461884,0.3323803033315423,0.3374043957668477,0.0371823212616649,0.0035676416274818,0.0340551454958892,0.0403094970274406,pre_injection_v1,C
road,max_speedometer_attack,max_speedometer_attack_1,max_speedometer_attack,raw,hbos,5,0.0,0.0,0.0,0.0,0.0,0.0,0.0,0.0,0.0,0.0,0.0,0.0,0.7827782248804831,0.0,0.7827782248804831,0.7827782248804831,0.1481657949910611,0.0,0.1481657949910611,0.1481657949910611,0.0291381689242318,0.0,0.0291381689242318,0.0291381689242318,pre_injection_v1,C
road,max_speedometer_attack,max_speedometer_attack_1,max_speedometer_attack,raw,isolation_forest,5,0.0,0.0,0.0,0.0,0.0,0.0,0.0,0.0,0.0,0.0,0.0,0.0,0.7671837993221662,0.0127322282645815,0.756023509183544,0.7783440894607884,0.1277505429034329,0.0061968574126655,0.1223187578901682,0.1331823279166976,0.0204145216088304,0.0119583158662534,0.0099325955968745,0.0308964476207863,pre_injection_v1,C
road,max_speedometer_attack,max_speedometer_attack_1,max_speedometer_attack,raw,lof,5,0.0,0.0,0.0,0.0,0.0,0.0,0.0,0.0,0.0,0.0,0.0,0.0,0.3788665137414055,0.0,0.3788665137414055,0.3788665137414055,0.0497400423069502,0.0,0.0497400423069502,0.0497400423069502,0.0003115588326929,0.0,0.0003115588326929,0.0003115588326929,pre_injection_v1,C
road,max_speedometer_attack,max_speedometer_attack_1,max_speedometer_attack,raw,one_class_svm,5,0.295429945880938,0.0,0.295429945880938,0.295429945880938,0.9993897477624084,1.2412670766236366e-16,0.9993897477624084,0.9993897477624086,0.4560475262229648,6.206335383118183e-17,0.4560475262229647,0.4560475262229648,0.8378995542242442,0.0,0.8378995542242442,0.8378995542242442,0.1737255101870565,0.0,0.1737255101870565,0.1737255101870565,0.1738349925077519,0.0,0.1738349925077519,0.1738349925077519,pre_injection_v1,C
road,max_speedometer_attack,max_speedometer_attack_1,max_speedometer_attack,residual,autoencoder,5,0.0994428084177834,0.0011588864739743,0.0984269996356509,0.100458617199916,1.0,0.0,1.0,1.0,0.1808951209559364,0.0019167358548875,0.179215027902692,0.1825752140091808,0.8577055057886458,0.0050808145065568,0.8532519755144964,0.8621590360627952,0.1903367177954102,0.0047219853606551,0.1861977151353782,0.1944757204554423,0.6605759387564352,0.0085138243006238,0.6531132427216388,0.6680386347912315,pre_injection_v1,C
road,max_speedometer_attack,max_speedometer_attack_1,max_speedometer_attack,residual,elliptic_envelope,5,0.1010483865874506,0.0020379962815344,0.0992620040838766,0.1028347690910245,1.0,0.0,1.0,1.0,0.1835444179662177,0.0033659988579769,0.1805939898808374,0.186494846051598,0.8506851886012562,0.0005967304492753,0.8501621313005173,0.8512082459019951,0.1840447298658237,0.0006349239055879,0.1834881945245574,0.1846012652070899,0.649080901443556,0.0147513078728118,0.636150809996587,0.662010992890525,pre_injection_v1,C
road,max_speedometer_attack,max_speedometer_attack_1,max_speedometer_attack,residual,hbos,5,0.1496499238964992,0.0,0.1496499238964992,0.1496499238964992,1.0,0.0,1.0,1.0,0.2603399883493089,0.0,0.2603399883493089,0.2603399883493089,0.9886105714619616,0.0,0.9886105714619616,0.9886105714619616,0.8609048457524777,1.2412670766236366e-16,0.8609048457524776,0.8609048457524778,0.4144325920211266,0.0,0.4144325920211266,0.4144325920211266,pre_injection_v1,C
road,max_speedometer_attack,max_speedometer_attack_1,max_speedometer_attack,residual,isolation_forest,5,0.1485489333802623,0.0062902608124308,0.1430352766773253,0.1540625900831993,1.0,0.0,1.0,1.0,0.2586306496628487,0.0095206808152317,0.2502854049808337,0.2669758943448637,0.9898809230567502,0.0041521385738431,0.9862414131283302,0.9935204329851702,0.7859807290892974,0.1017184743415566,0.6968205551967441,0.8751409029818507,0.4187410055932228,0.0205550261193626,0.4007237308058088,0.4367582803806369,pre_injection_v1,C
road,max_speedometer_attack,max_speedometer_attack_1,max_speedometer_attack,residual,lof,5,0.0984006885646229,0.0,0.0984006885646229,0.0984006885646229,1.0,0.0,1.0,1.0,0.1791708428246013,0.0,0.1791708428246013,0.1791708428246013,0.8542455706501995,1.2412670766236366e-16,0.8542455706501993,0.8542455706501996,0.1870829733314933,0.0,0.1870829733314933,0.1870829733314933,0.6682640238565049,0.0,0.6682640238565049,0.6682640238565049,pre_injection_v1,C
road,max_speedometer_attack,max_speedometer_attack_1,max_speedometer_attack,residual,one_class_svm,5,0.0958135183597099,0.0,0.0958135183597099,0.0958135183597099,1.0,0.0,1.0,1.0,0.1748719408081958,0.0,0.1748719408081958,0.1748719408081958,0.8551473970001335,0.0,0.8551473970001335,0.8551473970001335,0.2011209753303604,0.0,0.2011209753303604,0.2011209753303604,0.6882779698233016,0.0,0.6882779698233016,0.6882779698233016,pre_injection_v1,C
road,reverse_light_off_attack,reverse_light_off_attack_1,reverse_light_off_attack,raw,autoencoder,5,0.0286608138625728,0.0392975097658912,-0.0057849721851609,0.0631065999103067,0.024326292789512,0.0398578047154609,-0.0106106134353394,0.0592631990143634,0.0247781872284111,0.0368404200295172,-0.0075138647058018,0.0570702391626241,0.8754551194655212,0.0404945662824576,0.8399600671181583,0.9109501718128842,0.1692753433908676,0.0497158117822709,0.1256975129877844,0.2128531737939508,0.0280583698775139,0.0195425031827436,0.0109286105752026,0.0451881291798253,pre_injection_v1,C
road,reverse_light_off_attack,reverse_light_off_attack_1,reverse_light_off_attack,raw,elliptic_envelope,5,0.0,0.0,0.0,0.0,0.0,0.0,0.0,0.0,0.0,0.0,0.0,0.0,0.8832178754927641,0.0184348761049753,0.8670589941307796,0.8993767568547486,0.1722255077934894,0.0210704341387792,0.1537564579579903,0.1906945576289885,0.0159383033419023,0.0019843849841677,0.0141989132123957,0.0176776934714088,pre_injection_v1,C
road,reverse_light_off_attack,reverse_light_off_attack_1,reverse_light_off_attack,raw,hbos,5,0.0,0.0,0.0,0.0,0.0,0.0,0.0,0.0,0.0,0.0,0.0,0.0,0.7246441189521755,0.0,0.7246441189521755,0.7246441189521755,0.1126429809218731,0.0,0.1126429809218731,0.1126429809218731,0.0117949493422047,0.0,0.0117949493422047,0.0117949493422047,pre_injection_v1,C
road,reverse_light_off_attack,reverse_light_off_attack_1,reverse_light_off_attack,raw,isolation_forest,5,0.0,0.0,0.0,0.0,0.0,0.0,0.0,0.0,0.0,0.0,0.0,0.0,0.8029307520588075,0.0154284730195128,0.7894070991902319,0.8164544049273831,0.1072396592010002,0.0074529539894275,0.1007068569936133,0.1137724614083872,0.0127022531377589,0.0006136656237996,0.0121643515020528,0.0132401547734651,pre_injection_v1,C
road,reverse_light_off_attack,reverse_light_off_attack_1,reverse_light_off_attack,raw,lof,5,0.0152099061906387,0.0093792705443768,0.0069886130761362,0.0234311993051412,0.0039329934450109,0.0029405140915056,0.001355519201229,0.0065104676887927,0.0060071290596534,0.0039907884012874,0.0025090487932076,0.0095052093260992,0.7058904011597804,0.0211474335490788,0.6873538583653437,0.7244269439542171,0.0748092237785543,0.0046402589425864,0.0707418574824551,0.0788765900746536,0.0133449266596098,0.0075472904758676,0.0067294348760189,0.0199604184432007,pre_injection_v1,C
road,reverse_light_off_attack,reverse_light_off_attack_1,reverse_light_off_attack,raw,one_class_svm,5,0.0,0.0,0.0,0.0,0.0,0.0,0.0,0.0,0.0,0.0,0.0,0.0,0.7998201912871301,0.0212801857582073,0.7811672860508937,0.8184730965233665,0.1036750257032004,0.010682194385833,0.0943116694873294,0.1130383819190714,0.0097232723423559,0.0022694248228847,0.007734033778228,0.0117125109064839,pre_injection_v1,C
road,reverse_light_off_attack,reverse_light_off_attack_1,reverse_light_off_attack,residual,autoencoder,5,0.3903598989872415,0.0255894302823513,0.3679297743854444,0.4127900235890386,1.0,0.0,1.0,1.0,0.5611374580811617,0.0262228802546261,0.5381520900976107,0.5841228260647127,0.992477082539204,0.0002308223365069,0.9922747578406232,0.9926794072377848,0.7046858037439049,0.004770618428397,0.7005041723204661,0.7088674351673436,0.08150612430062,0.0084666918982846,0.0740847416380083,0.0889275069632316,pre_injection_v1,C
road,reverse_light_off_attack,reverse_light_off_attack_1,reverse_light_off_attack,residual,elliptic_envelope,5,0.4242779244126566,0.0046783902779615,0.4201771345274325,0.4283787142978807,1.0,0.0,1.0,1.0,0.5957675746267456,0.0046074239045656,0.5917289895104532,0.599806159743038,0.9907158580689628,9.008723764646144e-06,0.9907079615744212,0.990723754563504,0.6654607036189268,0.0001024806806674,0.6653708753417326,0.6655505318961211,0.0704445788598215,0.0013442082450695,0.0692663283831602,0.0716228293364829,pre_injection_v1,C
road,reverse_light_off_attack,reverse_light_off_attack_1,reverse_light_off_attack,residual,hbos,5,0.3862224731789949,0.0,0.3862224731789949,0.3862224731789949,0.9963583394027676,0.0,0.9963583394027676,0.9963583394027676,0.5566632756866734,0.0,0.5566632756866734,0.5566632756866734,0.991388846639336,1.2412670766236366e-16,0.9913888466393358,0.991388846639336,0.7975718016510704,0.0,0.7975718016510704,0.7975718016510704,0.0821866021472856,0.0,0.0821866021472856,0.0821866021472856,pre_injection_v1,C
road,reverse_light_off_attack,reverse_light_off_attack_1,reverse_light_off_attack,residual,isolation_forest,5,0.5420137250073854,0.0176193683202549,0.5265696677357844,0.5574577822789865,0.9844136926438456,0.0035531859920321,0.9812991878012112,0.98752819748648,0.6989389252161564,0.0138538785330008,0.6867954652686449,0.711082385163668,0.9875293362111244,0.0014956409884446,0.9862183490824464,0.9888403233398028,0.6462407760585933,0.02744564590233,0.6221836067283859,0.6702979453888007,0.0432632693180099,0.0032274134630853,0.0404343166871869,0.046092221948833,pre_injection_v1,C
road,reverse_light_off_attack,reverse_light_off_attack_1,reverse_light_off_attack,residual,lof,5,0.3523518415449035,0.0182968269432369,0.3363139656083935,0.3683897174814134,1.0,0.0,1.0,1.0,0.5208776767890828,0.020072198806894,0.5032836188009615,0.5384717347772041,0.9916921898632868,0.0003118011212433,0.9914188841302828,0.9919654955962904,0.6898292591206611,0.006198401640986,0.6843961205315934,0.6952623977097288,0.0957281112959322,0.0077627110054823,0.0889237950927381,0.1025324274991264,pre_injection_v1,C
road,reverse_light_off_attack,reverse_light_off_attack_1,reverse_light_off_attack,residual,one_class_svm,5,0.3358619567499933,0.0118888363677266,0.3254409322036828,0.3462829812963038,1.0,0.0,1.0,1.0,0.5027438407725414,0.0134103311278243,0.4909891672675235,0.5144985142775593,0.989828937770612,2.6548376810400103e-05,0.989805667092318,0.9898522084489064,0.7201279033818406,0.0004717639563862,0.7197143840417216,0.7205414227219596,0.1027975200362921,0.0056242367023824,0.0978676592057662,0.107727380866818,pre_injection_v1,C
road,reverse_light_on_attack,reverse_light_on_attack_1,reverse_light_on_attack,raw,autoencoder,5,0.1680514052305295,0.1541679415244814,0.0329172463281479,0.3031855641329111,0.1015952143569292,0.1133032543516422,0.0022805330664586,0.2009098956473998,0.1216990366792519,0.1220246465599438,0.0147397180609911,0.2286583552975127,0.8643970020751708,0.103666173463252,0.7735295946293732,0.9552644095209684,0.253304748253044,0.1342685312813029,0.1356131914848963,0.3709963050211918,0.0259140181661659,0.0126205572324049,0.0148516120030169,0.0369764243293149,pre_injection_v1,C
road,reverse_light_on_attack,reverse_light_on_attack_1,reverse_light_on_attack,raw,elliptic_envelope,5,0.0,0.0,0.0,0.0,0.0,0.0,0.0,0.0,0.0,0.0,0.0,0.0,0.851564756178591,0.0024485884375599,0.8494184737820317,0.8537110385751502,0.1863383537475059,0.0044729619731078,0.1824176297107108,0.1902590777843011,0.0163952283068922,0.0011706956504768,0.0153690683251638,0.0174213882886206,pre_injection_v1,C
road,reverse_light_on_attack,reverse_light_on_attack_1,reverse_light_on_attack,raw,hbos,5,0.0,0.0,0.0,0.0,0.0,0.0,0.0,0.0,0.0,0.0,0.0,0.0,0.7676924798436259,0.0,0.7676924798436259,0.7676924798436259,0.1812578846535722,0.0,0.1812578846535722,0.1812578846535722,0.0203271315377993,0.0,0.0203271315377993,0.0203271315377993,pre_injection_v1,C
road,reverse_light_on_attack,reverse_light_on_attack_1,reverse_light_on_attack,raw,isolation_forest,5,0.0,0.0,0.0,0.0,0.0,0.0,0.0,0.0,0.0,0.0,0.0,0.0,0.7417694640038491,0.0310727069904042,0.7145330354542623,0.769005892553436,0.1128716238960615,0.012542646655359,0.1018775093647173,0.1238657384274056,0.0186616068448145,0.0013186805388474,0.0175057323892307,0.0198174813003984,pre_injection_v1,C
road,reverse_light_on_attack,reverse_light_on_attack_1,reverse_light_on_attack,raw,lof,5,0.0032512315270935,0.0072699747051717,-0.0031211822660098,0.009623645320197,0.0016450648055832,0.0036784767326766,-0.0015792622133599,0.0048693918245264,0.0021847070506454,0.0048851534761663,-0.0020973187686196,0.0064667328699106,0.4254593818817621,0.0701176959057927,0.3639985115691257,0.4869202521943985,0.0526905238825781,0.0072031863289032,0.0463766526824564,0.0590043950826998,0.0201373882183453,0.0093309769257682,0.0119584263269654,0.0283163501097252,pre_injection_v1,C
road,reverse_light_on_attack,reverse_light_on_attack_1,reverse_light_on_attack,raw,one_class_svm,5,0.0,0.0,0.0,0.0,0.0,0.0,0.0,0.0,0.0,0.0,0.0,0.0,0.8351992959087214,0.01700440277032,0.8202942797083227,0.8501043121091202,0.1594198744453715,0.0125586085118497,0.1484117687299325,0.1704279801608105,0.0216869586605527,0.0006901888145172,0.021081981490777,0.0222919358303283,pre_injection_v1,C
road,reverse_light_on_attack,reverse_light_on_attack_1,reverse_light_on_attack,residual,autoencoder,5,0.2578006898404528,0.0182531342125163,0.2418011122710202,0.2738002674098853,0.9997507477567298,0.0,0.9997507477567298,0.9997507477567298,0.40963434944495,0.0230523933401002,0.3894280357723592,0.4298406631175408,0.991668040380694,0.0010868888907708,0.9907153402627428,0.9926207404986452,0.7410574542926264,0.0192260616044059,0.7242050682633027,0.7579098403219501,0.2039740684130079,0.019408094359379,0.1869621236388977,0.2209860131871182,pre_injection_v1,C
road,reverse_light_on_attack,reverse_light_on_attack_1,reverse_light_on_attack,residual,elliptic_envelope,5,0.2419041450167773,0.0056104893400013,0.2369863342806752,0.2468219557528794,0.9997507477567298,0.0,0.9997507477567298,0.9997507477567298,0.3895246016180795,0.0072570642041001,0.3831635043781197,0.3958856988580392,0.9908585624212763,1.951435152516395e-05,0.99084145733799,0.9908756675045628,0.7248995788554939,0.0003022368817015,0.7246346565480793,0.7251645011629085,0.2209631230344876,0.006679054370509,0.2151086737521204,0.2268175723168547,pre_injection_v1,C
road,reverse_light_on_attack,reverse_light_on_attack_1,reverse_light_on_attack,residual,hbos,5,0.2188932547478716,0.0,0.2188932547478716,0.2188932547478716,0.9997507477567298,0.0,0.9997507477567298,0.9997507477567298,0.3591511461318051,0.0,0.3591511461318051,0.3591511461318051,0.986530705499412,0.0,0.986530705499412,0.986530705499412,0.7278734418208583,0.0,0.7278734418208583,0.7278734418208583,0.2514626047541243,0.0,0.2514626047541243,0.2514626047541243,pre_injection_v1,C
road,reverse_light_on_attack,reverse_light_on_attack_1,reverse_light_on_attack,residual,isolation_forest,5,0.2430911603852227,0.0098719317376462,0.2344380306948538,0.2517442900755917,0.9992522432701896,0.0007049918057692,0.9986342907064876,0.9998701958338914,0.3909666382731975,0.0128259741991447,0.3797241761999146,0.4022091003464804,0.9637437684311742,0.0116523598482687,0.953530024693319,0.9739575121690291,0.4804555980157928,0.0970641985994609,0.3953750766858185,0.5655361193457672,0.2197087088669864,0.0123236428603875,0.2089065596258138,0.2305108581081589,pre_injection_v1,C
road,reverse_light_on_attack,reverse_light_on_attack_1,reverse_light_on_attack,residual,lof,5,0.224675732615663,0.0039297199555039,0.2212311812020696,0.2281202840292564,0.9998005982053838,0.0001114689918993,0.999702891326022,0.9998983050847458,0.3668877262481592,0.0052206350250409,0.3623116378858897,0.3714638146104286,0.9916637427621212,6.929710959118225e-05,0.9916030011674266,0.9917244843568156,0.7375629635458998,0.0013891178313831,0.7363453480812057,0.7387805790105939,0.2432649906006781,0.0054140297464103,0.2385193842909678,0.2480105969103885,pre_injection_v1,C
road,reverse_light_on_attack,reverse_light_on_attack_1,reverse_light_on_attack,residual,one_class_svm,5,0.1955273165577931,0.0012205255144527,0.1944574787745062,0.1965971543410801,0.9997507477567298,0.0,0.9997507477567298,0.9997507477567298,0.3270832995964402,0.0017089567772967,0.3255853329347795,0.3285812662581009,0.980164030125404,0.0001349705379854,0.9800457232326292,0.980282337018179,0.6415461182259018,0.0015675209512852,0.640172125531836,0.6429201109199676,0.2899453609515276,0.0022596474449848,0.2879646926369971,0.2919260292660581,pre_injection_v1,C
