corpus,dataset,capture,attack_type,representation,detector,seed,precision,recall,f1,roc_auc,pr_auc,fpr,train_seconds,score_seconds,model_bytes,comparison_role,input_note,n_pre,n_test,n_test_attack,protocol_version,phase,n_captures
hcrl,DoS,DoS,DoS,raw,sequence_autoencoder,0,0.41695501730103807,0.04130956462118615,0.0751715533374922,0.8328314179897768,0.49521433372561774,0.018871094187479003,0.913844999999128,0.10728029999881983,147410,external_baseline,same_14d_window_features_seq_len_5_not_raw_can_bytes,,,,hcrl_temporal_v1,workshop,
hcrl,DoS,DoS,DoS,residual,sequence_autoencoder,0,0.24984615384615386,0.20877613986972918,0.22747221962835,0.6891492259451423,0.3128173233095648,0.20478217045581812,3.404463200000464,0.14216339999984484,147410,external_baseline,same_14d_window_features_seq_len_5_not_raw_can_bytes,,,,hcrl_temporal_v1,workshop,
hcrl,Fuzzy,Fuzzy,Fuzzy,raw,sequence_autoencoder,0,0.16032887975334018,0.12037037037037036,0.13750550903481706,0.719532324435713,0.143737871353463,0.04211557296767875,3.591119799999433,0.09044120000180556,147410,external_baseline,same_14d_window_features_seq_len_5_not_raw_can_bytes,,,,hcrl_temporal_v1,workshop,
hcrl,Fuzzy,Fuzzy,Fuzzy,residual,sequence_autoencoder,0,0.299567930868939,0.48148148148148145,0.3693400414323764,0.864340046483241,0.2675931780566077,0.0752100623743492,0.5251398000000336,0.10210319999896456,146015,external_baseline,same_14d_window_features_seq_len_5_not_raw_can_bytes,,,,hcrl_temporal_v1,workshop,
hcrl,RPM,RPM,RPM,raw,sequence_autoencoder,0,0.19008264462809918,0.004661532225374949,0.009099901088031652,0.7961829622866708,0.3749525788627569,0.005220819348995791,2.8771108999972057,0.12489450000066427,147410,external_baseline,same_14d_window_features_seq_len_5_not_raw_can_bytes,,,,hcrl_temporal_v1,workshop,
hcrl,RPM,RPM,RPM,residual,sequence_autoencoder,0,0.37240546456336326,1.0,0.5427047241929275,0.8298804784661987,0.45189152328186094,0.442970539662245,3.1064331000015954,0.1288416999996116,147410,external_baseline,same_14d_window_features_seq_len_5_not_raw_can_bytes,,,,hcrl_temporal_v1,workshop,
hcrl,gear,gear,gear,raw,sequence_autoencoder,0,0.24180327868852458,0.022653100403148396,0.041425311567491664,0.7155191687510718,0.3326475291839549,0.020007570432055373,3.2038890999974683,0.11754780000046594,147410,external_baseline,same_14d_window_features_seq_len_5_not_raw_can_bytes,,,,hcrl_temporal_v1,workshop,
hcrl,gear,gear,gear,residual,sequence_autoencoder,0,0.3947707464948844,1.0,0.5660725929145838,0.8930529633244094,0.707254011046624,0.4318390742443087,3.619974799999909,0.09546950000003562,147410,external_baseline,same_14d_window_features_seq_len_5_not_raw_can_bytes,,,,hcrl_temporal_v1,workshop,
road,correlated_signal_attack,correlated_signal_attack_1,correlated_signal_attack,raw,sequence_autoencoder,0,0.05200729927007299,0.027136396096167578,0.03566400750821211,0.7029952029486302,0.1138453067978425,0.03818589437318534,3.5236519999998563,0.2621486999996705,147410,external_baseline,same_14d_window_features_seq_len_5_not_raw_can_bytes,18348.0,58619.0,4201.0,pre_injection_v1,workshop,1.0
road,correlated_signal_attack,correlated_signal_attack_1,correlated_signal_attack,residual,sequence_autoencoder,0,0.0933523182344042,0.9988098071887646,0.17074609859814033,0.6053326280740678,0.08232704527422206,0.7488698592377522,3.241373400000157,0.27831390000210376,147410,external_baseline,same_14d_window_features_seq_len_5_not_raw_can_bytes,18348.0,58619.0,4201.0,pre_injection_v1,workshop,1.0
road,fuzzing_attack,fuzzing_attack_1,fuzzing_attack,raw,sequence_autoencoder,0,0.4409090909090909,0.0681111445480991,0.11799461291163438,0.6091122836328504,0.3713492304308815,0.03175481301172826,3.03658660000292,0.1610359000005701,147410,external_baseline,same_14d_window_features_seq_len_5_not_raw_can_bytes,8885.0,37083.0,9969.0,pre_injection_v1,workshop,1.0
road,fuzzing_attack,fuzzing_attack_1,fuzzing_attack,residual,sequence_autoencoder,0,0.22114339794594973,0.632861871802588,0.32775728609278404,0.42534675595696514,0.3150094865762677,0.8195028398613262,3.124870600000577,0.19739119999940158,147410,external_baseline,same_14d_window_features_seq_len_5_not_raw_can_bytes,8885.0,37083.0,9969.0,pre_injection_v1,workshop,1.0
road,max_engine_coolant_temp_attack,max_engine_coolant_temp_attack,max_engine_coolant_temp_attack,raw,sequence_autoencoder,0,0.004784688995215311,0.00980392156862745,0.006430868167202572,0.9448030039949744,0.056990594490606006,0.014974802015838734,3.409349099998508,0.0686236999972607,147410,external_baseline,same_14d_window_features_seq_len_5_not_raw_can_bytes,44985.0,13992.0,102.0,pre_injection_v1,workshop,1.0
road,max_engine_coolant_temp_attack,max_engine_coolant_temp_attack,max_engine_coolant_temp_attack,residual,sequence_autoencoder,0,0.0611877624475105,1.0,0.11531938948558508,0.9909491946526631,0.6657014399394376,0.11267098632109432,3.5019180000017514,0.06905609999739681,147410,external_baseline,same_14d_window_features_seq_len_5_not_raw_can_bytes,44985.0,13992.0,102.0,pre_injection_v1,workshop,1.0
road,max_speedometer_attack,max_speedometer_attack_1,max_speedometer_attack,raw,sequence_autoencoder,0,0.06940405703675157,0.4029698942229455,0.11841358080038254,0.5331093670490796,0.06910006319110637,0.3940774149518567,2.6144050000002608,0.3988623999975971,147410,external_baseline,same_14d_window_features_seq_len_5_not_raw_can_bytes,4650.0,72319.0,4916.0,pre_injection_v1,workshop,1.0
road,max_speedometer_attack,max_speedometer_attack_1,max_speedometer_attack,residual,sequence_autoencoder,0,0.06902361629833478,1.0,0.129133941001865,0.6297129309301146,0.08167974594047471,0.9837247600255181,2.2911039999999048,0.38027669999792124,147410,external_baseline,same_14d_window_features_seq_len_5_not_raw_can_bytes,4650.0,72319.0,4916.0,pre_injection_v1,workshop,1.0
road,reverse_light_off_attack,reverse_light_off_attack_1,reverse_light_off_attack,raw,sequence_autoencoder,0,0.0045045045045045045,0.0014566642388929353,0.002201430930104568,0.5666407644172149,0.050738183939829054,0.016709511568123392,3.6176162000010663,0.12817229999927804,147410,external_baseline,same_14d_window_features_seq_len_5_not_raw_can_bytes,37066.0,27825.0,1373.0,pre_injection_v1,workshop,1.0
road,reverse_light_off_attack,reverse_light_off_attack_1,reverse_light_off_attack,residual,sequence_autoencoder,0,0.16223977027997127,0.98761835396941,0.2786969478984688,0.8393483878066211,0.12466567091709732,0.2647058823529412,3.065113599997858,0.1192430000010063,147410,external_baseline,same_14d_window_features_seq_len_5_not_raw_can_bytes,37066.0,27825.0,1373.0,pre_injection_v1,workshop,1.0
road,reverse_light_on_attack,reverse_light_on_attack_1,reverse_light_on_attack,raw,sequence_autoencoder,0,0.04538623384430418,0.037637088733798604,0.04115002043875187,0.49453578423884337,0.06266947315054408,0.0557985909801648,3.191292600000452,0.3093912000003911,147410,external_baseline,same_14d_window_features_seq_len_5_not_raw_can_bytes,16032.0,60931.0,4012.0,pre_injection_v1,workshop,1.0
road,reverse_light_on_attack,reverse_light_on_attack_1,reverse_light_on_attack,residual,sequence_autoencoder,0,0.12176024279210926,1.0,0.21708781992316434,0.846827833756588,0.1739394739983355,0.508406683181363,2.9454688999976497,0.2894029999988561,147410,external_baseline,same_14d_window_features_seq_len_5_not_raw_can_bytes,16032.0,60931.0,4012.0,pre_injection_v1,workshop,1.0
