feature,method,f1_full,roc_auc_full,pr_auc_full,f1_without,roc_auc_without,pr_auc_without,delta_f1,delta_roc_auc,delta_pr_auc,rank,corpus,dataset,detector,protocol_version,phase
iat_min_res,lofo,0.9917538213998393,0.998832082287538,0.9910135815797572,0.7554948466410034,0.9961397430257116,0.967613086399544,0.2362589747588357,0.0026923392618265,0.0234004951802131,1,hcrl,RPM,isolation_forest,hcrl_temporal_v1,C
time_since_last_seen_res,lofo,0.9917538213998393,0.998832082287538,0.9910135815797572,0.991953329309998,0.99903165878888,0.9945376712339382,-0.0001995079101587,-0.0001995765013418,-0.003524089654181,2,hcrl,RPM,isolation_forest,hcrl_temporal_v1,C
byte_entropy_res,lofo,0.9917538213998393,0.998832082287538,0.9910135815797572,0.986,0.9990641045466452,0.9930843821145922,0.0057538213998391,-0.000232022259107,-0.0020708005348349,3,hcrl,RPM,isolation_forest,hcrl_temporal_v1,C
byte_mean_res,lofo,0.9917538213998393,0.998832082287538,0.9910135815797572,0.9892688797512786,0.9991839217093474,0.9924647287464532,0.0024849416485605,-0.0003518394218093,-0.0014511471666961,4,hcrl,RPM,isolation_forest,hcrl_temporal_v1,C
dlc_std_res,lofo,0.9917538213998393,0.998832082287538,0.9910135815797572,0.9923510466988728,0.99921192979442,0.993554434886088,-0.0005972252990336,-0.0003798475068819,-0.0025408533063306,5,hcrl,RPM,isolation_forest,hcrl_temporal_v1,C
dlc_mode_res,lofo,0.9917538213998393,0.998832082287538,0.9910135815797572,0.9923510466988728,0.99921192979442,0.993554434886088,-0.0005972252990336,-0.0003798475068819,-0.0025408533063306,6,hcrl,RPM,isolation_forest,hcrl_temporal_v1,C
byte_max_change_res,lofo,0.9917538213998393,0.998832082287538,0.9910135815797572,0.9944517300514476,0.9992197362113464,0.9942626111000128,-0.0026979086516084,-0.0003876539238084,-0.0032490295202555,7,hcrl,RPM,isolation_forest,hcrl_temporal_v1,C
window_fill_res,lofo,0.9917538213998393,0.998832082287538,0.9910135815797572,0.9911540008041816,0.999369224236724,0.9938962797973528,0.0005998205956574,-0.000537141949186,-0.0028826982175955,8,hcrl,RPM,isolation_forest,hcrl_temporal_v1,C
byte_var_res,lofo,0.9917538213998393,0.998832082287538,0.9910135815797572,0.99195494770716,0.9995061442547676,0.9958606747068032,-0.0002011263073209,-0.0006740619672295,-0.0048470931270458,9,hcrl,RPM,isolation_forest,hcrl_temporal_v1,C
byte_nunique_res,lofo,0.9917538213998393,0.998832082287538,0.9910135815797572,0.9876790543924672,0.9997003977083296,0.9972568868977496,0.0040747670073719,-0.0008683154207915,-0.0062433053179923,10,hcrl,RPM,isolation_forest,hcrl_temporal_v1,C
iat_max_res,lofo,0.9917538213998393,0.998832082287538,0.9910135815797572,0.9953572870407752,0.9998386133972323,0.9990656834783566,-0.0036034656409359,-0.0010065311096942,-0.0080521018985993,11,hcrl,RPM,isolation_forest,hcrl_temporal_v1,C
iat_median_res,lofo,0.9917538213998393,0.998832082287538,0.9910135815797572,0.9953572870407752,0.9998820507627862,0.9994031350571256,-0.0036034656409359,-0.0010499684752481,-0.0083895534773683,12,hcrl,RPM,isolation_forest,hcrl_temporal_v1,C
iat_std_res,lofo,0.9917538213998393,0.998832082287538,0.9910135815797572,0.9906560835928864,0.9999474713439176,0.9997766756291564,0.0010977378069526,-0.0011153890563795,-0.0087630940493993,13,hcrl,RPM,isolation_forest,hcrl_temporal_v1,C
iat_mean_res,lofo,0.9917538213998393,0.998832082287538,0.9910135815797572,0.9919517102615694,0.9999659130591464,0.9998650936342496,-0.0001978888617302,-0.0011338307716084,-0.0088515120544923,14,hcrl,RPM,isolation_forest,hcrl_temporal_v1,C
iat_min_res,lofo,0.9456729456729456,0.9994354201275768,0.9955142447665496,0.9454046639231825,0.9955886552810106,0.9560553332486884,0.0002682817497632,0.003846764846566,0.0394589115178609,1,hcrl,gear,isolation_forest,hcrl_temporal_v1,C
iat_median_res,lofo,0.9456729456729456,0.9994354201275768,0.9955142447665496,0.923499689743817,0.9974532657970432,0.9704384342886446,0.0221732559291286,0.0019821543305335,0.0250758104779048,2,hcrl,gear,isolation_forest,hcrl_temporal_v1,C
iat_std_res,lofo,0.9456729456729456,0.9994354201275768,0.9955142447665496,0.94578037853159,0.9982769652626624,0.981899882199665,-0.0001074328586443,0.0011584548649141,0.0136143625668845,3,hcrl,gear,isolation_forest,hcrl_temporal_v1,C
iat_mean_res,lofo,0.9456729456729456,0.9994354201275768,0.9955142447665496,0.9589700842826712,0.998594841191642,0.9868329028393924,-0.0132971386097254,0.0008405789359345,0.0086813419271569,4,hcrl,gear,isolation_forest,hcrl_temporal_v1,C
iat_max_res,lofo,0.9456729456729456,0.9994354201275768,0.9955142447665496,0.952633504023409,0.9986244996459412,0.9880172733056162,-0.0069605583504632,0.0008109204816354,0.0074969714609333,5,hcrl,gear,isolation_forest,hcrl_temporal_v1,C
time_since_last_seen_res,lofo,0.9456729456729456,0.9994354201275768,0.9955142447665496,0.9434884984604238,0.9992332921038948,0.9940896126308127,0.0021844472125218,0.0002021280236819,0.0014246321357367,6,hcrl,gear,isolation_forest,hcrl_temporal_v1,C
dlc_mode_res,lofo,0.9456729456729456,0.9994354201275768,0.9955142447665496,0.9474354310658422,0.9992864634734856,0.993409390481674,-0.0017624853928964,0.0001489566540912,0.0021048542848753,7,hcrl,gear,isolation_forest,hcrl_temporal_v1,C
dlc_std_res,lofo,0.9456729456729456,0.9994354201275768,0.9955142447665496,0.9474354310658422,0.9992864634734856,0.993409390481674,-0.0017624853928964,0.0001489566540912,0.0021048542848753,8,hcrl,gear,isolation_forest,hcrl_temporal_v1,C
window_fill_res,lofo,0.9456729456729456,0.9994354201275768,0.9955142447665496,0.9262091038406828,0.9994673727780256,0.996539611524309,0.0194638418322627,-3.19526504488632e-05,-0.0010253667577595,9,hcrl,gear,isolation_forest,hcrl_temporal_v1,C
byte_nunique_res,lofo,0.9456729456729456,0.9994354201275768,0.9955142447665496,0.9296805282884169,0.9996032390187912,0.9979029119057404,0.0159924173845288,-0.0001678188912145,-0.0023886671391908,10,hcrl,gear,isolation_forest,hcrl_temporal_v1,C
byte_max_change_res,lofo,0.9456729456729456,0.9994354201275768,0.9955142447665496,0.9247292739215338,0.9996636147871508,0.9986068345483718,0.0209436717514118,-0.0002281946595742,-0.0030925897818223,11,hcrl,gear,isolation_forest,hcrl_temporal_v1,C
byte_entropy_res,lofo,0.9456729456729456,0.9994354201275768,0.9955142447665496,0.9331780723754928,0.9996662826985108,0.9983836370569866,0.012494873297453,-0.000230862570934,-0.0028693922904371,12,hcrl,gear,isolation_forest,hcrl_temporal_v1,C
byte_mean_res,lofo,0.9456729456729456,0.9994354201275768,0.9955142447665496,0.9132988515823616,0.9997669678046526,0.9989930433414635,0.032374094090584,-0.0003315476770758,-0.003478798574914,13,hcrl,gear,isolation_forest,hcrl_temporal_v1,C
byte_var_res,lofo,0.9456729456729456,0.9994354201275768,0.9955142447665496,0.9191812246338452,0.99981252991733,0.9991761908251732,0.0264917210391005,-0.0003771097897532,-0.0036619460586235,14,hcrl,gear,isolation_forest,hcrl_temporal_v1,C
iat_median_res,lofo,0.4157258863141215,0.9665201242405748,0.5195795699045147,0.4315762406788377,0.9455251956631228,0.3867834356217937,-0.0158503543647162,0.0209949285774521,0.132796134282721,1,road,correlated_signal_attack_1,isolation_forest,hcrl_temporal_v1,C
iat_mean_res,lofo,0.4157258863141215,0.9665201242405748,0.5195795699045147,0.3976852291053979,0.9458744367011948,0.4097326481843222,0.0180406572087236,0.0206456875393798,0.1098469217201925,2,road,correlated_signal_attack_1,isolation_forest,hcrl_temporal_v1,C
time_since_last_seen_res,lofo,0.4157258863141215,0.9665201242405748,0.5195795699045147,0.3592399212531028,0.9532390264717095,0.4301711868882378,0.0564859650610187,0.0132810977688652,0.0894083830162768,3,road,correlated_signal_attack_1,isolation_forest,hcrl_temporal_v1,C
iat_min_res,lofo,0.4157258863141215,0.9665201242405748,0.5195795699045147,0.4108394178468172,0.95652677390542,0.4565741376610087,0.0048864684673042,0.0099933503351548,0.0630054322435059,4,road,correlated_signal_attack_1,isolation_forest,hcrl_temporal_v1,C
byte_max_change_res,lofo,0.4157258863141215,0.9665201242405748,0.5195795699045147,0.3818670065085794,0.9576411957589716,0.4771980910444556,0.033858879805542,0.0088789284816032,0.042381478860059,5,road,correlated_signal_attack_1,isolation_forest,hcrl_temporal_v1,C
window_fill_res,lofo,0.4157258863141215,0.9665201242405748,0.5195795699045147,0.3932921116732247,0.958554878378077,0.474713654977166,0.0224337746408968,0.0079652458624978,0.0448659149273486,6,road,correlated_signal_attack_1,isolation_forest,hcrl_temporal_v1,C
iat_max_res,lofo,0.4157258863141215,0.9665201242405748,0.5195795699045147,0.4278358399184297,0.9625035023618256,0.4884985805039075,-0.0121099536043081,0.0040166218787491,0.0310809894006072,7,road,correlated_signal_attack_1,isolation_forest,hcrl_temporal_v1,C
dlc_mode_res,lofo,0.4157258863141215,0.9665201242405748,0.5195795699045147,0.452294913974435,0.9648519558753544,0.512259775086324,-0.0365690276603135,0.0016681683652202,0.0073197948181906,8,road,correlated_signal_attack_1,isolation_forest,hcrl_temporal_v1,C
dlc_std_res,lofo,0.4157258863141215,0.9665201242405748,0.5195795699045147,0.452294913974435,0.9648519558753544,0.512259775086324,-0.0365690276603135,0.0016681683652202,0.0073197948181906,9,road,correlated_signal_attack_1,isolation_forest,hcrl_temporal_v1,C
byte_entropy_res,lofo,0.4157258863141215,0.9665201242405748,0.5195795699045147,0.4793378995433791,0.96543624785507,0.5038533970909097,-0.0636120132292575,0.0010838763855048,0.015726172813605,10,road,correlated_signal_attack_1,isolation_forest,hcrl_temporal_v1,C
byte_nunique_res,lofo,0.4157258863141215,0.9665201242405748,0.5195795699045147,0.457516339869281,0.9724818970969152,0.5505088084587747,-0.0417904535551594,-0.0059617728563405,-0.0309292385542599,11,road,correlated_signal_attack_1,isolation_forest,hcrl_temporal_v1,C
iat_std_res,lofo,0.4157258863141215,0.9665201242405748,0.5195795699045147,0.4319316485665757,0.9733012750123664,0.5797591728846255,-0.0162057622524541,-0.0067811507717916,-0.0601796029801108,12,road,correlated_signal_attack_1,isolation_forest,hcrl_temporal_v1,C
byte_mean_res,lofo,0.4157258863141215,0.9665201242405748,0.5195795699045147,0.4443738753043294,0.9783061650430384,0.6395316662826134,-0.0286479889902078,-0.0117860408024635,-0.1199520963780986,13,road,correlated_signal_attack_1,isolation_forest,hcrl_temporal_v1,C
byte_var_res,lofo,0.4157258863141215,0.9665201242405748,0.5195795699045147,0.4789503707929264,0.9816660178032968,0.6761789390839898,-0.0632244844788048,-0.015145893562722,-0.1565993691794751,14,road,correlated_signal_attack_1,isolation_forest,hcrl_temporal_v1,C
iat_median_res,lofo,0.711040676175383,0.9864015668447096,0.6273951537411343,0.5005917159763313,0.9649304725325836,0.4000696660018111,0.2104489601990516,0.021471094312126,0.2273254877393232,1,road,reverse_light_off_attack_1,isolation_forest,hcrl_temporal_v1,C
iat_min_res,lofo,0.711040676175383,0.9864015668447096,0.6273951537411343,0.534665455646382,0.9697910128464218,0.4545948556083459,0.176375220529001,0.0166105539982878,0.1728002981327884,2,road,reverse_light_off_attack_1,isolation_forest,hcrl_temporal_v1,C
iat_max_res,lofo,0.711040676175383,0.9864015668447096,0.6273951537411343,0.6375291375291375,0.9783829749365862,0.530815403322099,0.0735115386462454,0.0080185919081233,0.0965797504190353,3,road,reverse_light_off_attack_1,isolation_forest,hcrl_temporal_v1,C
iat_std_res,lofo,0.711040676175383,0.9864015668447096,0.6273951537411343,0.7307692307692307,0.9789367408365676,0.538065061258879,-0.0197285545938477,0.0074648260081419,0.0893300924822553,4,road,reverse_light_off_attack_1,isolation_forest,hcrl_temporal_v1,C
iat_mean_res,lofo,0.711040676175383,0.9864015668447096,0.6273951537411343,0.6819571865443426,0.9816955754567164,0.5977486329955559,0.0290834896310404,0.0047059913879932,0.0296465207455783,5,road,reverse_light_off_attack_1,isolation_forest,hcrl_temporal_v1,C
byte_entropy_res,lofo,0.711040676175383,0.9864015668447096,0.6273951537411343,0.6545189504373178,0.9834600159103066,0.5961154077767165,0.0565217257380652,0.0029415509344029,0.0312797459644178,6,road,reverse_light_off_attack_1,isolation_forest,hcrl_temporal_v1,C
window_fill_res,lofo,0.711040676175383,0.9864015668447096,0.6273951537411343,0.671181339352897,0.9836589498118264,0.5975055575436717,0.0398593368224859,0.0027426170328831,0.0298895961974625,7,road,reverse_light_off_attack_1,isolation_forest,hcrl_temporal_v1,C
byte_nunique_res,lofo,0.711040676175383,0.9864015668447096,0.6273951537411343,0.6825678761735601,0.9845564790004548,0.6088522487140604,0.0284728000018229,0.0018450878442548,0.0185429050270738,8,road,reverse_light_off_attack_1,isolation_forest,hcrl_temporal_v1,C
dlc_mode_res,lofo,0.711040676175383,0.9864015668447096,0.6273951537411343,0.6547475235564146,0.9879563350962136,0.6734447515869367,0.0562931526189683,-0.0015547682515039,-0.0460495978458024,9,road,reverse_light_off_attack_1,isolation_forest,hcrl_temporal_v1,C
dlc_std_res,lofo,0.711040676175383,0.9864015668447096,0.6273951537411343,0.6547475235564146,0.9879563350962136,0.6734447515869367,0.0562931526189683,-0.0015547682515039,-0.0460495978458024,10,road,reverse_light_off_attack_1,isolation_forest,hcrl_temporal_v1,C
time_since_last_seen_res,lofo,0.711040676175383,0.9864015668447096,0.6273951537411343,0.6918335901386748,0.9889634775529318,0.6586490586279361,0.0192070860367081,-0.0025619107082222,-0.0312539048868018,11,road,reverse_light_off_attack_1,isolation_forest,hcrl_temporal_v1,C
byte_var_res,lofo,0.711040676175383,0.9864015668447096,0.6273951537411343,0.6525708793849111,0.9900472474211284,0.7104588684785944,0.0584697967904719,-0.0036456805764187,-0.0830637147374601,12,road,reverse_light_off_attack_1,isolation_forest,hcrl_temporal_v1,C
byte_max_change_res,lofo,0.711040676175383,0.9864015668447096,0.6273951537411343,0.5560335996721983,0.9901882771019012,0.7385070627393393,0.1550070765031846,-0.0037867102571915,-0.111111908998205,13,road,reverse_light_off_attack_1,isolation_forest,hcrl_temporal_v1,C
byte_mean_res,lofo,0.711040676175383,0.9864015668447096,0.6273951537411343,0.6114221724524076,0.992835791339511,0.7819802833823372,0.0996185037229754,-0.0064342244948014,-0.1545851296412028,14,road,reverse_light_off_attack_1,isolation_forest,hcrl_temporal_v1,C
