attack_type,detector,representation,n_captures,f1_mean,f1_std,f1_fmt,recall_mean,recall_std,recall_fmt,precision_mean,precision_std,precision_fmt,roc_auc_mean,roc_auc_std,roc_auc_fmt,pr_auc_mean,pr_auc_std,pr_auc_fmt,fpr_mean,fpr_std,fpr_fmt,protocol_version,phase,source_table
correlated_signal_attack,autoencoder,residual,1,0.4905977679253936,,0.491 (n=1; std n/a),0.999377141077546,,0.999 (n=1; std n/a),0.3250937088440887,,0.325 (n=1; std n/a),0.9414995018519928,,0.941 (n=1; std n/a),0.3914769002776515,,0.391 (n=1; std n/a),0.1837184931884617,,0.184 (n=1; std n/a),pre_injection_v1,workshop,road_representation_results.csv
correlated_signal_attack,elliptic_envelope,residual,1,0.501211221380011,,0.501 (n=1; std n/a),0.998754282155092,,0.999 (n=1; std n/a),0.3345503859795535,,0.335 (n=1; std n/a),0.941373648690975,,0.941 (n=1; std n/a),0.3912366258027197,,0.391 (n=1; std n/a),0.175914180133473,,0.176 (n=1; std n/a),pre_injection_v1,workshop,road_representation_results.csv
correlated_signal_attack,hbos,residual,1,0.4618488363714965,,0.462 (n=1; std n/a),0.9981314232326378,,0.998 (n=1; std n/a),0.3004311961004874,,0.300 (n=1; std n/a),0.932855698229026,,0.933 (n=1; std n/a),0.3948211895595265,,0.395 (n=1; std n/a),0.2058077326126523,,0.206 (n=1; std n/a),pre_injection_v1,workshop,road_representation_results.csv
correlated_signal_attack,isolation_forest,residual,1,0.5332223147377185,,0.533 (n=1; std n/a),0.9971971348489568,,0.997 (n=1; std n/a),0.3639049892033185,,0.364 (n=1; std n/a),0.9587219839088996,,0.959 (n=1; std n/a),0.4884714862522645,,0.488 (n=1; std n/a),0.154348905190006,,0.154 (n=1; std n/a),pre_injection_v1,workshop,road_representation_results.csv
correlated_signal_attack,lof,residual,1,0.3726412355571039,,0.373 (n=1; std n/a),0.999377141077546,,0.999 (n=1; std n/a),0.2290179845846417,,0.229 (n=1; std n/a),0.9413699728923594,,0.941 (n=1; std n/a),0.3912740979661452,,0.391 (n=1; std n/a),0.2979151729082786,,0.298 (n=1; std n/a),pre_injection_v1,workshop,road_representation_results.csv
correlated_signal_attack,one_class_svm,residual,1,0.3390528483184625,,0.339 (n=1; std n/a),1.0,,1.000 (n=1; std n/a),0.2041322314049586,,0.204 (n=1; std n/a),0.9451452370727788,,0.945 (n=1; std n/a),0.4472501846119466,,0.447 (n=1; std n/a),0.3452374386410016,,0.345 (n=1; std n/a),pre_injection_v1,workshop,road_representation_results.csv
fuzzing_attack,autoencoder,residual,1,0.2458305387882852,,0.246 (n=1; std n/a),0.2757548400040124,,0.276 (n=1; std n/a),0.2217650855114553,,0.222 (n=1; std n/a),0.4586509393991921,,0.459 (n=1; std n/a),0.26700320955197,,0.267 (n=1; std n/a),0.3557940547318728,,0.356 (n=1; std n/a),pre_injection_v1,workshop,road_representation_results.csv
fuzzing_attack,elliptic_envelope,residual,1,0.2485860728172498,,0.249 (n=1; std n/a),0.2821747416992677,,0.282 (n=1; std n/a),0.2221432519939982,,0.222 (n=1; std n/a),0.4858131906187339,,0.486 (n=1; std n/a),0.2771074165355248,,0.277 (n=1; std n/a),0.3632809618647193,,0.363 (n=1; std n/a),pre_injection_v1,workshop,road_representation_results.csv
fuzzing_attack,hbos,residual,1,0.2028367999102988,,0.203 (n=1; std n/a),0.1814625338549503,,0.181 (n=1; std n/a),0.2299186578546009,,0.230 (n=1; std n/a),0.4874200583881287,,0.487 (n=1; std n/a),0.2848192963507998,,0.285 (n=1; std n/a),0.2234638931917091,,0.223 (n=1; std n/a),pre_injection_v1,workshop,road_representation_results.csv
fuzzing_attack,isolation_forest,residual,1,0.205558840922531,,0.206 (n=1; std n/a),0.1743404554117765,,0.174 (n=1; std n/a),0.2503961965134706,,0.250 (n=1; std n/a),0.5020197394692596,,0.502 (n=1; std n/a),0.2896731541448164,,0.290 (n=1; std n/a),0.1918934867596075,,0.192 (n=1; std n/a),pre_injection_v1,workshop,road_representation_results.csv
fuzzing_attack,lof,residual,1,0.2496640913671481,,0.250 (n=1; std n/a),0.2982244959374059,,0.298 (n=1; std n/a),0.2147035458944175,,0.215 (n=1; std n/a),0.4579366612585168,,0.458 (n=1; std n/a),0.2696589182020218,,0.270 (n=1; std n/a),0.40104742937228,,0.401 (n=1; std n/a),pre_injection_v1,workshop,road_representation_results.csv
fuzzing_attack,one_class_svm,residual,1,0.2539855224067953,,0.254 (n=1; std n/a),0.3044437757046845,,0.304 (n=1; std n/a),0.2178750897343862,,0.218 (n=1; std n/a),0.4669597423474007,,0.467 (n=1; std n/a),0.2505047109125857,,0.251 (n=1; std n/a),0.4018219370067124,,0.402 (n=1; std n/a),pre_injection_v1,workshop,road_representation_results.csv
max_engine_coolant_temp_attack,autoencoder,residual,1,0.2113989637305699,,0.211 (n=1; std n/a),1.0,,1.000 (n=1; std n/a),0.1181923522595596,,0.118 (n=1; std n/a),1.0,,1.000 (n=1; std n/a),1.0,,1.000 (n=1; std n/a),0.0547876169906407,,0.055 (n=1; std n/a),pre_injection_v1,workshop,road_representation_results.csv
max_engine_coolant_temp_attack,elliptic_envelope,residual,1,0.2172523961661341,,0.217 (n=1; std n/a),1.0,,1.000 (n=1; std n/a),0.1218637992831541,,0.122 (n=1; std n/a),1.0,,1.000 (n=1; std n/a),1.0,,1.000 (n=1; std n/a),0.0529157667386609,,0.053 (n=1; std n/a),pre_injection_v1,workshop,road_representation_results.csv
max_engine_coolant_temp_attack,hbos,residual,1,0.2639068564036222,,0.264 (n=1; std n/a),1.0,,1.000 (n=1; std n/a),0.1520119225037257,,0.152 (n=1; std n/a),1.0,,1.000 (n=1; std n/a),1.0,,1.000 (n=1; std n/a),0.0409647228221742,,0.041 (n=1; std n/a),pre_injection_v1,workshop,road_representation_results.csv
max_engine_coolant_temp_attack,isolation_forest,residual,1,0.2659713168187744,,0.266 (n=1; std n/a),1.0,,1.000 (n=1; std n/a),0.1533834586466165,,0.153 (n=1; std n/a),1.0,,1.000 (n=1; std n/a),1.0,,1.000 (n=1; std n/a),0.0405327573794096,,0.041 (n=1; std n/a),pre_injection_v1,workshop,road_representation_results.csv
max_engine_coolant_temp_attack,lof,residual,1,0.1783216783216783,,0.178 (n=1; std n/a),1.0,,1.000 (n=1; std n/a),0.0978886756238003,,0.098 (n=1; std n/a),1.0,,1.000 (n=1; std n/a),1.0,,1.000 (n=1; std n/a),0.0676745860331173,,0.068 (n=1; std n/a),pre_injection_v1,workshop,road_representation_results.csv
max_engine_coolant_temp_attack,one_class_svm,residual,1,0.1702838063439065,,0.170 (n=1; std n/a),1.0,,1.000 (n=1; std n/a),0.0930656934306569,,0.093 (n=1; std n/a),0.9909647228221742,,0.991 (n=1; std n/a),0.2889518413597733,,0.289 (n=1; std n/a),0.0715622750179985,,0.072 (n=1; std n/a),pre_injection_v1,workshop,road_representation_results.csv
max_speedometer_attack,autoencoder,residual,1,0.1786207397718189,,0.179 (n=1; std n/a),1.0,,1.000 (n=1; std n/a),0.0980689435046281,,0.098 (n=1; std n/a),0.8607448057200894,,0.861 (n=1; std n/a),0.1923644272596353,,0.192 (n=1; std n/a),0.6707713306529383,,0.671 (n=1; std n/a),pre_injection_v1,workshop,road_representation_results.csv
max_speedometer_attack,elliptic_envelope,residual,1,0.1834602179429765,,0.183 (n=1; std n/a),1.0,,1.000 (n=1; std n/a),0.1009943298545484,,0.101 (n=1; std n/a),0.8501132755195674,,0.850 (n=1; std n/a),0.1832690748444026,,0.183 (n=1; std n/a),0.6492292627924573,,0.649 (n=1; std n/a),pre_injection_v1,workshop,road_representation_results.csv
max_speedometer_attack,hbos,residual,1,0.2603399883493089,,0.260 (n=1; std n/a),1.0,,1.000 (n=1; std n/a),0.1496499238964992,,0.150 (n=1; std n/a),0.9886105714619616,,0.989 (n=1; std n/a),0.8609048457524776,,0.861 (n=1; std n/a),0.4144325920211266,,0.414 (n=1; std n/a),pre_injection_v1,workshop,road_representation_results.csv
max_speedometer_attack,isolation_forest,residual,1,0.252659711157938,,0.253 (n=1; std n/a),1.0,,1.000 (n=1; std n/a),0.1445967409847638,,0.145 (n=1; std n/a),0.995111716880384,,0.995 (n=1; std n/a),0.9176592364789032,,0.918 (n=1; std n/a),0.4314644748750055,,0.431 (n=1; std n/a),pre_injection_v1,workshop,road_representation_results.csv
max_speedometer_attack,lof,residual,1,0.1791708428246013,,0.179 (n=1; std n/a),1.0,,1.000 (n=1; std n/a),0.0984006885646229,,0.098 (n=1; std n/a),0.8542455706501996,,0.854 (n=1; std n/a),0.1870829733314933,,0.187 (n=1; std n/a),0.6682640238565049,,0.668 (n=1; std n/a),pre_injection_v1,workshop,road_representation_results.csv
max_speedometer_attack,one_class_svm,residual,1,0.1748719408081958,,0.175 (n=1; std n/a),1.0,,1.000 (n=1; std n/a),0.0958135183597099,,0.096 (n=1; std n/a),0.8551473970001335,,0.855 (n=1; std n/a),0.2011209753303604,,0.201 (n=1; std n/a),0.6882779698233016,,0.688 (n=1; std n/a),pre_injection_v1,workshop,road_representation_results.csv
reverse_light_off_attack,autoencoder,residual,1,0.5429023329379201,,0.543 (n=1; std n/a),1.0,,1.000 (n=1; std n/a),0.3725915875169606,,0.373 (n=1; std n/a),0.9925590460600404,,0.993 (n=1; std n/a),0.7072908707675953,,0.707 (n=1; std n/a),0.0874035989717223,,0.087 (n=1; std n/a),pre_injection_v1,workshop,road_representation_results.csv
reverse_light_off_attack,elliptic_envelope,residual,1,0.591937917654667,,0.592 (n=1; std n/a),1.0,,1.000 (n=1; std n/a),0.4203919167176975,,0.420 (n=1; std n/a),0.990711149737176,,0.991 (n=1; std n/a),0.665386880699311,,0.665 (n=1; std n/a),0.0715635868743384,,0.072 (n=1; std n/a),pre_injection_v1,workshop,road_representation_results.csv
reverse_light_off_attack,hbos,residual,1,0.5566632756866734,,0.557 (n=1; std n/a),0.9963583394027676,,0.996 (n=1; std n/a),0.3862224731789949,,0.386 (n=1; std n/a),0.991388846639336,,0.991 (n=1; std n/a),0.7975718016510704,,0.798 (n=1; std n/a),0.0821866021472856,,0.082 (n=1; std n/a),pre_injection_v1,workshop,road_representation_results.csv
reverse_light_off_attack,isolation_forest,residual,1,0.711040676175383,,0.711 (n=1; std n/a),0.9803350327749454,,0.980 (n=1; std n/a),0.5578118524658102,,0.558 (n=1; std n/a),0.9864015668447096,,0.986 (n=1; std n/a),0.6273951537411343,,0.627 (n=1; std n/a),0.0403372145773476,,0.040 (n=1; std n/a),pre_injection_v1,workshop,road_representation_results.csv
reverse_light_off_attack,lof,residual,1,0.4957573569236324,,0.496 (n=1; std n/a),1.0,,1.000 (n=1; std n/a),0.3295727316370619,,0.330 (n=1; std n/a),0.9921116168697712,,0.992 (n=1; std n/a),0.6980921030126103,,0.698 (n=1; std n/a),0.1055874792076213,,0.106 (n=1; std n/a),pre_injection_v1,workshop,road_representation_results.csv
reverse_light_off_attack,one_class_svm,residual,1,0.5024702653247941,,0.502 (n=1; std n/a),1.0,,1.000 (n=1; std n/a),0.3355327468230694,,0.336 (n=1; std n/a),0.9897947046190884,,0.990 (n=1; std n/a),0.7195824954485244,,0.720 (n=1; std n/a),0.1027899591713292,,0.103 (n=1; std n/a),pre_injection_v1,workshop,road_representation_results.csv
reverse_light_on_attack,autoencoder,residual,1,0.7139723906592699,,0.714 (n=1; std n/a),1.0,,1.000 (n=1; std n/a),0.5551765650080257,,0.555 (n=1; std n/a),0.9963452615521516,,0.996 (n=1; std n/a),0.8662916319322027,,0.866 (n=1; std n/a),0.0704570012076527,,0.070 (n=1; std n/a),pre_injection_v1,workshop,road_representation_results.csv
reverse_light_on_attack,elliptic_envelope,residual,1,0.7695730774579335,,0.770 (n=1; std n/a),1.0,,1.000 (n=1; std n/a),0.6254520795660036,,0.625 (n=1; std n/a),0.9963442852860084,,0.996 (n=1; std n/a),0.8662813573124564,,0.866 (n=1; std n/a),0.0526600139833471,,0.053 (n=1; std n/a),pre_injection_v1,workshop,road_representation_results.csv
reverse_light_on_attack,hbos,residual,1,0.7571487207552332,,0.757 (n=1; std n/a),1.0,,1.000 (n=1; std n/a),0.6092029942756495,,0.609 (n=1; std n/a),0.9866863484983912,,0.987 (n=1; std n/a),0.7502860338436459,,0.750 (n=1; std n/a),0.0564100934341829,,0.056 (n=1; std n/a),pre_injection_v1,workshop,road_representation_results.csv
reverse_light_on_attack,isolation_forest,residual,1,0.7767017543859649,,0.777 (n=1; std n/a),1.0,,1.000 (n=1; std n/a),0.6349242771913722,,0.635 (n=1; std n/a),0.992754313482642,,0.993 (n=1; std n/a),0.8179747708366609,,0.818 (n=1; std n/a),0.0505625119176253,,0.051 (n=1; std n/a),pre_injection_v1,workshop,road_representation_results.csv
reverse_light_on_attack,lof,residual,1,0.7858562908264698,,0.786 (n=1; std n/a),1.0,,1.000 (n=1; std n/a),0.6472514619883041,,0.647 (n=1; std n/a),0.9963452615521516,,0.996 (n=1; std n/a),0.8662916319322027,,0.866 (n=1; std n/a),0.0479247441683086,,0.048 (n=1; std n/a),pre_injection_v1,workshop,road_representation_results.csv
reverse_light_on_attack,one_class_svm,residual,1,0.6624371558534834,,0.662 (n=1; std n/a),1.0,,1.000 (n=1; std n/a),0.4952568462502237,,0.495 (n=1; std n/a),0.9926746329371384,,0.993 (n=1; std n/a),0.8571871127633209,,0.857 (n=1; std n/a),0.0896205428081103,,0.090 (n=1; std n/a),pre_injection_v1,workshop,road_representation_results.csv
