experiment,capture,attack_type,representation,detector,seed,protocol,n_pre,n_test,n_test_attack,precision,recall,f1,roc_auc,pr_auc,fpr,threshold,n_train_normals,train_seconds,score_seconds,runtime_seconds,peak_rss_mb,model_bytes,tp,fp,fn,tn,precision_point,precision_ci_low,precision_ci_high,precision_mean,precision_std,recall_point,recall_ci_low,recall_ci_high,recall_mean,recall_std,f1_point,f1_ci_low,f1_ci_high,f1_mean,f1_std,roc_auc_point,roc_auc_ci_low,roc_auc_ci_high,roc_auc_mean,roc_auc_std,pr_auc_point,pr_auc_ci_low,pr_auc_ci_high,pr_auc_mean,pr_auc_std,fpr_point,fpr_ci_low,fpr_ci_high,fpr_mean,fpr_std,error,protocol_version,n_captures,phase
road_representation,correlated_signal_attack_1,correlated_signal_attack,raw,isolation_forest,0.0,pre_injection_v1,19585.0,39473.0,3211.0,0.0,0.0,0.0,0.8033469812529632,0.1653907125083738,0.014422811758866,0.7014620518437052,15668.0,0.9054258999995,0.6368567999998049,1.542282699999305,280.28515625,2553103.0,0.0,523.0,3211.0,35739.0,0.0,0.0,0.0,0.0,0.0,0.0,0.0,0.0,0.0,0.0,0.0,0.0,0.0,0.0,0.0,0.8033469812529632,0.7977851923732854,0.8095285952991266,0.8032515394654778,0.0029228397666333,0.1653907125083738,0.1603079607668988,0.1702703490952727,0.165330966526192,0.002539610087905,0.014422811758866,0.0130842335335992,0.0159266539701625,0.0144829107355302,0.000747501146768,,pre_injection_v1,1,B
road_representation,correlated_signal_attack_1,correlated_signal_attack,raw,one_class_svm,0.0,pre_injection_v1,19585.0,39473.0,3211.0,0.0,0.0,0.0,0.7810214085897332,0.2133434258810177,0.0153328553306491,15.161593727145831,15668.0,0.1213657999996939,1.235981100000572,1.357346900000266,280.015625,29882.0,0.0,556.0,3211.0,35706.0,0.0,0.0,0.0,0.0,0.0,0.0,0.0,0.0,0.0,0.0,0.0,0.0,0.0,0.0,0.0,0.7810214085897332,0.7690459971079119,0.7925083416450645,0.7808011223832049,0.0058743847759562,0.2133434258810177,0.1992644404261282,0.2271988457219775,0.2129673352110384,0.0074242058785644,0.0153328553306491,0.013742042470867,0.0170763867130744,0.0153805462203636,0.0008315996659909,,pre_injection_v1,1,B
road_representation,correlated_signal_attack_1,correlated_signal_attack,raw,lof,0.0,pre_injection_v1,19585.0,39473.0,3211.0,0.0,0.0,0.0,0.4853589935223668,0.0715462813685429,0.0147813137719927,3627.5529035979534,15668.0,0.1487857000001895,0.7279090000001815,0.8766947000003711,281.60546875,2514956.0,0.0,536.0,3211.0,35726.0,0.0,0.0,0.0,0.0,0.0,0.0,0.0,0.0,0.0,0.0,0.0,0.0,0.0,0.0,0.0,0.4853589935223668,0.4700375711249668,0.5002896704612267,0.4849461493648616,0.0073407817716451,0.0715462813685429,0.0694346056260295,0.0739587640885617,0.0715293532764683,0.0011291630913962,0.0147813137719927,0.013420904477191,0.0164247268861946,0.0148399434425983,0.0007930941932867,,pre_injection_v1,1,B
road_representation,correlated_signal_attack_1,correlated_signal_attack,raw,hbos,0.0,pre_injection_v1,19585.0,39473.0,3211.0,0.0,0.0,0.0,0.3934024670895357,0.0702276339492786,0.0137333848105454,35.34406106070503,15668.0,0.0100225000005593,0.0294244999995498,0.0394470000001092,284.9375,3711.0,0.0,498.0,3211.0,35764.0,0.0,0.0,0.0,0.0,0.0,0.0,0.0,0.0,0.0,0.0,0.0,0.0,0.0,0.0,0.0,0.3934024670895357,0.3789587927328665,0.4073974516217143,0.3927701978139157,0.0070319655704279,0.0702276339492786,0.0679806360791015,0.0728096145582257,0.0702050959201268,0.001249921384146,0.0137333848105454,0.0122517416917468,0.0151539676797734,0.0137705365390219,0.000744061625731,,pre_injection_v1,1,B
road_representation,correlated_signal_attack_1,correlated_signal_attack,raw,elliptic_envelope,0.0,pre_injection_v1,19585.0,39473.0,3211.0,0.0,0.0,0.0,0.7711709811295664,0.1478863437300506,0.0178423694225359,2663.158922628631,15668.0,0.8954321000001073,0.0243430999998963,0.9197752000000036,284.30078125,66831.0,0.0,647.0,3211.0,35615.0,0.0,0.0,0.0,0.0,0.0,0.0,0.0,0.0,0.0,0.0,0.0,0.0,0.0,0.0,0.0,0.7711709811295664,0.7644164468522733,0.7778063586116062,0.7710140072476834,0.0033393865544166,0.1478863437300506,0.1435480813922243,0.1520096125208567,0.1478438572905792,0.0021533366565489,0.0178423694225359,0.0163935528271434,0.0194128800756538,0.0179125627144285,0.0008048321092823,,pre_injection_v1,1,B
road_representation,correlated_signal_attack_1,correlated_signal_attack,raw,autoencoder,0.0,pre_injection_v1,19585.0,39473.0,3211.0,0.0,0.0,0.0,0.7739739579286984,0.2196593399617558,0.0098450168220175,0.3710950894041608,15668.0,1.9921519999998047,0.0233377999993535,2.015489799999159,293.89453125,18610.0,0.0,357.0,3211.0,35905.0,0.0,0.0,0.0,0.0,0.0,0.0,0.0,0.0,0.0,0.0,0.0,0.0,0.0,0.0,0.0,0.7739739579286984,0.7608143246391176,0.7859882047565859,0.7734730144334208,0.0065267427223719,0.2196593399617558,0.2043509262090974,0.235061600488997,0.2193236065820204,0.008230636300146,0.0098450168220175,0.008935958960781,0.0107121579291885,0.0098377771711049,0.0004524596437715,,pre_injection_v1,1,B
road_representation,correlated_signal_attack_1,correlated_signal_attack,residual,isolation_forest,0.0,pre_injection_v1,19585.0,39473.0,3211.0,0.3639049892033185,0.9971971348489568,0.5332223147377185,0.9587219839088996,0.4884714862522645,0.154348905190006,0.6043371760955579,15668.0,0.7346450999993976,0.6605388999996649,1.3951839999990625,293.38671875,1921791.0,3202.0,5597.0,9.0,30665.0,0.3639049892033185,0.3552417789540177,0.3737785402134413,0.3638892620036023,0.004763814298496,0.9971971348489568,0.9951826373172856,0.9996879460713004,0.997986821941513,0.0011052767230723,0.5332223147377185,0.524029165544867,0.5440688934121086,0.5333001925620247,0.0051163252808825,0.9587219839088996,0.9567908083494404,0.9610894132944549,0.9589017546767434,0.0011824331582111,0.4884714862522645,0.474192473308098,0.5049596660681612,0.4890204234638006,0.0083839112344279,0.154348905190006,0.1487160905911425,0.1594241857168334,0.1544185147500633,0.0027766783524952,,pre_injection_v1,1,B
road_representation,correlated_signal_attack_1,correlated_signal_attack,residual,one_class_svm,0.0,pre_injection_v1,19585.0,39473.0,3211.0,0.2041322314049586,1.0,0.3390528483184625,0.9451452370727788,0.4472501846119466,0.3452374386410016,3.542119642401649,15668.0,0.1030892000007952,1.8712787000004028,1.974367900001198,292.84375,35418.0,3211.0,12519.0,0.0,23743.0,0.2041322314049586,0.1985176251924954,0.2084511853804397,0.2039479594115476,0.0026287603028274,1.0,1.0,1.0,1.0,0.0,0.3390528483184625,0.3312719279896133,0.344989003088456,0.3387907056245288,0.0036291458292472,0.9451452370727788,0.9433999477146722,0.9469700686766626,0.9452767179393676,0.0009379053597773,0.4472501846119466,0.4368958484594106,0.4560814490901107,0.4473135807270372,0.0048025395474526,0.3452374386410016,0.3374535533533347,0.3548128908463174,0.3454696793546168,0.0045787071208711,,pre_injection_v1,1,B
road_representation,correlated_signal_attack_1,correlated_signal_attack,residual,lof,0.0,pre_injection_v1,19585.0,39473.0,3211.0,0.2290179845846417,0.999377141077546,0.3726412355571039,0.9413699728923594,0.3912740979661452,0.2979151729082786,2.222057896237841,15668.0,1.3639737999992576,7.355604400000629,8.719578199999887,296.42578125,2514956.0,3209.0,10803.0,2.0,25459.0,0.2290179845846417,0.2230307338103489,0.234565207780368,0.2289329921844584,0.0029856307884324,0.999377141077546,0.9993728342569904,1.0,0.999915809846979,0.0001846444440926,0.3726412355571039,0.3647181180736168,0.3799964270027948,0.3725565343502854,0.0039563784094832,0.9413699728923594,0.9388393632150605,0.943917234261634,0.9415210266733351,0.0013231610268631,0.3912740979661452,0.3812982188620733,0.4010355930120378,0.3914914036827519,0.0052690630000237,0.2979151729082786,0.289866284564611,0.3061325465949779,0.2980844771513558,0.0041719427790885,,pre_injection_v1,1,B
road_representation,correlated_signal_attack_1,correlated_signal_attack,residual,hbos,0.0,pre_injection_v1,19585.0,39473.0,3211.0,0.3004311961004874,0.9981314232326378,0.4618488363714965,0.932855698229026,0.3948211895595265,0.2058077326126523,24.750427067667577,15668.0,0.0148609999996551,0.038320499999827,0.0531814999994821,294.765625,3711.0,3205.0,7463.0,6.0,28799.0,0.3004311961004874,0.2931101006655397,0.3076930284040534,0.3004874642342185,0.0036928932122069,0.9981314232326378,0.996579439480048,1.0,0.9987117193479814,0.0009303773713102,0.4618488363714965,0.4530533117291119,0.4704548009709088,0.4619649718032482,0.0043672686535273,0.932855698229026,0.9305281801902346,0.9362307471046122,0.9331204776178624,0.00141534921341,0.3948211895595265,0.3828696105490116,0.4079146460770851,0.3954589038137704,0.0066766140594841,0.2058077326126523,0.1995437198787037,0.2115067334428347,0.205778130581771,0.003038236796932,,pre_injection_v1,1,B
road_representation,correlated_signal_attack_1,correlated_signal_attack,residual,elliptic_envelope,0.0,pre_injection_v1,19585.0,39473.0,3211.0,0.3345503859795535,0.998754282155092,0.501211221380011,0.941373648690975,0.3912366258027197,0.175914180133473,344.3987229819849,15668.0,0.9329374000008102,0.0154462999998941,0.9483837000007044,290.265625,66831.0,3207.0,6379.0,4.0,29883.0,0.3345503859795535,0.3271478706226601,0.3418221160404557,0.3344767379602022,0.0037923613597822,0.998754282155092,0.99812330361553,1.0,0.9995866630916423,0.0005498427732135,0.501211221380011,0.4929907326638811,0.5094704327950853,0.5012211876955986,0.0042629549143893,0.941373648690975,0.9388179865315216,0.943897971878955,0.9415087694867508,0.0013219778019245,0.3912366258027197,0.3812489570895118,0.4009963213735484,0.3914432030873416,0.0052667147934792,0.175914180133473,0.1711186161614331,0.1811107547627862,0.1760344261459075,0.0024796222858755,,pre_injection_v1,1,B
road_representation,correlated_signal_attack_1,correlated_signal_attack,residual,autoencoder,0.0,pre_injection_v1,19585.0,39473.0,3211.0,0.3250937088440887,0.999377141077546,0.4905977679253936,0.9414995018519928,0.3914769002776515,0.1837184931884617,3.373503000305952,15668.0,2.071712399999342,0.0304033000002164,2.1021156999995583,296.33984375,18610.0,3209.0,6662.0,2.0,29600.0,0.3250937088440887,0.3173271596407123,0.3322112323430106,0.325151063622304,0.0038870913440384,0.999377141077546,0.9993728342569904,1.0,0.999915809846979,0.0001846444440926,0.4905977679253936,0.4817565849770031,0.4987165841204627,0.4907150107812064,0.0044301205009214,0.9414995018519928,0.9388860198677256,0.9439863063855028,0.9416085804163892,0.001319153827738,0.3914769002776515,0.3815106855544881,0.4012512450423892,0.3916612597134215,0.0052706762704853,0.1837184931884617,0.1784804218540003,0.1895176057017905,0.1836837635878864,0.0026781568397848,,pre_injection_v1,1,B
road_representation,fuzzing_attack_1,fuzzing_attack,raw,isolation_forest,0.0,pre_injection_v1,8885.0,37083.0,9969.0,0.6666666666666666,0.0589828468251579,0.1083771081006358,0.5884999195669888,0.3815182722011778,0.0108431068820535,0.6978249811066671,7108.0,0.2616298000002643,0.29010610000023,0.5517359000004944,287.15625,2518431.0,588.0,294.0,9381.0,26820.0,0.6666666666666666,0.6203886554621849,0.7040573520439292,0.6642062076793124,0.0214564619649179,0.0589828468251579,0.0519779549820336,0.0664630556304498,0.0588307020490139,0.0039065999676202,0.1083771081006358,0.0963927857881424,0.1209840697308876,0.1080566405919519,0.0067030864410881,0.5884999195669888,0.5779492569098039,0.6006875208696869,0.5888049944925374,0.0061207718558658,0.3815182722011778,0.3521532480837946,0.4057727568451014,0.3804157073860327,0.013231901181286,0.0108431068820535,0.0093799843009966,0.0122357917905801,0.0108497080638493,0.0007491955961479,,pre_injection_v1,1,B
road_representation,fuzzing_attack_1,fuzzing_attack,raw,one_class_svm,0.0,pre_injection_v1,8885.0,37083.0,9969.0,0.6730769230769231,0.1018156284481894,0.1768754901106561,0.6103096999829072,0.4018935214221622,0.0181824887511986,5.620530969702008,7108.0,0.0392699000003631,0.4628929999998945,0.5021629000002577,286.83203125,30538.0,1015.0,493.0,8954.0,26621.0,0.6730769230769231,0.6402543411662047,0.7062558654748534,0.6725323721422738,0.0170051587710726,0.1018156284481894,0.0937589899317352,0.1101015786827099,0.1019425298824347,0.0044431109125762,0.1768754901106561,0.1642699934878795,0.1893872006124564,0.1770031592164391,0.006811391493231,0.6103096999829072,0.6000306246227832,0.6191684778979185,0.6102291495076382,0.0047023894242267,0.4018935214221622,0.375201319906811,0.4253953980782111,0.4009061255590033,0.0130477852556343,0.0181824887511986,0.0162974433905765,0.0199435703645327,0.0181198910722712,0.000937633808132,,pre_injection_v1,1,B
road_representation,fuzzing_attack_1,fuzzing_attack,raw,lof,0.0,pre_injection_v1,8885.0,37083.0,9969.0,0.2183588317107093,0.0157488213461731,0.02937874251497,0.4787004351684513,0.2527889394914327,0.0207272995500479,99311.51611674463,7108.0,0.0647466999998869,0.3193555000007109,0.3841022000005978,286.125,2514956.0,157.0,562.0,9812.0,26552.0,0.2183588317107093,0.1831081625662415,0.2511695796431756,0.2169234284138209,0.0182018914144892,0.0157488213461731,0.0135853460553764,0.0179291385916683,0.0157080651776112,0.0012170693032589,0.02937874251497,0.0253956867391953,0.0333432240931609,0.0292875819381844,0.0022350842014663,0.4787004351684513,0.4714596465823695,0.4853901233103833,0.4785647230884482,0.0035965297705773,0.2527889394914327,0.2276670342857417,0.2746144039603336,0.2517489008449232,0.0121971273333232,0.0207272995500479,0.0192401842947286,0.022289550818599,0.0207331093051571,0.000791349009047,,pre_injection_v1,1,B
road_representation,fuzzing_attack_1,fuzzing_attack,raw,hbos,0.0,pre_injection_v1,8885.0,37083.0,9969.0,0.5354545454545454,0.0590831577891463,0.1064233444755623,0.6018701920040049,0.3699985998612879,0.0188463524378549,22.96989218418301,7108.0,0.002897600000324,0.0121467999997548,0.0150444000000788,290.125,3711.0,589.0,511.0,9380.0,26603.0,0.5354545454545454,0.4876208367543641,0.5766085965483556,0.5313934064181999,0.0223826430000991,0.0590831577891463,0.0517702076465045,0.0655652304264415,0.0587606987633144,0.0036855749354754,0.1064233444755623,0.093571374782357,0.1175002368124634,0.105792266634668,0.0062234745708199,0.6018701920040049,0.5925665038822332,0.6116235372541797,0.6021747356383579,0.0051329331834095,0.3699985998612879,0.3390574340342878,0.395338463807359,0.3685488465948647,0.0136521983253471,0.0188463524378549,0.0176703323035599,0.0202652826901342,0.0188995312123849,0.0007214210101099,,pre_injection_v1,1,B
road_representation,fuzzing_attack_1,fuzzing_attack,raw,elliptic_envelope,0.0,pre_injection_v1,8885.0,37083.0,9969.0,0.5604053000779423,0.1442471662152673,0.2294375747905863,0.603667278425182,0.4233639154281742,0.0416021243637973,629.7943191370695,7108.0,0.3237689000006867,0.00838449999992,0.3321534000006068,284.390625,66831.0,1438.0,1128.0,8531.0,25986.0,0.5604053000779423,0.5226685908865718,0.5919605382792696,0.559527068651478,0.01749166691297,0.1442471662152673,0.1339145771474332,0.1558048672004066,0.1443042117256012,0.0054236461959054,0.2294375747905863,0.215423284247201,0.2447183921208467,0.2293691401090431,0.0073638954509837,0.603667278425182,0.5944827836920423,0.6158952902965553,0.6041297680899143,0.0056443710354505,0.4233639154281742,0.3941437179914037,0.4490027608834938,0.4226942596629019,0.0135004401712523,0.0416021243637973,0.0392027513030101,0.0438391715164678,0.041472345488983,0.0012334313720265,,pre_injection_v1,1,B
road_representation,fuzzing_attack_1,fuzzing_attack,raw,autoencoder,0.0,pre_injection_v1,8885.0,37083.0,9969.0,0.7234299516908212,0.0600862674290299,0.1109567472446049,0.5893287040382093,0.3904966435782715,0.0084458213469056,0.2752747671149734,7108.0,6.02706710000075,0.0435304000002361,6.070597500000986,290.38671875,18610.0,599.0,229.0,9370.0,26885.0,0.7234299516908212,0.6826053164955628,0.7578262721823952,0.7214104649105929,0.0201985498048968,0.0600862674290299,0.0534567137874326,0.0663650821390428,0.0599569287930581,0.0034615221935177,0.1109567472446049,0.0993377099374075,0.1217413034813928,0.1106898822925356,0.0059980761908052,0.5893287040382093,0.5816064316396781,0.5963942000319193,0.5894526842088459,0.0036739270799272,0.3904966435782715,0.3616601044981135,0.4171133915107141,0.3894158624355568,0.0142336098292676,0.0084458213469056,0.0073392168285616,0.0094437354966862,0.0084426861987255,0.0005517092471809,,pre_injection_v1,1,B
road_representation,fuzzing_attack_1,fuzzing_attack,residual,isolation_forest,0.0,pre_injection_v1,8885.0,37083.0,9969.0,0.2503961965134706,0.1743404554117765,0.205558840922531,0.5020197394692596,0.2896731541448164,0.1918934867596075,0.6121235003035682,7108.0,0.5883386000004975,0.669946500000151,1.2582851000006483,290.58203125,2165199.0,1738.0,5203.0,8231.0,21911.0,0.2503961965134706,0.2204206416907966,0.27545663354743,0.2490371834542229,0.0136768403151251,0.1743404554117765,0.162515723715619,0.185780621058376,0.1741124753716126,0.0061070306515912,0.205558840922531,0.1904583144092289,0.2189855369794268,0.2047964983537158,0.0072553612462281,0.5020197394692596,0.4884866406568878,0.5149241743293235,0.5020530174729758,0.0063468653248807,0.2896731541448164,0.261404205672442,0.3150072290579717,0.2888320002803546,0.0135372285319185,0.1918934867596075,0.184943135090798,0.1989302076256643,0.191953775352079,0.0034650195549635,,pre_injection_v1,1,B
road_representation,fuzzing_attack_1,fuzzing_attack,residual,one_class_svm,0.0,pre_injection_v1,8885.0,37083.0,9969.0,0.2178750897343862,0.3044437757046845,0.2539855224067953,0.4669597423474007,0.2505047109125857,0.4018219370067124,6.17878135597746,7108.0,0.0617706000002726,0.741589400000521,0.8033600000007937,290.7265625,35034.0,3035.0,10895.0,6934.0,16219.0,0.2178750897343862,0.1932968694495856,0.2412485903542352,0.2170867814817325,0.012087086601989,0.3044437757046845,0.2878196259418435,0.3200573691397916,0.3047076371921163,0.0086444146379985,0.2539855224067953,0.2344643287536518,0.2711040224723144,0.2533646372722833,0.0096554977867311,0.4669597423474007,0.4549295901356106,0.4784657953588939,0.4671241794629573,0.005933847962093,0.2505047109125857,0.2237910870363264,0.2737288384058134,0.2496623533324501,0.0127128248373148,0.4018219370067124,0.3915550417692779,0.4115163349465872,0.4018512972840799,0.0047584312506681,,pre_injection_v1,1,B
road_representation,fuzzing_attack_1,fuzzing_attack,residual,lof,0.0,pre_injection_v1,8885.0,37083.0,9969.0,0.2147035458944175,0.2982244959374059,0.2496640913671481,0.4579366612585168,0.2696589182020218,0.40104742937228,2.196660259405696,7108.0,0.3998375000001033,2.4824114000002737,2.882248900000377,292.54296875,2514956.0,2973.0,10874.0,6996.0,16240.0,0.2147035458944175,0.191638344473396,0.2376457606687971,0.2140102040216273,0.0117430813679457,0.2982244959374059,0.2836459218586108,0.3127856510404937,0.2985214301850995,0.0082127751829445,0.2496640913671481,0.230619341846569,0.2658235835052088,0.2491254899564327,0.0092487916310325,0.4579366612585168,0.447259973372168,0.4692754866276195,0.4580321125665722,0.0057914489148972,0.2696589182020218,0.2427611160797579,0.2943033107593749,0.2688160304930251,0.0129675305680986,0.40104742937228,0.391149716803683,0.4105207961812264,0.4009175164577973,0.0047104725493084,,pre_injection_v1,1,B
road_representation,fuzzing_attack_1,fuzzing_attack,residual,hbos,0.0,pre_injection_v1,8885.0,37083.0,9969.0,0.2299186578546009,0.1814625338549503,0.2028367999102988,0.4874200583881287,0.2848192963507998,0.2234638931917091,24.333740500235283,7108.0,0.0022688999997626,0.0115136000003985,0.0137825000001612,291.80859375,3711.0,1809.0,6059.0,8160.0,21055.0,0.2299186578546009,0.2043712555985557,0.2541257751591402,0.2291482562402677,0.0127524770113302,0.1814625338549503,0.1701974326772366,0.1924261262046045,0.1816490461402259,0.005687861893568,0.2028367999102988,0.189393057262906,0.2154546990386007,0.2025037542614444,0.0069660680703966,0.4874200583881287,0.4757682159915007,0.4982439181205301,0.4875377017210891,0.0058250074205998,0.2848192963507998,0.2580577363725623,0.3116537372290528,0.2841538245008251,0.0137109924736933,0.2234638931917091,0.2164647095890072,0.2309260523584785,0.2234486865742431,0.0038870409189949,,pre_injection_v1,1,B
road_representation,fuzzing_attack_1,fuzzing_attack,residual,elliptic_envelope,0.0,pre_injection_v1,8885.0,37083.0,9969.0,0.2221432519939982,0.2821747416992677,0.2485860728172498,0.4858131906187339,0.2771074165355248,0.3632809618647193,175.86150596703638,7108.0,0.3535317999994731,0.0086527000003115,0.3621844999997847,286.4453125,66831.0,2813.0,9850.0,7156.0,17264.0,0.2221432519939982,0.1978410531749208,0.2446004552090299,0.2215076254098637,0.0121413897220678,0.2821747416992677,0.2664781414266614,0.2978452000727715,0.2825737639216826,0.0084247961506517,0.2485860728172498,0.2308947056974525,0.2657717941779037,0.2481654199585986,0.0091690814981688,0.4858131906187339,0.4728415631811331,0.4976571026974358,0.4861189205118673,0.0061417329159588,0.2771074165355248,0.2490869959540422,0.3023320792170604,0.2762918119001097,0.0130548601114054,0.3632809618647193,0.3527272942795055,0.3738424627740657,0.3631378283923696,0.0050527982189973,,pre_injection_v1,1,B
road_representation,fuzzing_attack_1,fuzzing_attack,residual,autoencoder,0.0,pre_injection_v1,8885.0,37083.0,9969.0,0.2217650855114553,0.2757548400040124,0.2458305387882852,0.4586509393991921,0.26700320955197,0.3557940547318728,1.6628950320162823,7108.0,0.7363160000004427,0.0139965000007578,0.7503125000012005,291.91015625,18610.0,2749.0,9647.0,7220.0,17467.0,0.2217650855114553,0.1964881445795265,0.2461178791522041,0.2209693071983525,0.0126002493911804,0.2757548400040124,0.2614013937205365,0.2912678977142234,0.2759692599879901,0.0079585471861687,0.2458305387882852,0.2262023900738561,0.2635776565648157,0.2452605620288552,0.0095097655275102,0.4586509393991921,0.4473844593047463,0.4692137748244733,0.4587518185702496,0.0055320058744689,0.26700320955197,0.2396275233498329,0.2919003449542489,0.2661569704078464,0.0132230597448943,0.3557940547318728,0.3484149730516966,0.363033089762241,0.3557929157348229,0.0034865005085646,,pre_injection_v1,1,B
road_representation,max_engine_coolant_temp_attack,max_engine_coolant_temp_attack,raw,isolation_forest,0.0,pre_injection_v1,44985.0,13992.0,102.0,0.0,0.0,0.0,0.9766646903541836,0.1317756151513099,0.0095752339812814,0.7399429384669817,35988.0,1.22825499999999,0.2472422999999253,1.4754972999999154,311.08203125,2425327.0,0.0,133.0,102.0,13757.0,0.0,0.0,0.0,0.0,0.0,0.0,0.0,0.0,0.0,0.0,0.0,0.0,0.0,0.0,0.0,0.9766646903541836,0.9739013596618968,0.9795102868139894,0.9768037991647274,0.0014498105471911,0.1317756151513099,0.1088425369870024,0.1559319267428711,0.1328243454043094,0.0124575156313391,0.0095752339812814,0.0073744394332052,0.0113367767987677,0.0094802468632105,0.0009927125685023,,pre_injection_v1,1,B
road_representation,max_engine_coolant_temp_attack,max_engine_coolant_temp_attack,raw,one_class_svm,0.0,pre_injection_v1,44985.0,13992.0,102.0,0.0225563909774436,0.0294117647058823,0.025531914893617,0.9853054108612488,0.183646379597645,0.0093592512598992,20.795589588734217,35988.0,0.1361622999993414,0.5667213000006086,0.7028835999999501,308.6015625,29882.0,3.0,130.0,99.0,13760.0,0.0225563909774436,0.0,0.0508408660920747,0.022597167333493,0.0130164209493296,0.0294117647058823,0.0,0.0640347452664454,0.0293468512251457,0.0166230003218346,0.025531914893617,0.0,0.0562726107928851,0.0254155931849643,0.0143803927971762,0.9853054108612488,0.9831223357461908,0.9876047819077352,0.9854847342775198,0.0012571140798494,0.183646379597645,0.1516695192675448,0.2258172945297659,0.1866272765574974,0.0186997020829957,0.0093592512598992,0.0071211251659685,0.0111970309608165,0.0092609218373478,0.0009874926263185,,pre_injection_v1,1,B
road_representation,max_engine_coolant_temp_attack,max_engine_coolant_temp_attack,raw,lof,0.0,pre_injection_v1,44985.0,13992.0,102.0,0.0,0.0,0.0,0.769781476305425,0.015667424449174,0.0118790496760259,164453.9542607,35988.0,0.106200300000637,0.1965178000000378,0.3027181000006749,312.82421875,2514956.0,0.0,165.0,102.0,13725.0,0.0,0.0,0.0,0.0,0.0,0.0,0.0,0.0,0.0,0.0,0.0,0.0,0.0,0.0,0.0,0.769781476305425,0.7469806415873329,0.7952032596908268,0.7723100833936564,0.012637314032181,0.015667424449174,0.0128327986635357,0.0191458521543084,0.0159515274063782,0.0016347158993724,0.0118790496760259,0.0106157467421338,0.0132375055791626,0.0119020242031682,0.0006868673539165,,pre_injection_v1,1,B
road_representation,max_engine_coolant_temp_attack,max_engine_coolant_temp_attack,raw,hbos,0.0,pre_injection_v1,44985.0,13992.0,102.0,0.0,0.0,0.0,0.8056113158006184,0.0217458281679529,0.0121670266378689,30.27099509783064,35988.0,0.0266203000001041,0.0056887000000642,0.0323090000001684,310.9296875,3711.0,0.0,169.0,102.0,13721.0,0.0,0.0,0.0,0.0,0.0,0.0,0.0,0.0,0.0,0.0,0.0,0.0,0.0,0.0,0.0,0.8056113158006184,0.7927769869308045,0.8158033055393072,0.8040553816656578,0.0059609212857981,0.0217458281679529,0.0183934450158247,0.0253605426287088,0.0217615915610207,0.0018677010831819,0.0121670266378689,0.0096158965055937,0.0146080211177397,0.012036085600306,0.0012186366037256,,pre_injection_v1,1,B
road_representation,max_engine_coolant_temp_attack,max_engine_coolant_temp_attack,raw,elliptic_envelope,0.0,pre_injection_v1,44985.0,13992.0,102.0,0.4106280193236715,0.8333333333333334,0.5501618122977346,0.9924511921399228,0.3000916643442985,0.0087832973362131,8752.18800232582,35988.0,0.9730673000003662,0.0052433999999266,0.9783107000002929,307.1953125,66831.0,85.0,122.0,17.0,13768.0,0.4106280193236715,0.3533312316099202,0.477874057807585,0.414938191454875,0.0315382575785826,0.8333333333333334,0.7476159150712276,0.9068961364293284,0.8326108785361042,0.0394054426984908,0.5501618122977346,0.4900191570881226,0.6132430259169913,0.5531038379370925,0.0315161149935209,0.9924511921399228,0.9912732867736888,0.9939056689786648,0.9925603264163464,0.0006929289312207,0.3000916643442985,0.2623060958714343,0.3640462927798244,0.3050277310820736,0.0265065499620303,0.0087832973362131,0.007021314485966,0.0100480783668276,0.0085419982971954,0.0007695888995185,,pre_injection_v1,1,B
road_representation,max_engine_coolant_temp_attack,max_engine_coolant_temp_attack,raw,autoencoder,0.0,pre_injection_v1,44985.0,13992.0,102.0,0.4285714285714285,0.7352941176470589,0.5415162454873645,0.994719716540324,0.3875786681428715,0.0071994240460763,0.3099119902477599,35988.0,2.156807099999241,0.0084630999999717,2.165270199999213,314.16015625,18610.0,75.0,100.0,27.0,13790.0,0.4285714285714285,0.3602137490858321,0.5,0.4284976589639345,0.0362825455535306,0.7352941176470589,0.6513434973045822,0.8099728726442031,0.7309448725510032,0.0433586401016549,0.5415162454873645,0.4735522566412354,0.6062614329268292,0.5393946330299223,0.0348802894513623,0.994719716540324,0.9937523017950504,0.996039331678728,0.9948069553025036,0.0005863969186248,0.3875786681428715,0.3384089657165112,0.4673775755913128,0.3939076278275814,0.0338953556339811,0.0071994240460763,0.0056110468287693,0.008458778796794,0.0071010226269633,0.0007520107165102,,pre_injection_v1,1,B
road_representation,max_engine_coolant_temp_attack,max_engine_coolant_temp_attack,residual,isolation_forest,0.0,pre_injection_v1,44985.0,13992.0,102.0,0.1533834586466165,1.0,0.2659713168187744,1.0,1.0,0.0405327573794096,0.5672453300694729,35988.0,1.0836606000002575,0.2491761000001133,1.332836700000371,311.10546875,1918799.0,102.0,563.0,0.0,13327.0,0.1533834586466165,0.1286742424242424,0.1804874671322039,0.1524493602119094,0.0130968710805349,1.0,1.0,1.0,1.0,0.0,0.2659713168187744,0.2280095149095234,0.3057846018219218,0.2643421745679711,0.0196833277856,1.0,1.0,1.0,1.0,1.570092458683775e-17,1.0,1.0,1.0,1.0,6.409875621278547e-18,0.0405327573794096,0.0365414735684891,0.0441303672613834,0.0404653284299077,0.0019594776800822,,pre_injection_v1,1,B
road_representation,max_engine_coolant_temp_attack,max_engine_coolant_temp_attack,residual,one_class_svm,0.0,pre_injection_v1,44985.0,13992.0,102.0,0.0930656934306569,1.0,0.1702838063439065,0.9909647228221742,0.2889518413597733,0.0715622750179985,4.431495727576723,35988.0,0.1137814000003345,0.5709664000005432,0.6847478000008778,311.47265625,34234.0,102.0,994.0,0.0,12896.0,0.0930656934306569,0.0763600180529028,0.1087110677623967,0.0924305253068136,0.0086032038511815,1.0,1.0,1.0,1.0,0.0,0.1702838063439065,0.1418856260283253,0.1961031065524547,0.1691066087556993,0.0143944253640608,0.9909647228221742,0.9896788415431056,0.9921401617688124,0.9909324016453668,0.0006344374169681,0.2889518413597733,0.2415460208826884,0.3343276515151514,0.2865342428901687,0.0240234825264301,0.0715622750179985,0.0654797738351968,0.077003762924663,0.0714943281490618,0.0029313701090235,,pre_injection_v1,1,B
road_representation,max_engine_coolant_temp_attack,max_engine_coolant_temp_attack,residual,lof,0.0,pre_injection_v1,44985.0,13992.0,102.0,0.0978886756238003,1.0,0.1783216783216783,1.0,1.0,0.0676745860331173,2.4846439226967707,35988.0,1.1083177999998952,2.8371460999997,3.945463899999595,308.9609375,2514956.0,102.0,940.0,0.0,12950.0,0.0978886756238003,0.0796958635168618,0.113598342139304,0.0970085912207081,0.0087598042660433,1.0,1.0,1.0,1.0,0.0,0.1783216783216783,0.1476265051397843,0.2040202693712769,0.1767440671655443,0.0145473055049262,1.0,1.0,1.0,1.0,2.398355846665908e-17,1.0,0.9999999999999998,1.0000000000000002,1.0,8.927923646162437e-17,0.0676745860331173,0.0627269673844182,0.0734303185029211,0.0677550475542283,0.0026337750897127,,pre_injection_v1,1,B
road_representation,max_engine_coolant_temp_attack,max_engine_coolant_temp_attack,residual,hbos,0.0,pre_injection_v1,44985.0,13992.0,102.0,0.1520119225037257,1.0,0.2639068564036222,1.0,1.0,0.0409647228221742,19.23090484020276,35988.0,0.0201919999999518,0.0090822000001935,0.0292742000001453,313.8984375,3711.0,102.0,569.0,0.0,13321.0,0.1520119225037257,0.1266559829059829,0.1810072517207472,0.1516792536878643,0.0135750863226354,1.0,1.0,1.0,1.0,0.0,0.2639068564036222,0.2248352181216771,0.3065300727032385,0.2631647220699138,0.0204202293960942,1.0,1.0,1.0,1.0,2.866583523299505e-17,1.0,1.0,1.0,1.0,0.0,0.0409647228221742,0.0360446815851784,0.0449420587279804,0.0407350358784536,0.0022570974339659,,pre_injection_v1,1,B
road_representation,max_engine_coolant_temp_attack,max_engine_coolant_temp_attack,residual,elliptic_envelope,0.0,pre_injection_v1,44985.0,13992.0,102.0,0.1218637992831541,1.0,0.2172523961661341,1.0,1.0,0.0529157667386609,170.0899566088768,35988.0,0.8257937999997012,0.0051744000002145,0.8309681999999157,308.5703125,66831.0,102.0,735.0,0.0,13155.0,0.1218637992831541,0.1009706050836619,0.1430050501215066,0.1210745085033437,0.0107344318445305,1.0,1.0,1.0,1.0,0.0,0.2172523961661341,0.1834210361460878,0.2502227206451747,0.2158339718793314,0.017054687014678,1.0,1.0,1.0,1.0,2.482534153247273e-17,1.0,0.9999999999999998,1.0000000000000002,1.0,9.244454088746556e-17,0.0529157667386609,0.048622732640665,0.0572213121849766,0.052836560917173,0.002206573485454,,pre_injection_v1,1,B
road_representation,max_engine_coolant_temp_attack,max_engine_coolant_temp_attack,residual,autoencoder,0.0,pre_injection_v1,44985.0,13992.0,102.0,0.1181923522595596,1.0,0.2113989637305699,1.0,1.0,0.0547876169906407,2.1645663452230792,35988.0,2.0383037000001423,0.0076126999992993,2.0459163999994416,313.3359375,18610.0,102.0,761.0,0.0,13129.0,0.1181923522595596,0.0978420631041598,0.1378717877215971,0.117306468692148,0.0106156216329794,1.0,1.0,1.0,1.0,0.0,0.2113989637305699,0.1782443109239722,0.2423327283296461,0.2098195315483756,0.016978349692016,1.0,1.0,1.0,1.0,2.3111135221866402e-17,1.0,0.9999999999999998,1.0000000000000002,1.0,9.19990224346638e-17,0.0547876169906407,0.0503676852412844,0.0591933220013089,0.0547739447918124,0.0022222178859462,,pre_injection_v1,1,B
road_representation,reverse_light_off_attack_1,reverse_light_off_attack,raw,isolation_forest,0.0,pre_injection_v1,37066.0,27825.0,1373.0,0.0,0.0,0.0,0.7826541807948744,0.0980397141566457,0.0130802963859065,0.7130663359303187,29653.0,1.0672962000007828,0.3600166999995053,1.4273129000002882,321.6796875,2393295.0,0.0,346.0,1373.0,26106.0,0.0,0.0,0.0,0.0,0.0,0.0,0.0,0.0,0.0,0.0,0.0,0.0,0.0,0.0,0.0,0.7826541807948744,0.7784875265004876,0.7867056098784281,0.7828335293724736,0.0020312164993494,0.0980397141566457,0.0922887055964955,0.1039088429843543,0.0982440231443106,0.0029969337470682,0.0130802963859065,0.0114094288006898,0.014645277833079,0.0130304392086137,0.000852750088597,,pre_injection_v1,1,B
road_representation,reverse_light_off_attack_1,reverse_light_off_attack,raw,one_class_svm,0.0,pre_injection_v1,37066.0,27825.0,1373.0,0.0,0.0,0.0,0.808978326144546,0.1071726327493112,0.0088462120066535,15.42805845258543,29653.0,0.087851799999953,0.9342367999997804,1.0220885999997336,323.25390625,29754.0,0.0,234.0,1373.0,26218.0,0.0,0.0,0.0,0.0,0.0,0.0,0.0,0.0,0.0,0.0,0.0,0.0,0.0,0.0,0.0,0.808978326144546,0.8034741686539197,0.8162402315379694,0.8095636551361316,0.0031591633397679,0.1071726327493112,0.1011205748009436,0.1143050738198923,0.1076638430031322,0.0035392901917358,0.0088462120066535,0.0077494992978551,0.0099849400913481,0.0088161624752973,0.0005877278515377,,pre_injection_v1,1,B
road_representation,reverse_light_off_attack_1,reverse_light_off_attack,raw,lof,0.0,pre_injection_v1,37066.0,27825.0,1373.0,0.0164473684210526,0.0036416605972323,0.0059630292188431,0.689802339826132,0.0713182765054661,0.0113034931196128,73533.96817857462,29653.0,0.1075280000004568,0.5635931000006167,0.6711211000010735,320.15234375,2514956.0,5.0,299.0,1368.0,26153.0,0.0164473684210526,0.0033423986032769,0.0335570469798657,0.0170776995907727,0.0076630566159292,0.0036416605972323,0.0007398182854387,0.0079593472070923,0.0038025367374159,0.001714967194148,0.0059630292188431,0.0012129983575284,0.0129711037834085,0.0062164778802169,0.0027952895856494,0.689802339826132,0.6779450931307182,0.7022498252292503,0.689933069191769,0.0063258178459726,0.0713182765054661,0.0666049881617404,0.0778593931097949,0.0717249575502068,0.0029033452430265,0.0113034931196128,0.0099734731769167,0.0126637978102369,0.0113595197830066,0.0007190413116222,,pre_injection_v1,1,B
road_representation,reverse_light_off_attack_1,reverse_light_off_attack,raw,hbos,0.0,pre_injection_v1,37066.0,27825.0,1373.0,0.0,0.0,0.0,0.7246441189521755,0.1126429809218731,0.0117949493422047,34.39576769054889,29653.0,0.0166401000005862,0.0186844999998356,0.0353246000004219,325.13671875,3711.0,0.0,312.0,1373.0,26140.0,0.0,0.0,0.0,0.0,0.0,0.0,0.0,0.0,0.0,0.0,0.0,0.0,0.0,0.0,0.0,0.7246441189521755,0.7181701268868235,0.730290272294092,0.7246162024562243,0.0030904921312986,0.1126429809218731,0.1051145297247036,0.120052145290332,0.1127693728494632,0.0038637675676011,0.0117949493422047,0.0105015817002964,0.0132607002827462,0.0117774968811665,0.000733411508909,,pre_injection_v1,1,B
road_representation,reverse_light_off_attack_1,reverse_light_off_attack,raw,elliptic_envelope,0.0,pre_injection_v1,37066.0,27825.0,1373.0,0.0,0.0,0.0,0.896323167338297,0.1877824412781028,0.0173143807651595,1896.5662279416265,29653.0,1.1486380999995165,0.0202150999994046,1.168853199998921,319.4140625,66831.0,0.0,458.0,1373.0,25994.0,0.0,0.0,0.0,0.0,0.0,0.0,0.0,0.0,0.0,0.0,0.0,0.0,0.0,0.0,0.0,0.896323167338297,0.8930062702918252,0.9001245908892004,0.8962803211437937,0.0018527745177062,0.1877824412781028,0.1768379963481081,0.1979121400784176,0.1880059070739807,0.0050897263688407,0.0173143807651595,0.0156839228694561,0.0189604215180347,0.0172744626660721,0.0008495919008222,,pre_injection_v1,1,B
road_representation,reverse_light_off_attack_1,reverse_light_off_attack,raw,autoencoder,0.0,pre_injection_v1,37066.0,27825.0,1373.0,0.0,0.0,0.0,0.898301960791656,0.1868025675202523,0.0345909572055043,0.2543717315570577,29653.0,2.972626099999616,0.0259408000001712,2.998566899999787,324.32421875,18610.0,0.0,915.0,1373.0,25537.0,0.0,0.0,0.0,0.0,0.0,0.0,0.0,0.0,0.0,0.0,0.0,0.0,0.0,0.0,0.0,0.898301960791656,0.8959121113656933,0.9008959596364544,0.8983636943270994,0.0012780296272223,0.1868025675202523,0.1770269549077905,0.1968093214719832,0.1871112121820497,0.0052058354125858,0.0345909572055043,0.0326558933309335,0.0364062934165941,0.034533045658553,0.0010172649552364,,pre_injection_v1,1,B
road_representation,reverse_light_off_attack_1,reverse_light_off_attack,residual,isolation_forest,0.0,pre_injection_v1,37066.0,27825.0,1373.0,0.5578118524658102,0.9803350327749454,0.711040676175383,0.9864015668447096,0.6273951537411343,0.0403372145773476,0.5743881282511277,29653.0,1.265342300000157,0.6308484999999564,1.896190800000113,322.15234375,2022287.0,1346.0,1067.0,27.0,25385.0,0.5578118524658102,0.5371862701711685,0.5789734279299475,0.5579573894573726,0.0109504322430062,0.9803350327749454,0.9706835373108958,0.9912031647533354,0.9816449623748746,0.0054436550926325,0.711040676175383,0.6939049634287635,0.7286273593949916,0.7114407164668577,0.0092472059082025,0.9864015668447096,0.9852032287247536,0.9878158103777374,0.986475880223844,0.0006961533319398,0.6273951537411343,0.6022867797292296,0.6532939621562657,0.6283964506046231,0.0130496684055643,0.0403372145773476,0.038350940845873,0.0423018237082171,0.0403799477173759,0.0010051552736138,,pre_injection_v1,1,B
road_representation,reverse_light_off_attack_1,reverse_light_off_attack,residual,one_class_svm,0.0,pre_injection_v1,37066.0,27825.0,1373.0,0.3355327468230694,1.0,0.5024702653247941,0.9897947046190884,0.7195824954485244,0.1027899591713292,5.148382540993648,29653.0,0.1457761000001483,1.3307139999997162,1.4764900999998645,323.421875,35290.0,1373.0,2719.0,0.0,23733.0,0.3355327468230694,0.3167069457823036,0.352941211232,0.3352575689235755,0.0091524086591034,1.0,1.0,1.0,1.0,0.0,0.5024702653247941,0.4810591065803508,0.5217391023610701,0.5020912942496257,0.0102640225306054,0.9897947046190884,0.9891281937848982,0.9905348341967564,0.9898154834167364,0.000365141853852,0.7195824954485244,0.7010096587498494,0.7357124062276627,0.7196291755880413,0.0094463416081252,0.1027899591713292,0.0995898930068297,0.106632405252402,0.1029754224717886,0.001822108797938,,pre_injection_v1,1,B
road_representation,reverse_light_off_attack_1,reverse_light_off_attack,residual,lof,0.0,pre_injection_v1,37066.0,27825.0,1373.0,0.3295727316370619,1.0,0.4957573569236324,0.9921116168697712,0.6980921030126103,0.1055874792076213,2.262447947660528,29653.0,1.4326248000006672,5.6918479999994815,7.124472800000149,326.41015625,2514956.0,1373.0,2793.0,0.0,23659.0,0.3295727316370619,0.3111562673180495,0.3477532856475961,0.3294668073132034,0.0093559764194971,1.0,1.0,1.0,1.0,0.0,0.4957573569236324,0.4746287973431882,0.516048842470361,0.4955630429510566,0.0105816994495006,0.9921116168697712,0.991062776390095,0.9931302361191506,0.9921697788736528,0.0005306778039644,0.6980921030126103,0.6682170124705292,0.7236699134582896,0.6990593018717207,0.0136718431153258,0.1055874792076213,0.1019739802619113,0.1090861030870923,0.1057012813383487,0.0018797654696825,,pre_injection_v1,1,B
road_representation,reverse_light_off_attack_1,reverse_light_off_attack,residual,hbos,0.0,pre_injection_v1,37066.0,27825.0,1373.0,0.3862224731789949,0.9963583394027676,0.5566632756866734,0.991388846639336,0.7975718016510704,0.0821866021472856,20.43430352626019,29653.0,0.0285856999998941,0.0278987000001507,0.0564844000000448,322.4140625,3711.0,1368.0,2174.0,5.0,24278.0,0.3862224731789949,0.3677128127472757,0.4038879697153701,0.3862965626870867,0.0098745519573928,0.9963583394027676,0.992623304103198,0.999298527889105,0.9966227090810842,0.0018378228100284,0.5566632756866734,0.5371392160780214,0.575034476661952,0.5567081548888806,0.0102651848040358,0.991388846639336,0.9902838316352388,0.9924684669623676,0.991492536550237,0.0005405243868556,0.7975718016510704,0.7736539881079331,0.8224483546858048,0.7992442989605444,0.012592304593451,0.0821866021472856,0.0789552275303595,0.085491084333531,0.0822288187564436,0.0017692982650703,,pre_injection_v1,1,B
road_representation,reverse_light_off_attack_1,reverse_light_off_attack,residual,elliptic_envelope,0.0,pre_injection_v1,37066.0,27825.0,1373.0,0.4203919167176975,1.0,0.591937917654667,0.990711149737176,0.665386880699311,0.0715635868743384,117.36369164074908,29653.0,1.045066699999552,0.0089154999996026,1.0539821999991543,319.01953125,66831.0,1373.0,1893.0,0.0,24559.0,0.4203919167176975,0.4003636232443997,0.4386928551575761,0.4200538459922162,0.0099087663890529,1.0,1.0,1.0,1.0,0.0,0.591937917654667,0.5717995087024457,0.6098491951357429,0.5915341007954265,0.0098317925288878,0.990711149737176,0.9897193312308804,0.991739656850508,0.9907331003002482,0.0005467423497202,0.665386880699311,0.6391591578500347,0.6917287759622861,0.6660865915859322,0.0133216647214837,0.0715635868743384,0.0694028490154855,0.07436988560626,0.0716936583395747,0.0012918298443019,,pre_injection_v1,1,B
road_representation,reverse_light_off_attack_1,reverse_light_off_attack,residual,autoencoder,0.0,pre_injection_v1,37066.0,27825.0,1373.0,0.3725915875169606,1.0,0.5429023329379201,0.9925590460600404,0.7072908707675953,0.0874035989717223,1.7599179563705063,29653.0,2.0401098000002094,0.0229256000002351,2.0630354000004445,326.140625,18610.0,1373.0,2312.0,0.0,24140.0,0.3725915875169606,0.353324378008098,0.3929437904811261,0.3728089472762001,0.0101651441536129,1.0,1.0,1.0,1.0,0.0,0.5429023329379201,0.5221576169187954,0.5641918531152987,0.5430532094111236,0.0107814082824953,0.9925590460600404,0.9914526183058792,0.9935317238091196,0.9925860252913936,0.0005303842240133,0.7072908707675953,0.6769755537726525,0.7331736589854398,0.7078295113163813,0.0139506502583635,0.0874035989717223,0.0837305410205782,0.090978463186509,0.0873731653508671,0.0017804100452437,,pre_injection_v1,1,B
road_representation,reverse_light_on_attack_1,reverse_light_on_attack,raw,isolation_forest,0.0,pre_injection_v1,42732.0,34233.0,2767.0,0.0,0.0,0.0,0.7990938688166146,0.164734230337335,0.0132523994152418,0.7286122817254469,33832.0,1.0750596000007135,0.6014659000002212,1.6765255000009347,340.93359375,2344543.0,0.0,417.0,2767.0,31049.0,0.0,0.0,0.0,0.0,0.0,0.0,0.0,0.0,0.0,0.0,0.0,0.0,0.0,0.0,0.0,0.7990938688166146,0.7953075546610867,0.8021683454264925,0.798853101351612,0.00181808473506,0.164734230337335,0.1605736077573468,0.1680873207587823,0.1645472330168058,0.0018977614403922,0.0132523994152418,0.0116226087687289,0.0149299043538919,0.0132905410841263,0.0008643607333687,,pre_injection_v1,1,B
road_representation,reverse_light_on_attack_1,reverse_light_on_attack,raw,one_class_svm,0.0,pre_injection_v1,42732.0,34233.0,2767.0,0.0,0.0,0.0,0.7219128173200916,0.1224610962491507,0.0140786881077988,14.9653621235046,33832.0,0.0767732000003889,1.2850068999996438,1.3617801000000327,341.57421875,29882.0,0.0,443.0,2767.0,31023.0,0.0,0.0,0.0,0.0,0.0,0.0,0.0,0.0,0.0,0.0,0.0,0.0,0.0,0.0,0.0,0.7219128173200916,0.7161703076660021,0.7273342775804652,0.721688636383469,0.0028535222073556,0.1224610962491507,0.1195965636193278,0.1251469060797573,0.122376596294043,0.0013985117745591,0.0140786881077988,0.0123115269386872,0.0157104367593117,0.014090636193305,0.0009083853677306,,pre_injection_v1,1,B
road_representation,reverse_light_on_attack_1,reverse_light_on_attack,raw,lof,0.0,pre_injection_v1,42732.0,34233.0,2767.0,0.0,0.0,0.0,0.5600096785876879,0.0815252510927076,0.0388355685501811,99798.23166392508,33832.0,0.1093048000002454,0.4569285999996282,0.5662333999998737,345.4140625,2514956.0,0.0,1222.0,2767.0,30244.0,0.0,0.0,0.0,0.0,0.0,0.0,0.0,0.0,0.0,0.0,0.0,0.0,0.0,0.0,0.0,0.5600096785876879,0.5492180320675787,0.5699909579055165,0.5598255067086596,0.0053002810389049,0.0815252510927076,0.0796799752207446,0.0836280149085741,0.0815062230635304,0.0009954594928806,0.0388355685501811,0.0368121293312341,0.0410017799686129,0.0389399658102532,0.0010465710150561,,pre_injection_v1,1,B
road_representation,reverse_light_on_attack_1,reverse_light_on_attack,raw,hbos,0.0,pre_injection_v1,42732.0,34233.0,2767.0,0.0,0.0,0.0,0.8142013691569868,0.2684190549643754,0.0145871734570647,36.23801836631364,33832.0,0.0151223000002573,0.0173021000000517,0.0324244000003091,344.10546875,3711.0,0.0,459.0,2767.0,31007.0,0.0,0.0,0.0,0.0,0.0,0.0,0.0,0.0,0.0,0.0,0.0,0.0,0.0,0.0,0.0,0.8142013691569868,0.8087654881931104,0.8190315216308446,0.8140181028824359,0.0026565941222152,0.2684190549643754,0.2583642986113453,0.2772281734726153,0.2685686245656719,0.0049726733635991,0.0145871734570647,0.0129131195113157,0.0162265722323475,0.0146295917932484,0.000846633402203,,pre_injection_v1,1,B
road_representation,reverse_light_on_attack_1,reverse_light_on_attack,raw,elliptic_envelope,0.0,pre_injection_v1,42732.0,34233.0,2767.0,0.0,0.0,0.0,0.8502168034423192,0.2256488898398501,0.0151592194749888,13640.144429505415,33832.0,1.2278495000000476,0.021592099999907,1.2494415999999546,338.16796875,66831.0,0.0,477.0,2767.0,30989.0,0.0,0.0,0.0,0.0,0.0,0.0,0.0,0.0,0.0,0.0,0.0,0.0,0.0,0.0,0.0,0.8502168034423192,0.8456212365223787,0.8539034278336464,0.8500372745853751,0.0020954171336935,0.2256488898398501,0.2183273753843576,0.2323326843739109,0.2254750417138872,0.0035090849402599,0.0151592194749888,0.0134439478313479,0.016966706229718,0.015115364469995,0.0008802870724842,,pre_injection_v1,1,B
road_representation,reverse_light_on_attack_1,reverse_light_on_attack,raw,autoencoder,0.0,pre_injection_v1,42732.0,34233.0,2767.0,0.8367477592829705,0.9447054571738344,0.8874554405024614,0.9890000992575532,0.7385962761280497,0.0162079705078497,0.1926647139539229,33832.0,2.252224400000159,0.0218636999998125,2.274088099999972,349.1171875,18610.0,2614.0,510.0,153.0,30956.0,0.8367477592829705,0.8223894778333195,0.849981246189761,0.8365962302958624,0.006948685563031,0.9447054571738344,0.9291487942332218,0.956774740463511,0.9443065704771246,0.0068691163767165,0.8874554405024614,0.8758925278851357,0.897743286993766,0.8871708723778655,0.0052610114274054,0.9890000992575532,0.9877735686490736,0.9902727756604492,0.9889946570377116,0.0006611669445103,0.7385962761280497,0.7182658229775597,0.7601902766147974,0.7387240518403464,0.0108429667843912,0.0162079705078497,0.0146356267206722,0.017803487485707,0.0162102443516303,0.0008065274453595,,pre_injection_v1,1,B
road_representation,reverse_light_on_attack_1,reverse_light_on_attack,residual,isolation_forest,0.0,pre_injection_v1,42732.0,34233.0,2767.0,0.6349242771913722,1.0,0.7767017543859649,0.992754313482642,0.8179747708366609,0.0505625119176253,0.5552599520867947,33832.0,1.0567465000003722,0.5700535999994827,1.6268000999998549,343.45703125,2035487.0,2767.0,1591.0,0.0,29875.0,0.6349242771913722,0.618491213083468,0.6511758722307267,0.6350532008010282,0.0082665093606944,1.0,1.0,1.0,1.0,0.0,0.7767017543859649,0.7642812101747785,0.7887419856553839,0.7767669069310007,0.0061919190626416,0.992754313482642,0.99190230850255,0.9936421898713512,0.992730085948456,0.0004579078422169,0.8179747708366609,0.8000085809413094,0.8375644009017509,0.8176649947617814,0.0097937546579207,0.0505625119176253,0.0473058200531972,0.0541192072674849,0.0505103116644882,0.0017306181606379,,pre_injection_v1,1,B
road_representation,reverse_light_on_attack_1,reverse_light_on_attack,residual,one_class_svm,0.0,pre_injection_v1,42732.0,34233.0,2767.0,0.4952568462502237,1.0,0.6624371558534834,0.9926746329371384,0.8571871127633209,0.0896205428081103,3.461367422191846,33832.0,0.0920114999998986,1.3975849000007656,1.4895964000006643,342.875,33578.0,2767.0,2820.0,0.0,28646.0,0.4952568462502237,0.4816526360878982,0.5084204525300373,0.4950650748430295,0.0066293417595276,1.0,1.0,1.0,1.0,0.0,0.6624371558534834,0.6501558851048616,0.674109730373941,0.6622392696099543,0.00593532197011,0.9926746329371384,0.9919134281171962,0.9934032513921977,0.9926617736803278,0.0003919731198698,0.8571871127633209,0.8439657677440996,0.8695458317462045,0.8569054674850727,0.006756700893325,0.0896205428081103,0.085190079456207,0.0936991695827129,0.0896365342173936,0.0021873310608933,,pre_injection_v1,1,B
road_representation,reverse_light_on_attack_1,reverse_light_on_attack,residual,lof,0.0,pre_injection_v1,42732.0,34233.0,2767.0,0.6472514619883041,1.0,0.7858562908264698,0.9963452615521516,0.8662916319322027,0.0479247441683086,2.17815305624574,33832.0,1.5252473999998983,7.434892700000091,8.96014009999999,340.54296875,2514956.0,2767.0,1508.0,0.0,29958.0,0.6472514619883041,0.6337109820918667,0.6611217666732306,0.647426868073432,0.0070529863033396,1.0,1.0,1.0,1.0,0.0,0.7858562908264698,0.7757929808551494,0.7959943164585845,0.7859633143101197,0.0051971448974953,0.9963452615521516,0.9955242847522884,0.9970925960685176,0.9963377622697288,0.0004200618057622,0.8662916319322027,0.8455651336171586,0.8865595911987586,0.8664228480382891,0.0110605005508043,0.0479247441683086,0.0451302843633178,0.0504826313191601,0.0478581562753664,0.0013668247666545,,pre_injection_v1,1,B
road_representation,reverse_light_on_attack_1,reverse_light_on_attack,residual,hbos,0.0,pre_injection_v1,42732.0,34233.0,2767.0,0.6092029942756495,1.0,0.7571487207552332,0.9866863484983912,0.7502860338436459,0.0564100934341829,18.52638135123141,33832.0,0.0162532999993345,0.0179275000000416,0.0341807999993761,344.3984375,3711.0,2767.0,1775.0,0.0,29691.0,0.6092029942756495,0.5921963953473505,0.6246090330906395,0.6091657171680245,0.0080997980207458,1.0,1.0,1.0,1.0,0.0,0.7571487207552332,0.7438735269009994,0.7689345748319333,0.7570884299813943,0.0062580776681301,0.9866863484983912,0.9853090959457804,0.9879719612510928,0.9866491510825872,0.0007055617970308,0.7502860338436459,0.7291530521346906,0.7683608399826809,0.7499462110483749,0.0099080573372272,0.0564100934341829,0.0530462111197978,0.0601533689954823,0.0563921890362844,0.0018573221976597,,pre_injection_v1,1,B
road_representation,reverse_light_on_attack_1,reverse_light_on_attack,residual,elliptic_envelope,0.0,pre_injection_v1,42732.0,34233.0,2767.0,0.6254520795660036,1.0,0.7695730774579335,0.9963442852860084,0.8662813573124564,0.0526600139833471,84.03991192733481,33832.0,0.9230012999996688,0.0112613000001147,0.9342625999997836,340.17578125,66831.0,2767.0,1657.0,0.0,29809.0,0.6254520795660036,0.6103360126380007,0.6395013574020765,0.6251270856306036,0.0069651085759605,1.0,1.0,1.0,1.0,0.0,0.7695730774579335,0.7580231546933828,0.7801168915450121,0.7693044003088553,0.0052768648615344,0.9963442852860084,0.9955238101361896,0.9970914188743256,0.9963368096577228,0.0004200668893752,0.8662813573124564,0.8455624080432946,0.8865441477001178,0.866413251031697,0.011060620904972,0.0526600139833471,0.0497132612547114,0.0555259507491175,0.0527008792283486,0.0014702017447502,,pre_injection_v1,1,B
road_representation,reverse_light_on_attack_1,reverse_light_on_attack,residual,autoencoder,0.0,pre_injection_v1,42732.0,34233.0,2767.0,0.5551765650080257,1.0,0.7139723906592699,0.9963452615521516,0.8662916319322027,0.0704570012076527,1.5171836902755726,33832.0,2.231087799999841,0.0227559000004475,2.2538437000002887,349.515625,18610.0,2767.0,2217.0,0.0,29249.0,0.5551765650080257,0.5410400230328388,0.5674621654825043,0.5548000291365534,0.0064982416378124,1.0,1.0,1.0,1.0,0.0,0.7139723906592699,0.7021751348924561,0.7240521294607971,0.713638470594052,0.0053774543863152,0.9963452615521516,0.9955242847522882,0.9970925960685176,0.9963377622697288,0.0004200618057622,0.8662916319322027,0.8455608280338951,0.8865602849891963,0.8664221346414098,0.0110603327751424,0.0704570012076527,0.0672852698755971,0.0738613153925454,0.0705198101211967,0.0017111688010397,,pre_injection_v1,1,B
road_representation,max_speedometer_attack_1,max_speedometer_attack,raw,isolation_forest,0.0,pre_injection_v1,4650.0,72319.0,4916.0,0.0,0.0,0.0,0.758709722594819,0.1238503677636683,0.0397756776404611,0.7278838408953142,3720.0,,,1.6536918000001606,,2710975.0,0.0,2681.0,4916.0,64722.0,0.0,0.0,0.0,0.0,0.0,0.0,0.0,0.0,0.0,0.0,0.0,0.0,0.0,0.0,0.0,0.758709722594819,0.7536016731170736,0.7627387431304368,0.7583763383931224,0.0024148601444323,0.1238503677636683,0.1200111833397546,0.1273582345250175,0.1239008428974478,0.0018376494945462,0.0397756776404611,0.0385657673311359,0.0410665783039112,0.0398233119139386,0.0006475236652536,,pre_injection_v1,1,B
road_representation,max_speedometer_attack_1,max_speedometer_attack,raw,one_class_svm,0.0,pre_injection_v1,4650.0,72319.0,4916.0,0.295429945880938,0.9993897477624084,0.4560475262229648,0.8378995542242442,0.1737255101870565,0.1738349925077519,5.173596210205443,3720.0,,,2.6337485000003653,,27898.0,4913.0,11717.0,3.0,55686.0,0.295429945880938,0.2869785074436149,0.3028111745243033,0.2954479571834057,0.0044334818367203,0.9993897477624084,0.9985569128219888,1.0,0.9994850618239858,0.0004517946556274,0.4560475262229648,0.4459714503855854,0.4648367663733408,0.4560608067998818,0.0052838577621621,0.8378995542242442,0.8326110856021527,0.8417526724933532,0.8376253649308647,0.0024541251666058,0.1737255101870565,0.1680161357636079,0.1787527116889603,0.1737461490032156,0.0029563104274391,0.1738349925077519,0.1694460497129642,0.1793361836685057,0.1741050093609873,0.0025834340585635,,pre_injection_v1,1,B
road_representation,max_speedometer_attack_1,max_speedometer_attack,raw,lof,0.0,pre_injection_v1,4650.0,72319.0,4916.0,0.0,0.0,0.0,0.3788665137414055,0.0497400423069502,0.0003115588326929,1059904.005509463,3720.0,,,1.282618199999888,,1551948.0,0.0,21.0,4916.0,67382.0,0.0,0.0,0.0,0.0,0.0,0.0,0.0,0.0,0.0,0.0,0.0,0.0,0.0,0.0,0.0,0.3788665137414055,0.3680278431861752,0.3880539197094713,0.3785456490583193,0.0056439669641362,0.0497400423069502,0.0483669086026129,0.0512648445955386,0.0498054891906916,0.0007832390432361,0.0003115588326929,0.0001776357843357,0.0004457739844872,0.0003081797821062,7.13677521258138e-05,,pre_injection_v1,1,B
road_representation,max_speedometer_attack_1,max_speedometer_attack,raw,hbos,0.0,pre_injection_v1,4650.0,72319.0,4916.0,0.0,0.0,0.0,0.7827782248804831,0.1481657949910611,0.0291381689242318,27.34742227974009,3720.0,,,0.0163388999990274,,3711.0,0.0,1964.0,4916.0,65439.0,0.0,0.0,0.0,0.0,0.0,0.0,0.0,0.0,0.0,0.0,0.0,0.0,0.0,0.0,0.0,0.7827782248804831,0.777877780455717,0.786569404245379,0.782501304477011,0.0022467305458467,0.1481657949910611,0.1439531754505776,0.1522195196423267,0.1482720050829989,0.0021843887606772,0.0291381689242318,0.0279611337220771,0.030544301808954,0.0291806496475759,0.0006734432348468,,pre_injection_v1,1,B
road_representation,max_speedometer_attack_1,max_speedometer_attack,raw,elliptic_envelope,0.0,pre_injection_v1,4650.0,72319.0,4916.0,0.0675795053003533,0.0311228641171684,0.0426183844011142,0.9354545561764211,0.3300692149754569,0.0313190807530822,16406.59804433063,3720.0,,,0.1651224999995975,,44031.0,153.0,2111.0,4763.0,65292.0,0.0675795053003533,0.0540743710836183,0.079658157308289,0.0665954568967429,0.0061337717032506,0.0311228641171684,0.0249895828874188,0.0370920640999798,0.0305907672697755,0.0029477710465294,0.0426183844011142,0.0341886800458229,0.0504051163392498,0.0419191436585159,0.0039598405791032,0.9354545561764211,0.9337290898967272,0.9369407494507402,0.9353816036712342,0.0008484094106539,0.3300692149754569,0.3211916169417957,0.3387474908038405,0.3302437246871136,0.004508846235716,0.0313190807530822,0.0302642288294794,0.0325515574008911,0.0313057494645671,0.0005996121468839,,pre_injection_v1,1,B
road_representation,max_speedometer_attack_1,max_speedometer_attack,raw,autoencoder,0.0,pre_injection_v1,4650.0,72319.0,4916.0,0.0003468909895065,0.000813669650122,0.000486410895604,0.7803763433688581,0.1339224483872748,0.1710161268786255,0.4339800265350846,3720.0,,,0.3204048999996303,,18610.0,4.0,11527.0,4912.0,55876.0,0.0003468909895065,0.0,0.000796465464635,0.0003456480569017,0.0001971293923682,0.000813669650122,0.0,0.001847428949307,0.0008124405073824,0.0004654123504075,0.000486410895604,0.0,0.0011105095934357,0.0004849207025696,0.0002768660733242,0.7803763433688581,0.7753106076716979,0.7847158193536592,0.7801141301646427,0.0025135372127771,0.1339224483872748,0.1297290559971556,0.137554913802731,0.133995706470423,0.0020839511600818,0.1710161268786255,0.1670873212067573,0.1763214559061944,0.1712881580176229,0.0025182162397933,,pre_injection_v1,1,B
road_representation,max_speedometer_attack_1,max_speedometer_attack,residual,isolation_forest,0.0,pre_injection_v1,4650.0,72319.0,4916.0,0.1445967409847638,1.0,0.252659711157938,0.995111716880384,0.9176592364789032,0.4314644748750055,0.5835966166595047,3720.0,,,0.6265030000004117,,2071919.0,4916.0,29082.0,0.0,38321.0,0.1445967409847638,0.1410866327989852,0.1481760587925614,0.1446931043929417,0.0018903840889483,1.0,1.0,1.0,1.0,0.0,0.252659711157938,0.2472846996890451,0.2581068590006566,0.2528020420130681,0.0028854087298109,0.995111716880384,0.9943007005012168,0.9956952162907552,0.9951134343529118,0.000354507658837,0.9176592364789032,0.9101020381474656,0.9243559775547816,0.917814676677266,0.0038795047614479,0.4314644748750055,0.4270187840301273,0.4364044085411782,0.4317508662807733,0.0026743527298362,,pre_injection_v1,1,B
road_representation,max_speedometer_attack_1,max_speedometer_attack,residual,one_class_svm,0.0,pre_injection_v1,4650.0,72319.0,4916.0,0.0958135183597099,1.0,0.1748719408081958,0.8551473970001335,0.2011209753303604,0.6882779698233016,3.984901494918473,3720.0,,,0.7817797999996401,,32922.0,4916.0,46392.0,0.0,21011.0,0.0958135183597099,0.0933855265357485,0.0981591767451274,0.0959074903772161,0.0012726099596514,1.0,1.0,1.0,1.0,0.0,0.1748719408081958,0.1708190270357584,0.1787703948468025,0.1750259809827496,0.002119414675717,0.8551473970001335,0.8525049293185789,0.8578811900106154,0.855224446127878,0.0014062589544658,0.2011209753303604,0.196064822541874,0.2061934780699958,0.2014440773709335,0.0027941073661899,0.6882779698233016,0.683142409709548,0.6941414299283258,0.6885209819743775,0.0030502352831623,,pre_injection_v1,1,B
road_representation,max_speedometer_attack_1,max_speedometer_attack,residual,lof,0.0,pre_injection_v1,4650.0,72319.0,4916.0,0.0984006885646229,1.0,0.1791708428246013,0.8542455706501996,0.1870829733314933,0.6682640238565049,2.4239398314469183,3720.0,,,7.664548499999,,1551948.0,4916.0,45043.0,0.0,22360.0,0.0984006885646229,0.0959022025796552,0.1009367930417632,0.0985199873825317,0.0013361197591208,1.0,1.0,1.0,1.0,0.0,0.1791708428246013,0.1750196362423222,0.1833652808483989,0.1793658905498059,0.0022145811497863,0.8542455706501996,0.8513663221600836,0.8573315802072149,0.8543057887434097,0.0015042036101044,0.1870829733314933,0.182280542991336,0.1920223898912174,0.187400775061367,0.0026159778908366,0.6682640238565049,0.6625505452228034,0.6752935936099859,0.6683304357953455,0.0032878325400049,,pre_injection_v1,1,B
road_representation,max_speedometer_attack_1,max_speedometer_attack,residual,hbos,0.0,pre_injection_v1,4650.0,72319.0,4916.0,0.1496499238964992,1.0,0.2603399883493089,0.9886105714619616,0.8609048457524776,0.4144325920211266,22.680768551406977,3720.0,,,0.0431840000001102,,3711.0,4916.0,27934.0,0.0,39469.0,0.1496499238964992,0.1459264785841148,0.1533087374165958,0.1497194781747201,0.0019474835948389,1.0,1.0,1.0,1.0,0.0,0.2603399883493089,0.2546873313787436,0.2658589701647314,0.2604402405946069,0.0029468034577977,0.9886105714619616,0.9875855121019248,0.989457587211084,0.9886148997002404,0.0005064223549611,0.8609048457524776,0.8530091921413412,0.8688409515562875,0.8610617783495335,0.0044368439905055,0.4144325920211266,0.4100354072406322,0.4195607698101485,0.4148033194287201,0.0025086571269011,,pre_injection_v1,1,B
road_representation,max_speedometer_attack_1,max_speedometer_attack,residual,elliptic_envelope,0.0,pre_injection_v1,4650.0,72319.0,4916.0,0.1009943298545484,1.0,0.1834602179429765,0.8501132755195674,0.1832690748444026,0.6492292627924573,100.65378618596807,3720.0,,,0.5069243000007191,,44031.0,4916.0,43760.0,0.0,23643.0,0.1009943298545484,0.09848430326982,0.1035111561799842,0.1011023913920217,0.0013579504160157,1.0,1.0,1.0,1.0,0.0,0.1834602179429765,0.1793094406701493,0.1876032761392971,0.183635729278674,0.0022402397736153,0.8501132755195674,0.8470668395384767,0.8530067665776921,0.8502441014319695,0.0015698911530371,0.1832690748444026,0.1786207408533505,0.188427992477031,0.1836542273975885,0.0026218440466327,0.6492292627924573,0.6435407572322401,0.6553450856338553,0.6493929167943064,0.003208980490443,,pre_injection_v1,1,B
road_representation,max_speedometer_attack_1,max_speedometer_attack,residual,autoencoder,0.0,pre_injection_v1,4650.0,72319.0,4916.0,0.0980689435046281,1.0,0.1786207397718189,0.8607448057200894,0.1923644272596353,0.6707713306529383,1.3107968790225986,3720.0,,,1.3947909999997137,,18610.0,4916.0,45212.0,0.0,22191.0,0.0980689435046281,0.0955704415361673,0.1006986208415785,0.0981718083412653,0.0013225397235262,1.0,1.0,1.0,1.0,0.0,0.1786207397718189,0.1744669951582027,0.1829721930662374,0.1787887051941695,0.0021935011485311,0.8607448057200894,0.8579552652273489,0.8638318211065558,0.8608310474411095,0.0014559332238942,0.1923644272596353,0.187363367018545,0.1977677192903134,0.1927257060850716,0.0026777602019206,0.6707713306529383,0.6650768714663354,0.6772521865111536,0.6709585764331709,0.0032123971116006,,pre_injection_v1,1,B
