dataset,rule,target_fpr,actual_fpr,recall,precision
DoS,pird,0.001,0.0501175943554709,0.0099417209461775,0.0608604407135362
DoS,global,0.001,0.6455370142233173,1.0,0.3360211957147794
DoS,or,0.001,0.6567924739612498,1.0,0.3321755964243011
DoS,max,0.001,0.6558405196550565,1.0,0.3324974353128918
DoS,weighted_0.25,0.001,0.6026990704446187,1.0,0.351509308911249
DoS,weighted_0.5,0.001,0.4196438570948594,1.0,0.4377250900360144
DoS,weighted_0.75,0.001,0.311401052749468,1.0,0.5119789381307591
DoS,pird,0.001559039586856,0.050341583603987,0.0099417209461775,0.0606060606060606
DoS,global,0.001559039586856,0.6494568260723486,1.0,0.3346718678292795
DoS,or,0.001559039586856,0.660600291186023,1.0,0.3308944472803584
DoS,max,0.001559039586856,0.6600403180647328,1.0,0.3310822314284092
DoS,weighted_0.25,0.001559039586856,0.6088027774666815,1.0,0.3492158505926014
DoS,weighted_0.5,0.001559039586856,0.4221077388285362,1.0,0.4362847741549506
DoS,weighted_0.75,0.001559039586856,0.3127449882405644,1.0,0.510902881162974
DoS,pird,0.0024306044333844,0.0515175271586963,0.0099417209461775,0.0593047034764826
DoS,global,0.0024306044333844,0.6522566916787994,1.0,0.3337146779544674
DoS,or,0.0024306044333844,0.663400156792474,1.0,0.3299587127424919
DoS,max,0.0024306044333844,0.6630081756075709,1.0,0.330089396854136
DoS,weighted_0.25,0.0024306044333844,0.6193862694590659,1.0,0.3453092630955904
DoS,weighted_0.5,0.0024306044333844,0.4315712845783402,1.0,0.4308396721069344
DoS,weighted_0.75,0.0024306044333844,0.3163848135289506,1.0,0.5080111459421804
DoS,pird,0.0037894085316342,0.0526374734012767,0.0099417209461775,0.0581162324649298
DoS,global,0.0037894085316342,0.6550565572852504,1.0,0.3327629477526808
DoS,or,0.0037894085316342,0.6662560197110539,1.0,0.3290096999774419
DoS,max,0.0037894085316342,0.6639601299137642,1.0,0.329772200553954
DoS,weighted_0.25,0.0037894085316342,0.6255459737932579,1.0,0.343075566009997
DoS,weighted_0.5,0.0037894085316342,0.4439466905588531,1.0,0.4239209417235867
DoS,weighted_0.75,0.0037894085316342,0.3199686415052077,1.0,0.5051957048839626
DoS,pird,0.0059078379115879,0.053645425019599,0.0099417209461775,0.0570866141732283
DoS,global,0.0059078379115879,0.6614962481800873,1.0,0.3305944353147844
DoS,or,0.0059078379115879,0.6725277186695039,1.0,0.3269446312485989
DoS,max,0.0059078379115879,0.6650800761563445,1.0,0.3293998080289086
DoS,weighted_0.25,0.0059078379115879,0.6357934819128682,1.0,0.3394228531533628
DoS,weighted_0.5,0.0059078379115879,0.4750811961025871,1.0,0.4074591423383154
DoS,weighted_0.75,0.0059078379115879,0.3253443834695934,1.0,0.5010305736860186
DoS,pird,0.0092105531768948,0.0547093739500504,0.0099417209461775,0.0560386473429951
DoS,global,0.0092105531768948,0.6642401164744093,1.0,0.3296790235081374
DoS,or,0.0092105531768948,0.6753835815880838,1.0,0.3260128527521654
DoS,max,0.0092105531768948,0.6679919363870535,1.0,0.3284355120193661
DoS,weighted_0.25,0.0092105531768948,0.6536006271698959,1.0,0.3332571689706386
DoS,weighted_0.5,0.0092105531768948,0.5274386829432187,1.0,0.3824821346620337
DoS,weighted_0.75,0.0092105531768948,0.3402956658080412,1.0,0.489799345143145
DoS,pird,0.0143596170196221,0.0558293201926307,0.0099417209461775,0.0549763033175355
DoS,global,0.0143596170196221,0.6688318960689887,1.0,0.3281583980200248
DoS,or,0.0143596170196221,0.6801433531190503,1.0,0.3244716351501668
DoS,max,0.0143596170196221,0.6695038638145369,1.0,0.3279370432827431
DoS,weighted_0.25,0.0143596170196221,0.6623922051741516,1.0,0.3302949668799185
DoS,weighted_0.5,0.0143596170196221,0.5730204950162392,1.0,0.3631044999066409
DoS,weighted_0.75,0.0143596170196221,0.3449994400268787,1.0,0.4863693205502292
DoS,pird,0.0223872113856834,0.0588531750475977,0.0099417209461775,0.0522993688007213
DoS,global,0.0223872113856834,0.6768955090155673,1.0,0.325521705166834
DoS,or,0.0223872113856834,0.688654944562661,1.0,0.3217515993823075
DoS,max,0.0223872113856834,0.6715197670511815,1.0,0.3272747671939863
DoS,weighted_0.25,0.0223872113856834,0.6745996192182775,1.0,0.326268105810637
DoS,weighted_0.5,0.0223872113856834,0.6015231268899093,1.0,0.3519546332046332
DoS,weighted_0.75,0.0223872113856834,0.3563108970769403,1.0,0.4783143395917029
DoS,pird,0.0349025487895958,0.0688766939186919,0.0099417209461775,0.0450310559006211
DoS,global,0.0349025487895958,0.688654944562661,1.0,0.3217515993823075
DoS,or,0.0349025487895958,0.7007503639825289,1.0,0.3179638107695661
DoS,max,0.0349025487895958,0.6765595251427932,1.0,0.3256307211431123
DoS,weighted_0.25,0.0349025487895958,0.6883189606898868,1.0,0.321858104380448
DoS,weighted_0.5,0.0349025487895958,0.641169223877254,1.0,0.3375376070354084
DoS,weighted_0.75,0.0349025487895958,0.36487848583268,1.0,0.4723886639676113
DoS,pird,0.0544144552451559,0.0762683391197222,0.0099417209461775,0.0408450704225352
DoS,global,0.0544144552451559,0.7125097995296226,1.0,0.3143657721737256
DoS,or,0.0544144552451559,0.7239332512039423,1.0,0.3109476601641616
DoS,max,0.0544144552451559,0.682383245604211,1.0,0.3237513873473918
DoS,weighted_0.25,0.0544144552451559,0.7103259043565909,1.0,0.3150278092769588
DoS,weighted_0.5,0.0544144552451559,0.6746556165304065,1.0,0.3262498601946091
DoS,weighted_0.75,0.0544144552451559,0.3798297681711278,1.0,0.4623920107791076
DoS,pird,0.0848342898244072,0.182551237540598,1.0,0.6415218825599296
DoS,global,0.0848342898244072,0.7401724717213574,1.0,0.3062145706487508
DoS,or,0.0848342898244072,0.7613954530182552,1.0,0.3002418815295147
DoS,max,0.0848342898244072,0.6983984768731101,1.0,0.3186933245930296
DoS,weighted_0.25,0.0848342898244072,0.7370366222421324,1.0,0.3071172878500737
DoS,weighted_0.5,0.0848342898244072,0.7071340575652368,1.0,0.3160004333225003
DoS,weighted_0.75,0.0848342898244072,0.4899764811289058,1.0,0.4000274273176083
DoS,pird,0.1322600161590736,0.2613394557061261,1.0,0.555566136558423
DoS,global,0.1322600161590736,0.7668831896068988,1.0,0.298735214296687
DoS,or,0.1322600161590736,0.7949938402956658,1.0,0.2912485647246767
DoS,max,0.1322600161590736,0.745268227125098,1.0,0.3047589197095544
DoS,weighted_0.25,0.1322600161590736,0.7659312353007056,1.0,0.2989954899548995
DoS,weighted_0.5,0.1322600161590736,0.7498040094075484,1.0,0.3034748231377445
DoS,weighted_0.75,0.1322600161590736,0.5966513607346847,1.0,0.353811631997089
DoS,pird,0.2061986009502221,0.3770858998768059,1.0,0.464194780394653
DoS,global,0.2061986009502221,0.8154888565348863,1.0,0.2860224542824925
DoS,or,0.2061986009502221,0.8524470825400381,1.0,0.2770575105665574
DoS,max,0.2061986009502221,0.7825624370030239,1.0,0.2945125952849715
DoS,weighted_0.25,0.2061986009502221,0.8166648000895957,1.0,0.2857282789695367
DoS,weighted_0.5,0.2061986009502221,0.792361966625602,1.0,0.2919335468374699
DoS,weighted_0.75,0.2061986009502221,0.7117818344719453,1.0,0.3145861418172014
DoS,pird,0.321471781635738,0.496920147832904,1.0,0.3966548816970356
DoS,global,0.321471781635738,0.855582932019263,1.0,0.2763226448159901
DoS,or,0.321471781635738,0.9011647440922836,1.0,0.2660646691293838
DoS,max,0.321471781635738,0.8399036846231381,1.0,0.2800364805836893
DoS,weighted_0.25,0.321471781635738,0.8544069884645537,1.0,0.2765977621847146
DoS,weighted_0.5,0.321471781635738,0.8388957330048158,1.0,0.2802786452077828
DoS,weighted_0.75,0.321471781635738,0.8031134505543734,1.0,0.2891554321966693
DoS,pird,0.5011872336272722,0.6591443610706686,1.0,0.3313831297926725
DoS,global,0.5011872336272722,0.8933811177063501,1.0,0.2677620708646961
DoS,or,0.5011872336272722,0.9471385373502073,1.0,0.2564621065588183
DoS,max,0.5011872336272722,0.8943330720125434,1.0,0.2675533134602155
DoS,weighted_0.25,0.5011872336272722,0.8950610370702207,1.0,0.2673938949491246
DoS,weighted_0.5,0.5011872336272722,0.8908052413484153,1.0,0.2683285806273572
DoS,weighted_0.75,0.5011872336272722,0.877197894501064,1.0,0.2713614586724964
Fuzzy,pird,0.001,0.0,0.1844135802469135,1.0
Fuzzy,global,0.001,0.3020774266714779,0.816358024691358,0.1529343740965597
Fuzzy,or,0.001,0.3020774266714779,0.8395061728395061,0.1565918249856073
Fuzzy,max,0.001,0.0109799474199701,0.2106481481481481,0.5617283950617284
Fuzzy,weighted_0.25,0.001,0.3127480797979277,0.8472222222222222,0.1532449406838799
Fuzzy,weighted_0.5,0.001,0.0372184133202742,0.5455246913580247,0.4947515745276417
Fuzzy,weighted_0.75,0.001,0.001134079076241,0.3094135802469135,0.9479905437352246
Fuzzy,pird,0.001559039586856,0.0,0.1867283950617284,1.0
Fuzzy,global,0.001559039586856,0.3070776844167225,0.8186728395061729,0.1511826731262467
Fuzzy,or,0.001559039586856,0.3070776844167225,0.841820987654321,0.1547956867196367
Fuzzy,max,0.001559039586856,0.0110314964688901,0.2129629629629629,0.563265306122449
Fuzzy,weighted_0.25,0.001559039586856,0.3135728645806485,0.8472222222222222,0.1529034953349115
Fuzzy,weighted_0.5,0.001559039586856,0.0375277076137945,0.5478395061728395,0.4937413073713491
Fuzzy,weighted_0.75,0.001559039586856,0.001134079076241,0.3117283950617284,0.9483568075117372
Fuzzy,pird,0.0024306044333844,0.0,0.2114197530864197,1.0
Fuzzy,global,0.0024306044333844,0.3203257899891747,0.8233024691358025,0.1465458041477819
Fuzzy,or,0.0024306044333844,0.3203257899891747,0.845679012345679,0.1499316005471956
Fuzzy,max,0.0024306044333844,0.0122171245940512,0.2376543209876543,0.5651376146788991
Fuzzy,weighted_0.25,0.0024306044333844,0.3151193360482499,0.8479938271604939,0.1523849140321686
Fuzzy,weighted_0.5,0.0024306044333844,0.0390741790813959,0.5601851851851852,0.4892183288409703
Fuzzy,weighted_0.75,0.0024306044333844,0.0012371771740811,0.3194444444444444,0.9452054794520548
Fuzzy,pird,0.0037894085316342,0.0,0.261574074074074,1.0
Fuzzy,global,0.0037894085316342,0.3300685602350636,0.8263888888888888,0.1432967621086432
Fuzzy,or,0.0037894085316342,0.3300685602350636,0.8549382716049383,0.147516975103182
Fuzzy,max,0.0037894085316342,0.0192277952471776,0.3055555555555556,0.5149544863459038
Fuzzy,weighted_0.25,0.0037894085316342,0.3176967884942522,0.8487654320987654,0.1514525678094451
Fuzzy,weighted_0.5,0.0037894085316342,0.0505696169905665,0.6134259259259259,0.4476351351351351
Fuzzy,weighted_0.75,0.0037894085316342,0.003299139130883,0.3611111111111111,0.8796992481203008
Fuzzy,pird,0.0059078379115879,0.0639208206608588,0.8587962962962963,0.4730131746706332
Fuzzy,global,0.0059078379115879,0.3372854270838703,0.8294753086419753,0.1411131530585455
Fuzzy,or,0.0059078379115879,0.3408938605082736,0.9807098765432098,0.1612125824454591
Fuzzy,max,0.0059078379115879,0.3030053095520387,0.9266975308641976,0.1696567311767198
Fuzzy,weighted_0.25,0.0059078379115879,0.3230063405330172,0.8541666666666666,0.1501424115014241
Fuzzy,weighted_0.5,0.0059078379115879,0.3290375792566627,0.9853395061728396,0.166710182767624
Fuzzy,weighted_0.75,0.0059078379115879,0.1703180576318367,0.9776234567901234,0.2771822358346095
Fuzzy,pird,0.0092105531768948,0.1407804526006495,0.9760802469135802,0.3165665665665665
Fuzzy,global,0.0092105531768948,0.3443991958348368,0.8379629629629629,0.1398223252220934
Fuzzy,or,0.0092105531768948,0.3591422238259704,0.9976851851851852,0.1565375302663438
Fuzzy,max,0.0092105531768948,0.3343986803443476,0.9506172839506172,0.1596061666018914
Fuzzy,weighted_0.25,0.0092105531768948,0.3397597814320325,0.8734567901234568,0.1465751650912857
Fuzzy,weighted_0.5,0.0092105531768948,0.3420279395845146,0.9876543209876544,0.1617182564750473
Fuzzy,weighted_0.75,0.0092105531768948,0.3320274240940254,0.9992283950617284,0.1673991726990693
Fuzzy,pird,0.0143596170196221,0.1470178875199752,0.9799382716049384,0.3081028626880155
Fuzzy,global,0.0143596170196221,0.3623898139079334,0.8526234567901234,0.1358328211432083
Fuzzy,or,0.0143596170196221,0.3769266457033868,0.9992283950617284,0.1504589287789009
Fuzzy,max,0.0143596170196221,0.3461518634981184,0.9652777777777778,0.1570424303288978
Fuzzy,weighted_0.25,0.0143596170196221,0.3486777668952008,0.8834876543209876,0.1447717789859653
Fuzzy,weighted_0.5,0.0143596170196221,0.3542966132274859,0.9891975308641976,0.1572041692213366
Fuzzy,weighted_0.75,0.0143596170196221,0.3408423114593535,1.0,0.1638846737481032
Fuzzy,pird,0.0223872113856834,0.1511933604824991,0.9807098765432098,0.3023311132254995
Fuzzy,global,0.0223872113856834,0.3819784524975514,0.8665123456790124,0.131606703386851
Fuzzy,or,0.0223872113856834,0.3971338728800453,0.9992283950617284,0.1439048783198133
Fuzzy,max,0.0223872113856834,0.3728027217897829,0.9930555555555556,0.1510740697264937
Fuzzy,weighted_0.25,0.0223872113856834,0.3721841332027424,0.9521604938271604,0.1459664064348237
Fuzzy,weighted_0.5,0.0223872113856834,0.3676478168977782,0.9930555555555556,0.1528685116997268
Fuzzy,weighted_0.75,0.0223872113856834,0.350018042167122,1.0,0.1602770220133564
Fuzzy,pird,0.0349025487895958,0.1677406051858343,0.9853395061728396,0.2818362392407857
Fuzzy,global,0.0349025487895958,0.400072168668488,0.8780864197530864,0.1278795370266322
Fuzzy,or,0.0349025487895958,0.4219805144595082,0.9992283950617284,0.1365889674085012
Fuzzy,max,0.0349025487895958,0.392494458477241,0.9976851851851852,0.1451667228022903
Fuzzy,weighted_0.25,0.0349025487895958,0.3925460075261611,0.9660493827160492,0.1411976993346115
Fuzzy,weighted_0.5,0.0349025487895958,0.3968761276354451,1.0,0.1440800444691495
Fuzzy,weighted_0.75,0.0349025487895958,0.3617196762719727,1.0,0.1559003969686034
Fuzzy,pird,0.0544144552451559,0.1752152172792412,0.988425925925926,0.2737179487179487
Fuzzy,global,0.0544144552451559,0.4240424764163101,0.9004629629629629,0.1242414564037048
Fuzzy,or,0.0544144552451559,0.4490437651425331,0.9992283950617284,0.1294223465920447
Fuzzy,max,0.0544144552451559,0.4149182947574617,0.9984567901234568,0.1384994113239858
Fuzzy,weighted_0.25,0.0544144552451559,0.4168256095675035,0.9776234567901234,0.1354645568266866
Fuzzy,weighted_0.5,0.0544144552451559,0.4177534924480643,1.0,0.1378723404255319
Fuzzy,weighted_0.75,0.0544144552451559,0.3825970410845919,1.0,0.1486579490708878
Fuzzy,pird,0.0848342898244072,0.2493942986751894,0.9992283950617284,0.2111527800423936
Fuzzy,global,0.0848342898244072,0.4497139027784937,0.9174382716049384,0.1199435085241601
Fuzzy,or,0.0848342898244072,0.5053868756121449,1.0,0.1167567567567567
Fuzzy,max,0.0848342898244072,0.4513634723439352,0.9992283950617284,0.1288429012038603
Fuzzy,weighted_0.25,0.0848342898244072,0.4580648487035414,0.9945987654320988,0.1266830466830467
Fuzzy,weighted_0.5,0.0848342898244072,0.463065106448786,1.0,0.1260823037260434
Fuzzy,weighted_0.75,0.0848342898244072,0.4113098613330584,1.0,0.1397304582210242
Fuzzy,pird,0.1322600161590736,0.3382133099644311,0.9992283950617284,0.1648421588594704
Fuzzy,global,0.1322600161590736,0.5113150162379504,0.9367283950617284,0.1090451809934429
Fuzzy,or,0.1322600161590736,0.6018351461415536,1.0,0.0999151954359725
Fuzzy,max,0.1322600161590736,0.4798185473478014,0.9992283950617284,0.1221352447420541
Fuzzy,weighted_0.25,0.1322600161590736,0.5215217279241198,1.0,0.1135547183036887
Fuzzy,weighted_0.5,0.1322600161590736,0.5241507294190422,1.0,0.1130495464061409
Fuzzy,weighted_0.75,0.1322600161590736,0.492396515284293,1.0,0.1194690265486725
Fuzzy,pird,0.2061986009502221,0.440280426826125,1.0,0.131747483989021
Fuzzy,global,0.2061986009502221,0.6038455590494355,0.9483024691358024,0.0949548018233794
Fuzzy,or,0.2061986009502221,0.7182328986030208,1.0,0.0851007945367391
Fuzzy,max,0.2061986009502221,0.5563688849940719,1.0,0.1072048970138142
Fuzzy,weighted_0.25,0.2061986009502221,0.5931749059229857,1.0,0.1012262750917753
Fuzzy,weighted_0.5,0.2061986009502221,0.5907005515748235,1.0,0.1016072128577028
Fuzzy,weighted_0.75,0.2061986009502221,0.572813031599567,1.0,0.104448742746615
Fuzzy,pird,0.321471781635738,0.547811742873344,1.0,0.1086974754675836
Fuzzy,global,0.321471781635738,0.7256044125985875,0.9699074074074074,0.081980043044414
Fuzzy,or,0.321471781635738,0.8448889117995773,1.0,0.0732782992197218
Fuzzy,max,0.321471781635738,0.7078715397700912,1.0,0.0862390204950758
Fuzzy,weighted_0.25,0.321471781635738,0.7285942574359503,1.0,0.0839922229423201
Fuzzy,weighted_0.5,0.321471781635738,0.68477756585391,1.0,0.0888888888888888
Fuzzy,weighted_0.75,0.321471781635738,0.6805505438424662,1.0,0.0893916402262381
Fuzzy,pird,0.5011872336272722,0.6788494252281045,1.0,0.0895955755271344
Fuzzy,global,0.5011872336272722,0.8192690344863137,0.9853395061728396,0.0743739079790331
Fuzzy,or,0.5011872336272722,0.9229857209134492,1.0,0.0674964845580959
Fuzzy,max,0.5011872336272722,0.8341151605752873,1.0,0.0741546031927676
Fuzzy,weighted_0.25,0.5011872336272722,0.8186504458992732,1.0,0.0754497292891657
Fuzzy,weighted_0.5,0.5011872336272722,0.8212278983452755,1.0,0.0752307424391942
Fuzzy,weighted_0.75,0.5011872336272722,0.7924635290478891,1.0,0.0777491151238826
RPM,pird,0.001,0.0001065473336529,0.0168220510741791,0.976470588235294
RPM,global,0.001,0.0060199243513931,0.0044588569112282,0.1629629629629629
RPM,or,0.001,0.006126471685046,0.0210782326712606,0.4748858447488584
RPM,max,0.001,0.0001065473336529,0.0168220510741791,0.976470588235294
RPM,weighted_0.25,0.001,0.0011720206701827,0.0245237130117551,0.8461538461538461
RPM,weighted_0.5,0.001,0.0005327366682648,0.0758005674908796,0.9739583333333334
RPM,weighted_0.75,0.001,0.0004261893346119,0.1049858127280097,0.9847908745247148
RPM,pird,0.001559039586856,0.0002130946673059,0.0358735306039724,0.9779005524861878
RPM,global,0.001559039586856,0.0065526610196579,0.0048642075395216,0.1632653061224489
RPM,or,0.001559039586856,0.0067657556869639,0.0401297122010539,0.6092307692307692
RPM,max,0.001559039586856,0.0002130946673059,0.0358735306039724,0.9779005524861878
RPM,weighted_0.25,0.001559039586856,0.0037824303446806,0.0421564653425212,0.7455197132616488
RPM,weighted_0.5,0.001559039586856,0.0006392840019178,0.0830968788001621,0.971563981042654
RPM,weighted_0.75,0.001559039586856,0.0005327366682648,0.1451155249290636,0.9862258953168044
RPM,pird,0.0024306044333844,0.0002130946673059,0.1023510336441021,0.9921414538310412
RPM,global,0.0024306044333844,0.0066059346864844,0.0048642075395216,0.1621621621621621
RPM,or,0.0024306044333844,0.0068190293537904,0.1055938386704499,0.802773497688752
RPM,max,0.0024306044333844,0.0002130946673059,0.1023510336441021,0.9921414538310412
RPM,weighted_0.25,0.0024306044333844,0.0053273666826487,0.053911633563032,0.726775956284153
RPM,weighted_0.5,0.0024306044333844,0.00197112567258,0.1520064856100527,0.9529860228716646
RPM,weighted_0.75,0.0024306044333844,0.0013318416706621,0.2930685042561816,0.9830047586675732
RPM,pird,0.0037894085316342,0.0004261893346119,0.2446291041751114,0.9934156378600824
RPM,global,0.0037894085316342,0.0068190293537904,0.0050668828536684,0.1633986928104575
RPM,or,0.0037894085316342,0.0072452186884023,0.2474665585731658,0.8997789240972734
RPM,max,0.0037894085316342,0.0004261893346119,0.2446291041751114,0.9934156378600824
RPM,weighted_0.25,0.0037894085316342,0.0060199243513931,0.0559383867044993,0.7095115681233933
RPM,weighted_0.5,0.0037894085316342,0.0024505886740184,0.1603161734900689,0.945041816009558
RPM,weighted_0.75,0.0037894085316342,0.0028235043418038,0.4422375354681799,0.9762863534675617
RPM,pird,0.0059078379115879,0.0006392840019178,0.3546817997567896,0.9931895573212258
RPM,global,0.0059078379115879,0.0080443236907996,0.006890960680989,0.1837837837837838
RPM,or,0.0059078379115879,0.0086836076927174,0.3573165788406972,0.9153686396677052
RPM,max,0.0059078379115879,0.0006392840019178,0.3546817997567896,0.9931895573212258
RPM,weighted_0.25,0.0059078379115879,0.0068190293537904,0.0597892176732874,0.6973995271867612
RPM,weighted_0.5,0.0059078379115879,0.0050077246816898,0.2245642480745845,0.9217970049916804
RPM,weighted_0.75,0.0059078379115879,0.0032496936764157,0.5152006485610052,0.9765655013446024
RPM,pird,0.0092105531768948,0.0037824303446806,0.9993919740575598,0.9858056777289084
RPM,global,0.0092105531768948,0.0083639656917585,0.0072963113092825,0.1865284974093264
RPM,or,0.0092105531768948,0.0120931223696127,0.9993919740575598,0.955990694067468
RPM,max,0.0092105531768948,0.0070853976879228,0.9993919740575598,0.9737361769352292
RPM,weighted_0.25,0.0092105531768948,0.0082574183581055,0.0656668017835427,0.6764091858037579
RPM,weighted_0.5,0.0092105531768948,0.0080443236907996,0.2744223753546818,0.8996677740863788
RPM,weighted_0.75,0.0092105531768948,0.0043151670129455,0.6485610052695582,0.975312404754648
RPM,pird,0.0143596170196221,0.0063928400191785,0.9995946493717064,0.97624703087886
RPM,global,0.0143596170196221,0.0086836076927174,0.0085123631941629,0.2048780487804878
RPM,or,0.0143596170196221,0.0150231740450695,0.9995946493717064,0.945914844649022
RPM,max,0.0143596170196221,0.0123062170369186,0.9993919740575598,0.9552499031383184
RPM,weighted_0.25,0.0143596170196221,0.0131585957061424,0.0899878394811512,0.6425470332850941
RPM,weighted_0.5,0.0143596170196221,0.0110276490330829,0.3240778273206323,0.8853820598006644
RPM,weighted_0.75,0.0143596170196221,0.0057002823504341,0.7928658289420348,0.9733764618064196
RPM,pird,0.0223872113856834,0.0086836076927174,0.9995946493717064,0.9680078508341512
RPM,global,0.0223872113856834,0.0109211016994299,0.0129712201053911,0.2379182156133829
RPM,or,0.0223872113856834,0.0194981620584944,0.9995946493717064,0.9309173272933182
RPM,max,0.0223872113856834,0.0151297213787224,0.9995946493717064,0.9455521472392638
RPM,weighted_0.25,0.0223872113856834,0.0173139417186084,0.1159302796919335,0.6376811594202898
RPM,weighted_0.5,0.0223872113856834,0.0159821000479463,0.4244021078232671,0.87468671679198
RPM,weighted_0.75,0.0223872113856834,0.0115071120345213,0.979124442642886,0.9572022983950862
RPM,pird,0.0349025487895958,0.0161419210484257,1.0,0.942142447966393
RPM,global,0.0349025487895958,0.0196579830589739,0.0275638427239562,0.2693069306930693
RPM,or,0.0349025487895958,0.0351606201054818,1.0,0.882016446192349
RPM,max,0.0349025487895958,0.0175803100527409,0.9995946493717064,0.9372862029646524
RPM,weighted_0.25,0.0349025487895958,0.023493687070481,0.1406566680178354,0.6114537444933921
RPM,weighted_0.5,0.0349025487895958,0.0274359384156411,0.5835022294284556,0.8482616381850324
RPM,weighted_0.75,0.0349025487895958,0.0171008470513025,0.9995946493717064,0.9388920616790406
RPM,pird,0.0544144552451559,0.0275424857492941,1.0,0.9051550174279948
RPM,global,0.0544144552451559,0.0248255287411432,0.0362788812322659,0.2775193798449612
RPM,or,0.0544144552451559,0.0509296254861222,1.0,0.8376910016977929
RPM,max,0.0544144552451559,0.0254115390762346,0.9997973246858533,0.911829944547135
RPM,weighted_0.25,0.0544144552451559,0.0318043790954131,0.1815970814754763,0.6001339584728734
RPM,weighted_0.5,0.0544144552451559,0.0444835118001172,0.7032833400891771,0.8060394889663183
RPM,weighted_0.75,0.0544144552451559,0.0289808747536092,1.0,0.900693683826214
RPM,pird,0.0848342898244072,0.0452826168025145,1.0,0.853042876901798
RPM,global,0.0848342898244072,0.0370251984444089,0.0640453992703688,0.3125618199802176
RPM,or,0.0848342898244072,0.0784721112354163,1.0,0.7700952083658499
RPM,max,0.0848342898244072,0.0423525651270576,1.0,0.8612323267585966
RPM,weighted_0.25,0.0848342898244072,0.0471471951414415,0.243413052290231,0.5757430488974113
RPM,weighted_0.5,0.0848342898244072,0.0607852538490224,0.8017835427644913,0.7761428291151657
RPM,weighted_0.75,0.0848342898244072,0.0462948164722177,1.0,0.8502498707565053
RPM,pird,0.1322600161590736,0.0864631612593894,1.0,0.7524782675003813
RPM,global,0.1322600161590736,0.0685632092056896,0.1260640453992703,0.3258250392875851
RPM,or,0.1322600161590736,0.1413883117574982,1.0,0.6502372166578808
RPM,max,0.1322600161590736,0.0600394225134516,1.0,0.8140570862893912
RPM,weighted_0.25,0.1322600161590736,0.0732512918864205,0.3439400081070126,0.5524088541666666
RPM,weighted_0.5,0.1322600161590736,0.0865164349262159,0.926834211593028,0.7379377117960303
RPM,weighted_0.75,0.1322600161590736,0.0946140322838421,1.0,0.7353204172876304
RPM,pird,0.2061986009502221,0.1756965531937563,1.0,0.5993683187560739
RPM,global,0.2061986009502221,0.116669330350008,0.1915281718686663,0.3014354066985646
RPM,or,0.2061986009502221,0.252783549091684,1.0,0.5097634053104659
RPM,max,0.2061986009502221,0.1071333439880667,1.0,0.7104391648668107
RPM,weighted_0.25,0.2061986009502221,0.1259389483778168,0.5066882853668423,0.5139802631578947
RPM,weighted_0.5,0.2061986009502221,0.1325981567311278,0.997770571544386,0.6641932002158661
RPM,weighted_0.75,0.2061986009502221,0.1634436098236641,1.0,0.6165958510372407
RPM,pird,0.321471781635738,0.3354110063395663,1.0,0.4393588601959038
RPM,global,0.321471781635738,0.2745192051568909,0.356708552898257,0.2545927961811081
RPM,or,0.321471781635738,0.4981087848276597,1.0,0.3454214505740688
RPM,max,0.321471781635738,0.2151190666453572,1.0,0.5499331252786447
RPM,weighted_0.25,0.321471781635738,0.2379734697139204,0.6797730036481556,0.4288454161871883
RPM,weighted_0.5,0.321471781635738,0.232912471365404,1.0,0.5301955727487643
RPM,weighted_0.75,0.321471781635738,0.2868254221938096,1.0,0.478193448342702
RPM,pird,0.5011872336272722,0.5378509402802195,1.0,0.3282767797737858
RPM,global,0.5011872336272722,0.3787224974695008,0.4898662342926631,0.2537266428721394
RPM,or,0.5011872336272722,0.6953811730861436,1.0,0.2743092233279591
RPM,max,0.5011872336272722,0.4552767566991636,1.0,0.3660237388724036
RPM,weighted_0.25,0.5011872336272722,0.401576900538064,0.8483988650182408,0.3570453770044353
RPM,weighted_0.5,0.5011872336272722,0.4093015822279047,1.0,0.391059681382262
RPM,weighted_0.75,0.5011872336272722,0.472590698417772,1.0,0.3574067366896052
gear,pird,0.001,0.0130319580381766,0.9925129583413324,0.9554610977638144
gear,global,0.001,0.0016763099551181,0.0038395085429065,0.392156862745098
gear,or,0.001,0.0146541934786135,0.9925129583413324,0.9501929792317588
gear,max,0.001,0.0130319580381766,0.9925129583413324,0.9554610977638144
gear,weighted_0.25,0.001,0.0005948196614935,0.0370512574390478,0.946078431372549
gear,weighted_0.5,0.001,0.0007029686908559,0.1541562679976963,0.9840686274509804
gear,weighted_0.75,0.001,0.0034607689395987,0.9569975043194472,0.9873242226183404
gear,pird,0.001559039586856,0.0142756718758449,0.992896909195623,0.9514348785871964
gear,global,0.001559039586856,0.0016763099551181,0.0040314839700518,0.4038461538461538
gear,or,0.001559039586856,0.0158979073162818,0.992896909195623,0.946212952799122
gear,max,0.001559039586856,0.0142756718758449,0.992896909195623,0.9514348785871964
gear,weighted_0.25,0.001559039586856,0.0007029686908559,0.0479938567863313,0.9505703422053232
gear,weighted_0.5,0.001559039586856,0.0008651922348996,0.1679784987521597,0.9820426487093152
gear,weighted_0.75,0.001559039586856,0.0040555886010923,0.9721635630639278,0.9854057209573848
gear,pird,0.0024306044333844,0.0153571621694695,0.992896909195623,0.9479472140762464
gear,global,0.0024306044333844,0.001892608013843,0.0042234593971971,0.3859649122807017
gear,or,0.0024306044333844,0.0171956956686313,0.992896909195623,0.9420765027322404
gear,max,0.0024306044333844,0.0153571621694695,0.992896909195623,0.9479472140762464
gear,weighted_0.25,0.0024306044333844,0.0008111177202184,0.0550969475907083,0.9503311258278144
gear,weighted_0.5,0.0024306044333844,0.0010274157789433,0.1731618352850835,0.979370249728556
gear,weighted_0.75,0.0024306044333844,0.0046504082625858,0.9796506047225956,0.9834264790903836
gear,pird,0.0037894085316342,0.0193046017411993,0.9938567863313496,0.9354897000361402
gear,global,0.0037894085316342,0.0019466825285243,0.0042234593971971,0.3793103448275862
gear,or,0.0037894085316342,0.0211972097550424,0.9938567863313496,0.9296103429700124
gear,max,0.0037894085316342,0.0193046017411993,0.9938567863313496,0.9354897000361402
gear,weighted_0.25,0.0037894085316342,0.0013518628670307,0.0704549817623344,0.9362244897959184
gear,weighted_0.5,0.0037894085316342,0.0016763099551181,0.2075254367440967,0.9721223021582732
gear,weighted_0.75,0.0037894085316342,0.006110420158979,0.9882894989441352,0.9785211936894128
gear,pird,0.0059078379115879,0.0246039041799599,0.9959685160299482,0.9193691298954456
gear,global,0.0059078379115879,0.0021089060725679,0.0042234593971971,0.360655737704918
gear,or,0.0059078379115879,0.0266046612231655,0.9959685160299482,0.9133802816901408
gear,max,0.0059078379115879,0.0247120532093224,0.9959685160299482,0.9190434012400356
gear,weighted_0.25,0.0059078379115879,0.0019466825285243,0.0754463428681128,0.916083916083916
gear,weighted_0.5,0.0059078379115879,0.0064889417617476,0.4835861009790747,0.9545282303902992
gear,weighted_0.75,0.0059078379115879,0.0167630995511815,0.9965444423113842,0.943646609707326
gear,pird,0.0092105531768948,0.0297409830746769,0.9969283931656748,0.9042312380289048
gear,global,0.0092105531768948,0.0028659492781052,0.0053753119600691,0.345679012345679
gear,or,0.0092105531768948,0.0323906342940572,0.9969283931656748,0.8965814917127072
gear,max,0.0092105531768948,0.0300654301627642,0.9969283931656748,0.9032875282657854
gear,weighted_0.25,0.0092105531768948,0.0031903963661926,0.0840852370896525,0.8812877263581489
gear,weighted_0.5,0.0092105531768948,0.0106526793922024,0.6363985409867537,0.9439066059225512
gear,weighted_0.75,0.0092105531768948,0.0247661277240036,0.9973123440199656,0.9189810719971696
gear,pird,0.0143596170196221,0.0561834207537987,0.999424073718564,0.833626901521217
gear,global,0.0143596170196221,0.0038392905423673,0.006527164522941,0.3238095238095238
gear,or,0.0143596170196221,0.0593738171199913,0.999424073718564,0.8258248730964467
gear,max,0.0143596170196221,0.0425566430541285,0.998272221155692,0.8685485217972273
gear,weighted_0.25,0.0143596170196221,0.0042178121451359,0.0900364753311576,0.8574040219378428
gear,weighted_0.5,0.0143596170196221,0.0164386524630941,0.7139566135534652,0.9244345016157096
gear,weighted_0.75,0.0143596170196221,0.0329854539555507,0.997696294874256,0.8949543654210436
gear,pird,0.0223872113856834,0.0664575785432325,1.0,0.8091022056539298
gear,global,0.0223872113856834,0.0045422592332233,0.0082549433672489,0.3385826771653543
gear,or,0.0223872113856834,0.0702968690855999,1.0,0.8002765401751422
gear,max,0.0223872113856834,0.0509922673444005,0.998272221155692,0.8464919420478594
gear,weighted_0.25,0.0223872113856834,0.0059481966149353,0.1019389518141677,0.828393135725429
gear,weighted_0.5,0.0223872113856834,0.0232520413129292,0.7966980226531004,0.906113537117904
gear,weighted_0.75,0.0223872113856834,0.0494241064186448,0.9986561720099828,0.8505559189012426
gear,pird,0.0349025487895958,0.0887362785918996,1.0,0.7604379562043796
gear,global,0.0349025487895958,0.0058400475855729,0.0105586484929928,0.3374233128834356
gear,or,0.0349025487895958,0.0938192829719353,1.0,0.7501440092165899
gear,max,0.0349025487895958,0.0571026875033796,0.9986561720099828,0.8312559923298178
gear,weighted_0.25,0.0349025487895958,0.0108149029362461,0.1174889614129391,0.7536945812807881
gear,weighted_0.5,0.0349025487895958,0.0310928459417076,0.869648684968324,0.8873653281096964
gear,weighted_0.75,0.0349025487895958,0.0632671821770399,0.999424073718564,0.8164993726474279
gear,pird,0.0544144552451559,0.1178283674904017,1.0,0.705062263129399
gear,global,0.0544144552451559,0.0154653111988319,0.0247648301017469,0.3108433734939759
gear,or,0.0544144552451559,0.131725517763478,1.0,0.6813603662524526
gear,max,0.0544144552451559,0.068674633645163,0.9998080245728548,0.8039518369867243
gear,weighted_0.25,0.0544144552451559,0.0192505272265181,0.1459013246304473,0.6810035842293907
gear,weighted_0.5,0.0544144552451559,0.0430433136862596,0.9337684776348628,0.8593639575971731
gear,weighted_0.75,0.0544144552451559,0.0859244038284756,1.0,0.7662547808178876
gear,pird,0.0848342898244072,0.1749851295084626,1.0,0.6168146832445234
gear,global,0.0848342898244072,0.0385551289677175,0.0618160875407947,0.3111111111111111
gear,or,0.0848342898244072,0.2039149948629211,1.0,0.5800668151447661
gear,max,0.0848342898244072,0.1007408208511328,1.0,0.736566742081448
gear,weighted_0.25,0.0848342898244072,0.0456388903909587,0.2445766941831445,0.6015108593012276
gear,weighted_0.5,0.0848342898244072,0.0643486724706645,0.9919370320598964,0.8128047821299355
gear,weighted_0.75,0.0848342898244072,0.1140972259773968,1.0,0.7117092498975269
gear,pird,0.1322600161590736,0.2252744281620072,1.0,0.5556266666666667
gear,global,0.1322600161590736,0.0557508246363488,0.0817815319639086,0.2923816060398078
gear,or,0.1322600161590736,0.2640999297031309,1.0,0.5161002675121371
gear,max,0.1322600161590736,0.1558968258259882,1.0,0.643722194760257
gear,weighted_0.25,0.1322600161590736,0.0721354025847618,0.3390286043386447,0.5696774193548387
gear,weighted_0.5,0.1322600161590736,0.1002000757043205,0.9986561720099828,0.7373493975903614
gear,weighted_0.75,0.1322600161590736,0.1577894338398313,1.0,0.6409499200196874
gear,pird,0.2061986009502221,0.3074136159627967,1.0,0.4781531118046631
gear,global,0.2061986009502221,0.0985237657492024,0.1069303129199462,0.2341319882303489
gear,or,0.2061986009502221,0.3716000648894176,1.0,0.4311729161493254
gear,max,0.2061986009502221,0.2334937543935543,1.0,0.5467618347853469
gear,weighted_0.25,0.2061986009502221,0.1210728383712756,0.4814743712804761,0.528333684432273
gear,weighted_0.5,0.2061986009502221,0.15070567241659,0.9998080245728548,0.65140712945591
gear,weighted_0.75,0.2061986009502221,0.2184069647974909,1.0,0.5632569204152249
gear,pird,0.321471781635738,0.4381117179473314,1.0,0.3913304785515739
gear,global,0.321471781635738,0.1906126642513383,0.1710501055864849,0.201766304347826
gear,or,0.321471781635738,0.5399340290920889,1.0,0.3428326971172831
gear,max,0.321471781635738,0.325041907748878,1.0,0.4642602495543672
gear,weighted_0.25,0.321471781635738,0.1988319904828854,0.6045306200806296,0.4613243480808672
gear,weighted_0.5,0.321471781635738,0.22100254150219,1.0,0.5603485370051635
gear,weighted_0.75,0.321471781635738,0.3274211863948521,1.0,0.4624467329545454
gear,pird,0.5011872336272722,0.5751906126642513,1.0,0.3287264924902183
gear,global,0.5011872336272722,0.2418212296544638,0.2163563063927817,0.2012859439185569
gear,or,0.5011872336272722,0.6748499432217596,1.0,0.2944767934874781
gear,max,0.5011872336272722,0.5363651111231277,1.0,0.3443283976731888
gear,weighted_0.25,0.5011872336272722,0.278429676093657,0.6818967172201958,0.4082289392023905
gear,weighted_0.5,0.5011872336272722,0.347320607797545,1.0,0.4478163686382393
gear,weighted_0.75,0.5011872336272722,0.4774779646352673,1.0,0.3710378232067811
