dataset,feature,family,smd_flagged_vs_notflagged,abs_smd_flagged,spearman_deviation_vs_score,flagged_exceed_2sd_rate,n_flagged,n_normal
DoS,g_iat_max,bus,1.462258287668082,1.462258287668082,0.7094471481672144,0.0301959794768273,11889,5969
DoS,g_iat_min,bus,-1.458623876652524,1.458623876652524,-0.0898277728797803,0.0336445453780805,11889,5969
DoS,g_n_ids_above_5pct,id_population,-1.3226353635096966,1.3226353635096966,-0.8084943521724111,0.0,11889,5969
DoS,g_iat_std,bus,1.306663004546401,1.306663004546401,0.7017483807075645,0.0615695180418874,11889,5969
DoS,g_new_id_count,id_population,1.2616295051342847,1.2616295051342847,0.7897894148198319,0.0,11889,5969
DoS,g_freq_l1_to_calib,cross_id,1.253672410533111,1.253672410533111,0.7363301550990665,0.0,11889,5969
DoS,g_top3_id_frac,id_population,1.2289955471981373,1.2289955471981373,0.7538344042826942,0.0,11889,5969
DoS,g_id_dist_cosine_to_calib,cross_id,-1.2282660132229617,1.2282660132229617,-0.7377649524391736,0.0,11889,5969
DoS,g_dominant_id_frac,id_population,1.2185385895660186,1.2185385895660186,0.7556272888251705,0.0,11889,5969
DoS,g_payload_bus_mean,bus,-1.207292731041311,1.207292731041311,-0.5981573524507069,0.0001682227268904,11889,5969
DoS,g_id_count_cv,cross_id,1.1997119849532956,1.1997119849532956,0.5471601435644756,0.000420556817226,11889,5969
DoS,g_id_entropy_norm,id_population,-1.1857852512626723,1.1857852512626723,-0.5247000791684844,0.0047943477163764,11889,5969
DoS,g_id_concentration,id_population,1.185785251262672,1.185785251262672,0.5247000791684844,0.0048784590798216,11889,5969
DoS,g_id_entropy,id_population,-1.1856241868991786,1.1856241868991786,-0.5279224226245801,0.0015140045420136,11889,5969
DoS,g_iat_cv,bus,1.1727823741636276,1.1727823741636276,0.6246153640668752,0.0394482294557994,11889,5969
DoS,g_iat_std_across_ids,cross_id,-1.0633579169638403,1.0633579169638403,-0.6832462239807076,0.0,11889,5969
DoS,g_dlc_std,bus,-0.8495992906239532,0.8495992906239532,-0.521937390698959,0.0,11889,5969
DoS,g_payload_std_across_ids,cross_id,0.8328352169512295,0.8328352169512295,0.506632907460153,0.0188409454117251,11889,5969
DoS,g_dlc_mean,bus,0.7839850720190649,0.7839850720190649,0.5229490448945696,8.411136344520145e-05,11889,5969
DoS,g_n_unique_ids,id_population,-0.737814903936908,0.737814903936908,-0.4352792971542094,0.0034485659012532,11889,5969
DoS,g_active_id_ratio,id_population,-0.737814903936907,0.737814903936907,-0.4352792971542094,0.0034485659012532,11889,5969
DoS,g_iat_mean,bus,0.6711747831161968,0.6711747831161968,0.381907466765422,0.0253175203970056,11889,5969
DoS,g_duration_s,bus,0.6705410634113192,0.6705410634113192,0.3808508771725666,0.0254016317604508,11889,5969
DoS,g_burstiness,bus,0.565173923593594,0.565173923593594,0.6246147386208266,0.0369248885524434,11889,5969
DoS,g_iat_median,bus,0.470476633230824,0.470476633230824,0.5064863713254987,0.0,11889,5969
DoS,g_frame_rate,bus,-0.4362226622165817,0.4362226622165817,-0.3808508771725666,0.094793506602742,11889,5969
DoS,g_bus_bytes_per_sec_proxy,bus,-0.4284037290237667,0.4284037290237667,-0.3834850769329482,0.0885692657077971,11889,5969
DoS,g_n_frames,bus,0.0,0.0,,0.0,11889,5969
Fuzzy,g_n_ids_above_5pct,id_population,-2.591815077498195,2.591815077498195,-0.803835378766013,0.0646627565982404,6820,12579
Fuzzy,g_frame_rate,bus,-2.1017873687165296,2.1017873687165296,-0.699206545061308,0.0906158357771261,6820,12579
Fuzzy,g_bus_bytes_per_sec_proxy,bus,-2.1012459938022148,2.1012459938022148,-0.7112022936426007,0.0904692082111437,6820,12579
Fuzzy,g_freq_l1_to_calib,cross_id,1.7027318777242382,1.7027318777242382,0.7047460131952952,0.0412023460410557,6820,12579
Fuzzy,g_iat_max,bus,1.6170140622440192,1.6170140622440192,0.7739535104535802,0.0992668621700879,6820,12579
Fuzzy,g_dominant_id_frac,id_population,1.5511556798763737,1.5511556798763737,0.7776007071605544,0.0039589442815249,6820,12579
Fuzzy,g_iat_cv,bus,1.5027634720210878,1.5027634720210878,0.6292392644736126,0.2662756598240469,6820,12579
Fuzzy,g_burstiness,bus,1.4787070694490396,1.4787070694490396,0.6292386693026175,0.1667155425219941,6820,12579
Fuzzy,g_top3_id_frac,id_population,1.3805351645459836,1.3805351645459836,0.671125075276234,0.0303519061583577,6820,12579
Fuzzy,g_iat_std,bus,1.374331412595091,1.374331412595091,0.7597289492799736,0.0935483870967742,6820,12579
Fuzzy,g_id_dist_cosine_to_calib,cross_id,-1.1104052291316089,1.1104052291316089,-0.6972683819655996,0.0334310850439882,6820,12579
Fuzzy,g_iat_mean,bus,0.9449436536402102,0.9449436536402102,0.7125697484423045,0.0448680351906158,6820,12579
Fuzzy,g_duration_s,bus,0.9442474661135664,0.9442474661135664,0.699206545061308,0.0448680351906158,6820,12579
Fuzzy,g_new_id_count,id_population,0.902650661805821,0.902650661805821,0.4127170593876294,0.0,6820,12579
Fuzzy,g_iat_std_across_ids,cross_id,0.7942707624960464,0.7942707624960464,-0.0435203705569239,0.3296187683284457,6820,12579
Fuzzy,g_payload_std_across_ids,cross_id,-0.4110404082765456,0.4110404082765456,-0.161307840622117,0.0422287390029325,6820,12579
Fuzzy,g_iat_median,bus,0.3801234921404992,0.3801234921404992,0.4855898722242457,0.0473607038123167,6820,12579
Fuzzy,g_id_entropy,id_population,-0.292083176288931,0.292083176288931,-0.0090461059800094,0.0,6820,12579
Fuzzy,g_dlc_std,bus,-0.2670446263315886,0.2670446263315886,-0.0846715953633208,0.1197947214076246,6820,12579
Fuzzy,g_n_unique_ids,id_population,-0.2362530482766683,0.2362530482766683,-0.1990200711558367,0.0,6820,12579
Fuzzy,g_active_id_ratio,id_population,-0.2362530482766682,0.2362530482766682,-0.1990200711558367,0.0,6820,12579
Fuzzy,g_dlc_mean,bus,0.215688388359657,0.215688388359657,0.0866947642313651,0.0743401759530791,6820,12579
Fuzzy,g_id_concentration,id_population,-0.1418269365509586,0.1418269365509586,-0.2005393362786438,0.0178885630498533,6820,12579
Fuzzy,g_id_entropy_norm,id_population,0.1418269365509584,0.1418269365509584,0.2005393362786438,0.0070381231671554,6820,12579
Fuzzy,g_id_count_cv,cross_id,0.0703683595725023,0.0703683595725023,-0.0794856141810131,0.0082111436950146,6820,12579
Fuzzy,g_iat_min,bus,-0.070274682555077,0.070274682555077,-0.116404083477486,0.0,6820,12579
Fuzzy,g_payload_bus_mean,bus,0.0140417840426677,0.0140417840426677,-0.04339900357894,0.0237536656891495,6820,12579
Fuzzy,g_n_frames,bus,0.0,0.0,,0.0,6820,12579
RPM,g_dlc_mean,bus,1.7164150259551223,1.7164150259551223,-0.0279542150336501,0.0,160,18611
RPM,g_dlc_std,bus,-1.555891871203541,1.555891871203541,0.0279542150336501,0.46875,160,18611
RPM,g_iat_mean,bus,1.255567508651604,1.255567508651604,0.1618221376909494,0.51875,160,18611
RPM,g_duration_s,bus,1.2492643868683448,1.2492643868683448,0.1711085778249537,0.3125,160,18611
RPM,g_iat_std,bus,1.1703100321521471,1.1703100321521471,0.2315937779273481,0.0,160,18611
RPM,g_frame_rate,bus,-1.05823153750447,1.05823153750447,-0.1711085778249537,0.0,160,18611
RPM,g_bus_bytes_per_sec_proxy,bus,-1.032711130153999,1.032711130153999,-0.1851702573096552,0.0,160,18611
RPM,g_iat_median,bus,1.010293177053757,1.010293177053757,0.0661992056431401,0.0,160,18611
RPM,g_iat_cv,bus,0.8049885311005408,0.8049885311005408,0.1241780307214366,0.0,160,18611
RPM,g_burstiness,bus,0.7561334975850447,0.7561334975850447,0.1241775661239328,0.0,160,18611
RPM,g_iat_min,bus,0.7508004032417261,0.7508004032417261,0.0072121531756618,0.0,160,18611
RPM,g_iat_max,bus,0.7006796053153186,0.7006796053153186,-0.0373160617104603,0.0,160,18611
RPM,g_payload_bus_mean,bus,0.6617939695554865,0.6617939695554865,0.0313149939267899,0.0,160,18611
RPM,g_n_unique_ids,id_population,-0.6591062839724423,0.6591062839724423,-0.3141605865627898,0.0,160,18611
RPM,g_active_id_ratio,id_population,-0.6591062839724421,0.6591062839724421,-0.3141605865627898,0.0,160,18611
RPM,g_n_ids_above_5pct,id_population,-0.5844919867641765,0.5844919867641765,-0.0047996335183741,0.0,160,18611
RPM,g_top3_id_frac,id_population,0.5591937685913725,0.5591937685913725,0.1215345972540097,0.0,160,18611
RPM,g_dominant_id_frac,id_population,0.467141797038881,0.467141797038881,0.0985744249228523,0.0,160,18611
RPM,g_freq_l1_to_calib,cross_id,0.4604092305426138,0.4604092305426138,0.1744757123663271,0.0,160,18611
RPM,g_id_dist_cosine_to_calib,cross_id,-0.4401029118569115,0.4401029118569115,-0.0887922373768811,0.0,160,18611
RPM,g_payload_std_across_ids,cross_id,0.4155698981833367,0.4155698981833367,0.106535420527009,0.0,160,18611
RPM,g_id_entropy,id_population,-0.3276625218822208,0.3276625218822208,-0.0309550389844705,0.0,160,18611
RPM,g_id_count_cv,cross_id,0.2399915875145017,0.2399915875145017,-0.1348009184173862,0.0,160,18611
RPM,g_id_entropy_norm,id_population,-0.1844357094254908,0.1844357094254908,0.1393910209904838,0.0,160,18611
RPM,g_id_concentration,id_population,0.1844357094254907,0.1844357094254907,-0.1393910209904838,0.0,160,18611
RPM,g_iat_std_across_ids,cross_id,-0.1518809628043622,0.1518809628043622,-0.2083899434577019,0.0,160,18611
RPM,g_n_frames,bus,0.0,0.0,,0.0,160,18611
RPM,g_new_id_count,id_population,0.0,0.0,,0.0,160,18611
gear,g_dlc_mean,bus,0.7888661538685479,0.7888661538685479,-0.3171249933532642,0.0,54,18439
gear,g_dlc_std,bus,-0.76335470449053,0.76335470449053,0.3171249933532642,0.2222222222222222,54,18439
gear,g_iat_min,bus,0.7104405884404874,0.7104405884404874,-0.1720190237392037,0.3518518518518518,54,18439
gear,g_iat_std_across_ids,cross_id,-0.6095710481698188,0.6095710481698188,0.0503932362293874,0.0,54,18439
gear,g_payload_std_across_ids,cross_id,-0.6044131418627375,0.6044131418627375,0.0862552853249896,0.1296296296296296,54,18439
gear,g_frame_rate,bus,-0.4228189081821819,0.4228189081821819,-0.3730663129243526,0.0,54,18439
gear,g_iat_mean,bus,0.4183654839874494,0.4183654839874494,0.3672809369909067,0.0,54,18439
gear,g_duration_s,bus,0.4127860360753955,0.4127860360753955,0.3730663129243526,0.0,54,18439
gear,g_bus_bytes_per_sec_proxy,bus,-0.411021356672707,0.411021356672707,-0.3870686133695692,0.0,54,18439
gear,g_n_unique_ids,id_population,-0.3360489831094157,0.3360489831094157,0.029717885942153,0.0,54,18439
gear,g_active_id_ratio,id_population,-0.3360489831094157,0.3360489831094157,0.029717885942153,0.0,54,18439
gear,g_iat_std,bus,0.2773173296873904,0.2773173296873904,0.1394233932434804,0.0,54,18439
gear,g_top3_id_frac,id_population,0.2548852813563209,0.2548852813563209,-0.3117847613169235,0.0,54,18439
gear,g_n_ids_above_5pct,id_population,-0.2460262712815842,0.2460262712815842,0.4486243772391398,0.0,54,18439
gear,g_dominant_id_frac,id_population,0.2257143274247628,0.2257143274247628,-0.3357452756976634,0.0,54,18439
gear,g_payload_bus_mean,bus,0.2237460956545514,0.2237460956545514,-0.324361428321114,0.0,54,18439
gear,g_freq_l1_to_calib,cross_id,0.207177483567772,0.207177483567772,-0.2998376540158542,0.0,54,18439
gear,g_burstiness,bus,0.165254262437526,0.165254262437526,-0.1011706301024013,0.0,54,18439
gear,g_id_dist_cosine_to_calib,cross_id,-0.1572159457220717,0.1572159457220717,0.3394313549677827,0.0,54,18439
gear,g_iat_median,bus,0.1534760660831465,0.1534760660831465,-0.2379652076079942,0.0,54,18439
gear,g_iat_cv,bus,0.1208114508191337,0.1208114508191337,-0.1011702652018191,0.0,54,18439
gear,g_id_entropy,id_population,-0.0461690759105317,0.0461690759105317,0.3160344672363327,0.0,54,18439
gear,g_id_entropy_norm,id_population,0.0268666384685976,0.0268666384685976,0.4318498064120683,0.0,54,18439
gear,g_id_concentration,id_population,-0.0268666384685975,0.0268666384685975,-0.4318498064120683,0.0,54,18439
gear,g_iat_max,bus,-0.0260541008839498,0.0260541008839498,-0.2778149119076049,0.0,54,18439
gear,g_id_count_cv,cross_id,0.020090972579914,0.020090972579914,-0.4321911546302125,0.0,54,18439
gear,g_n_frames,bus,0.0,0.0,,0.0,54,18439
gear,g_new_id_count,id_population,0.0,0.0,,0.0,54,18439
