experiment,source,target,model,id_mode,payload_mode,length,objective,backbone,attack,n_target,n_target_normal,n_target_attack,recall,precision,f1,roc_auc,pr_auc,source_threshold,source_validation_fpr,actual_fpr,tpr_at_1pct_fpr,tpr_at_5pct_fpr,detection_delay_s,detection_rate,delay_n_episodes
phase4_zero_shot,hcrl,road,can_tfm,none,byte,128,next_event,transformer,ALL,1324610,1251080,73530,0.2052903576771385,0.0498894467047185,0.080271417897947,0.5251470182230932,0.0680533152642639,3.2686493349075336,0.0100000840343196,0.2297806695015506,0.0177614579083367,0.0421324629402964,0.0104169845581054,5.161467921476868e-05,58123
phase4_zero_shot,hcrl,gem_can,can_tfm,none,byte,128,next_event,transformer,ALL,142240,100168,42072,0.2914052101159916,0.1090475682214395,0.1587055016181229,0.0215737403100422,0.1655351362324645,3.2686493349075336,0.0100000840343196,1.0,2.376877733409393e-05,0.0003327628826773,11.030999999999947,0.5060606060606061,330
phase4_zero_shot,hcrl,sonata,can_tfm,none,byte,128,next_event,transformer,ALL,473202,417381,55821,0.1825119578653195,0.4847043151434416,0.2651743883394065,0.6849997762878692,0.319091896354822,3.2686493349075336,0.0100000840343196,0.0259499114717727,0.1385858368714283,0.2258289890901273,0.0018324851989746,0.0275506031486403,39128
phase4_zero_shot,hcrl,kia_soul,can_tfm,none,byte,128,next_event,transformer,ALL,475996,436352,39644,0.387069922308546,0.1829420951608865,0.2484557531795698,0.5950879202332281,0.19128741716041,3.2686493349075336,0.0100000840343196,0.1570612716339102,0.0739834527292906,0.2457370598325093,0.0010321140289306,0.032252488938053,28928
phase4_zero_shot,hcrl,chevrolet_spark,can_tfm,none,byte,128,next_event,transformer,ALL,382270,346103,36167,0.0984046229988663,0.0660615510264691,0.0790528759120845,0.430986078367825,0.0785973911254438,3.2686493349075336,0.0100000840343196,0.1453757985339624,0.0006082893245223,0.0491055381978046,0.0015130043029785,0.0099968975145644,29009
phase4_zero_shot,road,hcrl,can_tfm,none,byte,128,next_event,transformer,ALL,475996,388751,87245,0.0973580147859476,0.2662195198395286,0.1425753875334659,0.626471456265959,0.2559787457810955,2.845913815498353,0.0100148771726114,0.0602236392961047,0.0467533956100636,0.0887271476875465,0.0110130310058593,0.0080170675200426,59997
phase4_zero_shot,road,gem_can,can_tfm,none,byte,128,next_event,transformer,ALL,142240,100168,42072,0.2894561703745959,0.1083972727110889,0.1577277260423007,0.1207809080734858,0.1736536120260502,2.845913815498353,0.0100148771726114,1.0,0.0,2.376877733409393e-05,11.030999999999947,0.5060606060606061,330
phase4_zero_shot,road,sonata,can_tfm,none,byte,128,next_event,transformer,ALL,473202,417381,55821,0.0436036617043764,0.1356442264823896,0.0659933572832644,0.530873329848598,0.1228896961780975,2.845913815498353,0.0100148771726114,0.0371602923947184,0.0140448934988624,0.0499991042797513,0.0019800662994384,0.0010989572684522,39128
phase4_zero_shot,road,kia_soul,can_tfm,none,byte,128,next_event,transformer,ALL,475996,436352,39644,0.1017808495610937,0.1141184456134396,0.1075971307431801,0.5490877760405188,0.100443278589159,2.845913815498353,0.0100148771726114,0.0717837892343795,0.0162950257289879,0.0753455756230451,0.0012475252151489,0.0007605088495575,28928
phase4_zero_shot,road,chevrolet_spark,can_tfm,none,byte,128,next_event,transformer,ALL,382270,346103,36167,0.0226173030663311,0.0446092599661885,0.0300161456039923,0.4643877186294418,0.081472535724446,2.845913815498353,0.0100148771726114,0.0506178796485439,0.0012442281637957,0.0222855088893189,0.0013489723205566,6.894412079009963e-05,29009
phase4_zero_shot,gem_can,hcrl,can_tfm,none,byte,128,next_event,transformer,ALL,475996,388751,87245,1.0,0.1832893553727342,0.3097963394000081,0.4231110228538529,0.1539311041779211,2.9664345264434813,0.0157480314960629,1.0,0.0,0.0283798498481288,0.0021948814392089,0.109838825274597,59997
phase4_zero_shot,gem_can,road,can_tfm,none,byte,128,next_event,transformer,ALL,1324610,1251080,73530,1.0,0.0555106786148375,0.1051825997396541,0.4955749536249449,0.054888501158282,2.9664345264434813,0.0157480314960629,1.0,0.007547939616483,0.0483612131102951,0.0010010004043579,5.161467921476868e-05,58123
phase4_zero_shot,gem_can,sonata,can_tfm,none,byte,128,next_event,transformer,ALL,473202,417381,55821,1.0,0.1179644211140274,0.2110343028563975,0.4546543410598785,0.101030207383632,2.9664345264434813,0.0157480314960629,1.0,0.0,0.0145106680281614,0.0012338161468505,0.1094101410754447,39128
phase4_zero_shot,gem_can,kia_soul,can_tfm,none,byte,128,next_event,transformer,ALL,475996,436352,39644,1.0,0.0832864141715476,0.1537661934683112,0.4371511241305594,0.0683959507837414,2.9664345264434813,0.0157480314960629,1.0,0.0,0.0093078397739884,0.0009829998016357,0.1056761615044247,28928
phase4_zero_shot,gem_can,chevrolet_spark,can_tfm,none,byte,128,next_event,transformer,ALL,382270,346103,36167,1.0,0.0946111387239385,0.1728671221713185,0.3255299695513233,0.0641387095150896,2.9664345264434813,0.0157480314960629,1.0,0.0,0.0,0.0013179779052734,0.0648419456030887,29009
phase4_zero_shot,sonata,hcrl,can_tfm,none,byte,128,next_event,transformer,ALL,475996,388751,87245,0.1415668519685942,0.4090005960659646,0.2103318205427313,0.7020620019456061,0.341111292155555,3.653420405387872,0.0100116879921259,0.0459085635792576,0.0479454409994842,0.1503467247406728,0.0108531713485717,0.0101338400253346,59997
phase4_zero_shot,sonata,road,can_tfm,none,byte,128,next_event,transformer,ALL,1324610,1251080,73530,0.2067455460356317,0.0640572394119307,0.097809547400828,0.5155148315570838,0.0689958681193069,3.653420405387872,0.0100116879921259,0.177540205262653,0.0231062151502788,0.0750985992112063,0.016535997390747,5.161467921476868e-05,58123
phase4_zero_shot,sonata,gem_can,can_tfm,none,byte,128,next_event,transformer,ALL,142240,100168,42072,0.2889094884959117,0.1082147022426395,0.15745328540432,0.2141426013823303,0.2028772503603757,3.653420405387872,0.0100116879921259,1.0,0.0,0.0029235596120935,11.030999999999947,0.5060606060606061,330
phase4_zero_shot,sonata,kia_soul,can_tfm,none,byte,128,next_event,transformer,ALL,475996,436352,39644,0.2891484209464232,0.2421266079462645,0.263556623403497,0.5720495077114839,0.1750797521621883,3.653420405387872,0.0100116879921259,0.0822271927251393,0.0662395318333165,0.2183937039652911,0.0011435747146606,0.0078816371681415,28928
phase4_zero_shot,sonata,chevrolet_spark,can_tfm,none,byte,128,next_event,transformer,ALL,382270,346103,36167,0.0679625072579976,0.0636375404530744,0.0657289549684458,0.438517178529083,0.0862776570660725,3.653420405387872,0.0100116879921259,0.1044977940092978,0.0165344098211076,0.0471700721652335,0.0013865232467651,0.0022062118652831,29009
phase4_zero_shot,kia_soul,hcrl,can_tfm,none,byte,128,next_event,transformer,ALL,475996,388751,87245,0.0835234110837297,0.5400177856825256,0.1446708821806847,0.6480556376316433,0.3186695581382357,4.048072071075434,0.0100070695497428,0.0159665184141005,0.0578142013868989,0.1825892601295203,0.0112087726593017,0.0056169475140423,59997
phase4_zero_shot,kia_soul,road,can_tfm,none,byte,128,next_event,transformer,ALL,1324610,1251080,73530,0.1019583843329253,0.1134928925019301,0.1074168797953964,0.5346269017068505,0.0858828315074732,4.048072071075434,0.0100070695497428,0.046807558269655,0.0362301101591187,0.1060247518019855,0.1389030218124389,5.161467921476868e-05,58123
phase4_zero_shot,kia_soul,gem_can,can_tfm,none,byte,128,next_event,transformer,ALL,142240,100168,42072,0.2892897889332573,0.1083417156998015,0.1576442092856079,0.1801962565506416,0.1857077422287917,4.048072071075434,0.0100070695497428,1.0,4.753755466818787e-05,0.0008556759840273,11.030999999999947,0.5060606060606061,330
phase4_zero_shot,kia_soul,sonata,can_tfm,none,byte,128,next_event,transformer,ALL,473202,417381,55821,0.0301320291646512,0.6067821067821068,0.0574130015530865,0.585703023142134,0.188073537997434,4.048072071075434,0.0100070695497428,0.0026115228053025,0.066032496730621,0.0959674674405689,0.0023500919342041,0.0006389286444489,39128
phase4_zero_shot,kia_soul,chevrolet_spark,can_tfm,none,byte,128,next_event,transformer,ALL,382270,346103,36167,0.0169768020571239,0.2779538252602987,0.0319991661455076,0.4648906511941219,0.090361998841542,4.048072071075434,0.0100070695497428,0.0046084547085694,0.0324328808029419,0.0554096275610363,0.0009880065917968,0.0001034161811851,29009
phase4_zero_shot,chevrolet_spark,hcrl,can_tfm,none,byte,128,next_event,transformer,ALL,475996,388751,87245,0.1026305232391541,0.4164263789414938,0.1646758071487029,0.5982452026633,0.2639653485803258,3.7008917069435103,0.0100112485939257,0.0322777304752913,0.0509714023726288,0.1178176399793684,0.0109291076660156,0.0084670900211677,59997
phase4_zero_shot,chevrolet_spark,road,can_tfm,none,byte,128,next_event,transformer,ALL,1324610,1251080,73530,0.1267917856657146,0.0876279454475388,0.1036332208778199,0.5591630808188308,0.0812097984814336,3.7008917069435103,0.0100112485939257,0.0775889631358506,0.0297293621651026,0.0961648306813545,0.0216590166091918,5.161467921476868e-05,58123
phase4_zero_shot,chevrolet_spark,gem_can,can_tfm,none,byte,128,next_event,transformer,ALL,142240,100168,42072,0.2886242631679026,0.1081194184006909,0.1573100665228684,0.0957979610702014,0.1706988043435638,3.7008917069435103,0.0100112485939257,1.0,0.0,0.0005466818786841,11.030999999999947,0.5060606060606061,330
phase4_zero_shot,chevrolet_spark,sonata,can_tfm,none,byte,128,next_event,transformer,ALL,473202,417381,55821,0.0742552086132459,0.3316265301224098,0.1213407494145199,0.513075817139513,0.1460843486868407,3.7008917069435103,0.0100112485939257,0.0200152857940347,0.0426004550258863,0.1094749287902402,0.0019809007644653,0.0052136577387037,39128
phase4_zero_shot,chevrolet_spark,kia_soul,can_tfm,none,byte,128,next_event,transformer,ALL,475996,436352,39644,0.1548027444253859,0.211452985563174,0.178746705113082,0.5486828280482781,0.1325307412029976,3.7008917069435103,0.0100112485939257,0.0524484819595189,0.0536525073151044,0.1496317223287256,0.0013799667358398,0.0037679756637168,28928
